[2026-09-08 18:55:31] This is codeql database analyze ./codeSql codeql/python-queries:codeql-suites/python-security-extended.qls --format=sarif-latest --output=results/resultados_codeql.sarif
[2026-09-08 18:55:31] Log file was started late.
[2026-09-08 18:55:31] [PROGRESS] database analyze> Running queries.
[2026-09-08 18:55:31] Running plumbing command: codeql database run-queries --evaluator-log-level=5 --warnings=show --qlconfig-file=D:\Repositorios\VulnerableApp\qlconfig.yml --dynamic-join-order-mode=none --no-rerun -- D:\Repositorios\VulnerableApp\codeSql codeql/python-queries:codeql-suites/python-security-extended.qls
[2026-09-08 18:55:31] Calling plumbing command: codeql resolve ram --dataset=D:\Repositorios\VulnerableApp\codeSql\db-python --format=json
[2026-09-08 18:55:31] Plumbing command codeql resolve ram completed:
                      [
                        "-J-Xmx1800M",
                        "--off-heap-ram=1583"
                      ]
[2026-09-08 18:55:31] Spawning plumbing command: execute queries -J-Xmx1800M --off-heap-ram=1583 --verbosity=progress --logdir=D:\Repositorios\VulnerableApp\codeSql\log --evaluator-log-level=5 --warnings=show --qlconfig-file=D:\Repositorios\VulnerableApp\qlconfig.yml --dynamic-join-order-mode=none --no-rerun --output=D:\Repositorios\VulnerableApp\codeSql\results -- D:\Repositorios\VulnerableApp\codeSql\db-python codeql/python-queries:codeql-suites/python-security-extended.qls
[2026-09-08 18:55:46] Plumbing command codeql execute queries terminated with status 0.
[2026-09-08 18:55:46] Plumbing command codeql database run-queries completed with status 0.
[2026-09-08 18:55:46] [PROGRESS] database analyze> Interpreting results.
[2026-09-08 18:55:46] Running plumbing command: codeql database interpret-results --format=sarif-latest -o=D:\Repositorios\VulnerableApp\results\resultados_codeql.sarif --max-paths=4 --csv-location-format=line-column --print-diagnostics-summary --print-metrics-summary --qlconfig-file=D:\Repositorios\VulnerableApp\qlconfig.yml -- D:\Repositorios\VulnerableApp\codeSql codeql/python-queries:codeql-suites/python-security-extended.qls
[2026-09-08 18:55:46] Calling plumbing command: codeql resolve queries --qlconfig-file=D:\Repositorios\VulnerableApp\qlconfig.yml --format=json -- codeql/python-queries:codeql-suites/python-security-extended.qls
[2026-09-08 18:55:46] [PROGRESS] resolve queries> Recording pack reference codeql/python-queries at C:\Users\rafar\.codeql\packages\codeql\python-queries\1.8.9.
[2026-09-08 18:55:46] [SPAMMIER] resolve queries> Resolution instruction: apply 'codeql-suites\python-security-extended.qls'.
[2026-09-08 18:55:46] [SPAMMY] resolve queries> Applying nested suite file C:\Users\rafar\.codeql\packages\codeql\python-queries\1.8.9\codeql-suites\python-security-extended.qls from codeql/python-queries.
[2026-09-08 18:55:46] [SPAMMY] resolve queries> Suite description = Security-extended queries for Python
[2026-09-08 18:55:46] [SPAMMIER] resolve queries> Resolution instruction: queries '.'.
[2026-09-08 18:55:46] [SPAMMY] resolve queries> Scanning for QL files at C:\Users\rafar\.codeql\packages\codeql\python-queries\1.8.9.
[2026-09-08 18:55:46] [SPAMMY] resolve queries> Not recursing into codeql binaries directory C:\Users\rafar\.codeql\packages\codeql\python-queries\1.8.9\.codeql.
[2026-09-08 18:55:46] [SPAMMY] resolve queries> Found 352 QL files in C:\Users\rafar\.codeql\packages\codeql\python-queries\1.8.9.
[2026-09-08 18:55:46] [SPAMMIER] resolve queries> Resolution instruction: apply 'security-extended-selectors.yml'.
[2026-09-08 18:55:46] [INCOMPATIBILITY] codeql/python-queries: not 1.8.9 {root: codeql/python-queries@1.8.9}
[2026-09-08 18:55:46] [DERIVATION] codeql/python-queries: 1.8.9 {codeql/python-queries: not 1.8.9 {root: codeql/python-queries@1.8.9}}
[2026-09-08 18:55:46] [INCOMPATIBILITY] codeql/python-queries: * [*], codeql/python-all: not * [*] {dependency: codeql/python-queries@* [*] requires codeql/python-all@7.2.4}
[2026-09-08 18:55:46] [INCOMPATIBILITY] codeql/python-queries: * [*], codeql/suite-helpers: not * [*] {dependency: codeql/python-queries@* [*] requires codeql/suite-helpers@1.0.56}
[2026-09-08 18:55:46] [DECISION 1] codeql/python-queries: 1.8.9
[2026-09-08 18:55:46] [DERIVATION] codeql/suite-helpers: * [*] {codeql/python-queries: * [*], codeql/suite-helpers: not * [*] {dependency: codeql/python-queries@* [*] requires codeql/suite-helpers@1.0.56}}
[2026-09-08 18:55:46] [DERIVATION] codeql/python-all: * [*] {codeql/python-queries: * [*], codeql/python-all: not * [*] {dependency: codeql/python-queries@* [*] requires codeql/python-all@7.2.4}}
[2026-09-08 18:55:46] [INCOMPATIBILITY] codeql/python-all: * [*], codeql/concepts: not * [*] {dependency: codeql/python-all@* [*] requires codeql/concepts@0.0.30}
[2026-09-08 18:55:46] [INCOMPATIBILITY] codeql/python-all: * [*], codeql/dataflow: not * [*] {dependency: codeql/python-all@* [*] requires codeql/dataflow@2.1.12}
[2026-09-08 18:55:46] [INCOMPATIBILITY] codeql/python-all: * [*], codeql/mad: not * [*] {dependency: codeql/python-all@* [*] requires codeql/mad@1.0.56}
[2026-09-08 18:55:46] [INCOMPATIBILITY] codeql/python-all: * [*], codeql/regex: not * [*] {dependency: codeql/python-all@* [*] requires codeql/regex@1.0.56}
[2026-09-08 18:55:46] [INCOMPATIBILITY] codeql/python-all: * [*], codeql/threat-models: not * [*] {dependency: codeql/python-all@* [*] requires codeql/threat-models@1.0.56}
[2026-09-08 18:55:46] [INCOMPATIBILITY] codeql/python-all: * [*], codeql/tutorial: not * [*] {dependency: codeql/python-all@* [*] requires codeql/tutorial@1.0.56}
[2026-09-08 18:55:46] [INCOMPATIBILITY] codeql/python-all: * [*], codeql/util: not * [*] {dependency: codeql/python-all@* [*] requires codeql/util@2.0.43}
[2026-09-08 18:55:46] [INCOMPATIBILITY] codeql/python-all: * [*], codeql/xml: not * [*] {dependency: codeql/python-all@* [*] requires codeql/xml@1.0.56}
[2026-09-08 18:55:46] [INCOMPATIBILITY] codeql/python-all: * [*], codeql/yaml: not * [*] {dependency: codeql/python-all@* [*] requires codeql/yaml@1.0.56}
[2026-09-08 18:55:46] [DECISION 2] codeql/python-all: 7.2.4
[2026-09-08 18:55:46] [DERIVATION] codeql/yaml: * [*] {codeql/python-all: * [*], codeql/yaml: not * [*] {dependency: codeql/python-all@* [*] requires codeql/yaml@1.0.56}}
[2026-09-08 18:55:46] [DERIVATION] codeql/xml: * [*] {codeql/python-all: * [*], codeql/xml: not * [*] {dependency: codeql/python-all@* [*] requires codeql/xml@1.0.56}}
[2026-09-08 18:55:46] [DERIVATION] codeql/util: * [*] {codeql/python-all: * [*], codeql/util: not * [*] {dependency: codeql/python-all@* [*] requires codeql/util@2.0.43}}
[2026-09-08 18:55:46] [DERIVATION] codeql/tutorial: * [*] {codeql/python-all: * [*], codeql/tutorial: not * [*] {dependency: codeql/python-all@* [*] requires codeql/tutorial@1.0.56}}
[2026-09-08 18:55:46] [DERIVATION] codeql/threat-models: * [*] {codeql/python-all: * [*], codeql/threat-models: not * [*] {dependency: codeql/python-all@* [*] requires codeql/threat-models@1.0.56}}
[2026-09-08 18:55:46] [DERIVATION] codeql/regex: * [*] {codeql/python-all: * [*], codeql/regex: not * [*] {dependency: codeql/python-all@* [*] requires codeql/regex@1.0.56}}
[2026-09-08 18:55:46] [DERIVATION] codeql/mad: * [*] {codeql/python-all: * [*], codeql/mad: not * [*] {dependency: codeql/python-all@* [*] requires codeql/mad@1.0.56}}
[2026-09-08 18:55:46] [DERIVATION] codeql/dataflow: * [*] {codeql/python-all: * [*], codeql/dataflow: not * [*] {dependency: codeql/python-all@* [*] requires codeql/dataflow@2.1.12}}
[2026-09-08 18:55:46] [DERIVATION] codeql/concepts: * [*] {codeql/python-all: * [*], codeql/concepts: not * [*] {dependency: codeql/python-all@* [*] requires codeql/concepts@0.0.30}}
[2026-09-08 18:55:46] [INCOMPATIBILITY] codeql/concepts: * [*], codeql/dataflow: not * [*] {dependency: codeql/concepts@* [*] requires codeql/dataflow@2.1.12}
[2026-09-08 18:55:46] [INCOMPATIBILITY] codeql/concepts: * [*], codeql/util: not * [*] {dependency: codeql/concepts@* [*] requires codeql/util@2.0.43}
[2026-09-08 18:55:46] [DECISION 3] codeql/concepts: 0.0.30
[2026-09-08 18:55:46] [INCOMPATIBILITY] codeql/dataflow: * [*], codeql/controlflow: not * [*] {dependency: codeql/dataflow@* [*] requires codeql/controlflow@2.0.40}
[2026-09-08 18:55:46] [INCOMPATIBILITY] codeql/dataflow: * [*], codeql/ssa: not * [*] {dependency: codeql/dataflow@* [*] requires codeql/ssa@2.0.32}
[2026-09-08 18:55:46] [INCOMPATIBILITY] codeql/dataflow: * [*], codeql/typetracking: not * [*] {dependency: codeql/dataflow@* [*] requires codeql/typetracking@2.0.40}
[2026-09-08 18:55:46] [INCOMPATIBILITY] codeql/dataflow: * [*], codeql/util: not * [*] {dependency: codeql/dataflow@* [*] requires codeql/util@2.0.43}
[2026-09-08 18:55:46] [DECISION 4] codeql/dataflow: 2.1.12
[2026-09-08 18:55:46] [DERIVATION] codeql/typetracking: * [*] {codeql/dataflow: * [*], codeql/typetracking: not * [*] {dependency: codeql/dataflow@* [*] requires codeql/typetracking@2.0.40}}
[2026-09-08 18:55:46] [DERIVATION] codeql/ssa: * [*] {codeql/dataflow: * [*], codeql/ssa: not * [*] {dependency: codeql/dataflow@* [*] requires codeql/ssa@2.0.32}}
[2026-09-08 18:55:46] [DERIVATION] codeql/controlflow: * [*] {codeql/dataflow: * [*], codeql/controlflow: not * [*] {dependency: codeql/dataflow@* [*] requires codeql/controlflow@2.0.40}}
[2026-09-08 18:55:46] [INCOMPATIBILITY] codeql/controlflow: * [*], codeql/util: not * [*] {dependency: codeql/controlflow@* [*] requires codeql/util@2.0.43}
[2026-09-08 18:55:46] [DECISION 5] codeql/controlflow: 2.0.40
[2026-09-08 18:55:46] [INCOMPATIBILITY] codeql/mad: * [*], codeql/dataflow: not * [*] {dependency: codeql/mad@* [*] requires codeql/dataflow@2.1.12}
[2026-09-08 18:55:46] [INCOMPATIBILITY] codeql/mad: * [*], codeql/util: not * [*] {dependency: codeql/mad@* [*] requires codeql/util@2.0.43}
[2026-09-08 18:55:46] [DECISION 6] codeql/mad: 1.0.56
[2026-09-08 18:55:46] [INCOMPATIBILITY] codeql/regex: * [*], codeql/util: not * [*] {dependency: codeql/regex@* [*] requires codeql/util@2.0.43}
[2026-09-08 18:55:46] [DECISION 7] codeql/regex: 1.0.56
[2026-09-08 18:55:46] [INCOMPATIBILITY] codeql/ssa: * [*], codeql/controlflow: not * [*] {dependency: codeql/ssa@* [*] requires codeql/controlflow@2.0.40}
[2026-09-08 18:55:46] [INCOMPATIBILITY] codeql/ssa: * [*], codeql/util: not * [*] {dependency: codeql/ssa@* [*] requires codeql/util@2.0.43}
[2026-09-08 18:55:46] [DECISION 8] codeql/ssa: 2.0.32
[2026-09-08 18:55:46] [DECISION 9] codeql/suite-helpers: 1.0.56
[2026-09-08 18:55:46] [DECISION 10] codeql/threat-models: 1.0.56
[2026-09-08 18:55:46] [DECISION 11] codeql/tutorial: 1.0.56
[2026-09-08 18:55:46] [INCOMPATIBILITY] codeql/typetracking: * [*], codeql/util: not * [*] {dependency: codeql/typetracking@* [*] requires codeql/util@2.0.43}
[2026-09-08 18:55:46] [DECISION 12] codeql/typetracking: 2.0.40
[2026-09-08 18:55:46] [DECISION 13] codeql/util: 2.0.43
[2026-09-08 18:55:46] [INCOMPATIBILITY] codeql/xml: * [*], codeql/util: not * [*] {dependency: codeql/xml@* [*] requires codeql/util@2.0.43}
[2026-09-08 18:55:46] [DECISION 14] codeql/xml: 1.0.56
[2026-09-08 18:55:46] [DECISION 15] codeql/yaml: 1.0.56
[2026-09-08 18:55:46] [PROGRESS] resolve queries> Recording pack reference codeql/suite-helpers at C:\Users\rafar\.codeql\packages\codeql\python-queries\1.8.9\.codeql\libraries\codeql\suite-helpers\1.0.56.
[2026-09-08 18:55:46] [SPAMMY] resolve queries> Applying nested suite file C:\Users\rafar\.codeql\packages\codeql\python-queries\1.8.9\.codeql\libraries\codeql\suite-helpers\1.0.56\security-extended-selectors.yml from codeql/suite-helpers.
[2026-09-08 18:55:46] [SPAMMY] resolve queries> Suite description = Selectors for selecting the security-extended queries for a language
[2026-09-08 18:55:46] [SPAMMIER] resolve queries> Resolution instruction: include.
[2026-09-08 18:55:46] [SPAMMY] resolve queries> Query Filter: Implicitly candidating C:\Users\rafar\.codeql\packages\codeql\python-queries\1.8.9\AlertSuppression.ql.
[2026-09-08 18:55:46] [SPAMMY] resolve queries> Query Filter: Implicitly candidating C:\Users\rafar\.codeql\packages\codeql\python-queries\1.8.9\analysis\CallGraphEfficiency.ql.
[2026-09-08 18:55:46] [SPAMMY] resolve queries> Query Filter: Implicitly candidating C:\Users\rafar\.codeql\packages\codeql\python-queries\1.8.9\analysis\CallGraphMarginalEfficiency.ql.
[2026-09-08 18:55:46] [SPAMMY] resolve queries> Query Filter: Implicitly candidating C:\Users\rafar\.codeql\packages\codeql\python-queries\1.8.9\analysis\Consistency.ql.
[2026-09-08 18:55:46] [SPAMMY] resolve queries> Query Filter: Implicitly candidating C:\Users\rafar\.codeql\packages\codeql\python-queries\1.8.9\analysis\ContextEfficiency.ql.
[2026-09-08 18:55:46] [SPAMMY] resolve queries> Query Filter: Implicitly candidating C:\Users\rafar\.codeql\packages\codeql\python-queries\1.8.9\analysis\ContextMarginalEfficiency.ql.
[2026-09-08 18:55:46] [SPAMMY] resolve queries> Query Filter: Implicitly candidating C:\Users\rafar\.codeql\packages\codeql\python-queries\1.8.9\analysis\Definitions.ql.
[2026-09-08 18:55:46] [SPAMMY] resolve queries> Query Filter: Implicitly candidating C:\Users\rafar\.codeql\packages\codeql\python-queries\1.8.9\analysis\Efficiency.ql.
[2026-09-08 18:55:46] [SPAMMY] resolve queries> Query Filter: Implicitly candidating C:\Users\rafar\.codeql\packages\codeql\python-queries\1.8.9\analysis\FailedInference.ql.
[2026-09-08 18:55:46] [SPAMMY] resolve queries> Query Filter: Implicitly candidating C:\Users\rafar\.codeql\packages\codeql\python-queries\1.8.9\analysis\ImportFailure.ql.
[2026-09-08 18:55:46] [SPAMMY] resolve queries> Query Filter: Implicitly candidating C:\Users\rafar\.codeql\packages\codeql\python-queries\1.8.9\analysis\KeyPointsToFailure.ql.
[2026-09-08 18:55:46] [SPAMMY] resolve queries> Query Filter: Implicitly candidating C:\Users\rafar\.codeql\packages\codeql\python-queries\1.8.9\analysis\PointsToFailure.ql.
[2026-09-08 18:55:46] [SPAMMY] resolve queries> Query Filter: Implicitly candidating C:\Users\rafar\.codeql\packages\codeql\python-queries\1.8.9\analysis\Pruned.ql.
[2026-09-08 18:55:46] [SPAMMY] resolve queries> Query Filter: Implicitly candidating C:\Users\rafar\.codeql\packages\codeql\python-queries\1.8.9\analysis\RatioOfDefinitions.ql.
[2026-09-08 18:55:46] [SPAMMY] resolve queries> Query Filter: Implicitly candidating C:\Users\rafar\.codeql\packages\codeql\python-queries\1.8.9\analysis\Summary.ql.
[2026-09-08 18:55:46] [SPAMMY] resolve queries> Query Filter: Implicitly candidating C:\Users\rafar\.codeql\packages\codeql\python-queries\1.8.9\analysis\TypeHierarchyFailure.ql.
[2026-09-08 18:55:46] [SPAMMY] resolve queries> Query Filter: Implicitly candidating C:\Users\rafar\.codeql\packages\codeql\python-queries\1.8.9\analysis\TypeInferenceFailure.ql.
[2026-09-08 18:55:46] [SPAMMY] resolve queries> Query Filter: Implicitly candidating C:\Users\rafar\.codeql\packages\codeql\python-queries\1.8.9\Classes\CallsToInitDel\MissingCallToDel.ql.
[2026-09-08 18:55:46] [SPAMMY] resolve queries> Query Filter: Implicitly candidating C:\Users\rafar\.codeql\packages\codeql\python-queries\1.8.9\Classes\CallsToInitDel\MissingCallToInit.ql.
[2026-09-08 18:55:46] [SPAMMY] resolve queries> Query Filter: Implicitly candidating C:\Users\rafar\.codeql\packages\codeql\python-queries\1.8.9\Classes\CallsToInitDel\SuperclassDelCalledMultipleTimes.ql.
[2026-09-08 18:55:46] [SPAMMY] resolve queries> Query Filter: Implicitly candidating C:\Users\rafar\.codeql\packages\codeql\python-queries\1.8.9\Classes\CallsToInitDel\SuperclassInitCalledMultipleTimes.ql.
[2026-09-08 18:55:46] [SPAMMY] resolve queries> Query Filter: Implicitly candidating C:\Users\rafar\.codeql\packages\codeql\python-queries\1.8.9\Classes\Comparisons\EqualsOrHash.ql.
[2026-09-08 18:55:46] [SPAMMY] resolve queries> Query Filter: Implicitly candidating C:\Users\rafar\.codeql\packages\codeql\python-queries\1.8.9\Classes\Comparisons\EqualsOrNotEquals.ql.
[2026-09-08 18:55:46] [SPAMMY] resolve queries> Query Filter: Implicitly candidating C:\Users\rafar\.codeql\packages\codeql\python-queries\1.8.9\Classes\Comparisons\IncompleteOrdering.ql.
[2026-09-08 18:55:46] [SPAMMY] resolve queries> Query Filter: Implicitly candidating C:\Users\rafar\.codeql\packages\codeql\python-queries\1.8.9\Classes\ConflictingAttributesInBaseClasses.ql.
[2026-09-08 18:55:46] [SPAMMY] resolve queries> Query Filter: Implicitly candidating C:\Users\rafar\.codeql\packages\codeql\python-queries\1.8.9\Classes\DefineEqualsWhenAddingAttributes.ql.
[2026-09-08 18:55:46] [SPAMMY] resolve queries> Query Filter: Implicitly candidating C:\Users\rafar\.codeql\packages\codeql\python-queries\1.8.9\Classes\InconsistentMRO.ql.
[2026-09-08 18:55:46] [SPAMMY] resolve queries> Query Filter: Implicitly candidating C:\Users\rafar\.codeql\packages\codeql\python-queries\1.8.9\Classes\InitCallsSubclass\InitCallsSubclassMethod.ql.
[2026-09-08 18:55:46] [SPAMMY] resolve queries> Query Filter: Implicitly candidating C:\Users\rafar\.codeql\packages\codeql\python-queries\1.8.9\Classes\MaybeUndefinedClassAttribute.ql.
[2026-09-08 18:55:46] [SPAMMY] resolve queries> Query Filter: Implicitly candidating C:\Users\rafar\.codeql\packages\codeql\python-queries\1.8.9\Classes\MutatingDescriptor.ql.
[2026-09-08 18:55:46] [SPAMMY] resolve queries> Query Filter: Implicitly candidating C:\Users\rafar\.codeql\packages\codeql\python-queries\1.8.9\Classes\OverwritingAttributeInSuperClass.ql.
[2026-09-08 18:55:46] [SPAMMY] resolve queries> Query Filter: Implicitly candidating C:\Users\rafar\.codeql\packages\codeql\python-queries\1.8.9\Classes\PropertyInOldStyleClass.ql.
[2026-09-08 18:55:46] [SPAMMY] resolve queries> Query Filter: Implicitly candidating C:\Users\rafar\.codeql\packages\codeql\python-queries\1.8.9\Classes\ShouldBeContextManager.ql.
[2026-09-08 18:55:46] [SPAMMY] resolve queries> Query Filter: Implicitly candidating C:\Users\rafar\.codeql\packages\codeql\python-queries\1.8.9\Classes\SlotsInOldStyleClass.ql.
[2026-09-08 18:55:46] [SPAMMY] resolve queries> Query Filter: Implicitly candidating C:\Users\rafar\.codeql\packages\codeql\python-queries\1.8.9\Classes\SubclassShadowing\SubclassShadowing.ql.
[2026-09-08 18:55:46] [SPAMMY] resolve queries> Query Filter: Implicitly candidating C:\Users\rafar\.codeql\packages\codeql\python-queries\1.8.9\Classes\SuperInOldStyleClass.ql.
[2026-09-08 18:55:46] [SPAMMY] resolve queries> Query Filter: Implicitly candidating C:\Users\rafar\.codeql\packages\codeql\python-queries\1.8.9\Classes\UndefinedClassAttribute.ql.
[2026-09-08 18:55:46] [SPAMMY] resolve queries> Query Filter: Implicitly candidating C:\Users\rafar\.codeql\packages\codeql\python-queries\1.8.9\Classes\UselessClass.ql.
[2026-09-08 18:55:46] [SPAMMY] resolve queries> Query Filter: Implicitly candidating C:\Users\rafar\.codeql\packages\codeql\python-queries\1.8.9\Classes\WrongNameForArgumentInClassInstantiation.ql.
[2026-09-08 18:55:46] [SPAMMY] resolve queries> Query Filter: Implicitly candidating C:\Users\rafar\.codeql\packages\codeql\python-queries\1.8.9\Classes\WrongNumberArgumentsInClassInstantiation.ql.
[2026-09-08 18:55:46] [SPAMMY] resolve queries> Query Filter: Implicitly candidating C:\Users\rafar\.codeql\packages\codeql\python-queries\1.8.9\Diagnostics\ExtractedFiles.ql.
[2026-09-08 18:55:46] [SPAMMY] resolve queries> Query Filter: Implicitly candidating C:\Users\rafar\.codeql\packages\codeql\python-queries\1.8.9\Diagnostics\ExtractionWarnings.ql.
[2026-09-08 18:55:46] [SPAMMY] resolve queries> Query Filter: Implicitly candidating C:\Users\rafar\.codeql\packages\codeql\python-queries\1.8.9\Exceptions\CatchingBaseException.ql.
[2026-09-08 18:55:46] [SPAMMY] resolve queries> Query Filter: Implicitly candidating C:\Users\rafar\.codeql\packages\codeql\python-queries\1.8.9\Exceptions\EmptyExcept.ql.
[2026-09-08 18:55:46] [SPAMMY] resolve queries> Query Filter: Implicitly candidating C:\Users\rafar\.codeql\packages\codeql\python-queries\1.8.9\Exceptions\IllegalExceptionHandlerType.ql.
[2026-09-08 18:55:46] [SPAMMY] resolve queries> Query Filter: Implicitly candidating C:\Users\rafar\.codeql\packages\codeql\python-queries\1.8.9\Exceptions\IllegalRaise.ql.
[2026-09-08 18:55:46] [SPAMMY] resolve queries> Query Filter: Implicitly candidating C:\Users\rafar\.codeql\packages\codeql\python-queries\1.8.9\Exceptions\IncorrectExceptOrder.ql.
[2026-09-08 18:55:46] [SPAMMY] resolve queries> Query Filter: Implicitly candidating C:\Users\rafar\.codeql\packages\codeql\python-queries\1.8.9\Exceptions\NotImplementedIsNotAnException.ql.
[2026-09-08 18:55:46] [SPAMMY] resolve queries> Query Filter: Implicitly candidating C:\Users\rafar\.codeql\packages\codeql\python-queries\1.8.9\Exceptions\RaisingTuple.ql.
[2026-09-08 18:55:46] [SPAMMY] resolve queries> Query Filter: Implicitly candidating C:\Users\rafar\.codeql\packages\codeql\python-queries\1.8.9\Exceptions\UnguardedNextInGenerator.ql.
[2026-09-08 18:55:46] [SPAMMY] resolve queries> Query Filter: Implicitly candidating C:\Users\rafar\.codeql\packages\codeql\python-queries\1.8.9\experimental\Classes\NamingConventionsClasses.ql.
[2026-09-08 18:55:46] [SPAMMY] resolve queries> Query Filter: Implicitly candidating C:\Users\rafar\.codeql\packages\codeql\python-queries\1.8.9\experimental\cryptography\example_alerts\UnknownAsymmetricKeyGen.ql.
[2026-09-08 18:55:46] [SPAMMY] resolve queries> Query Filter: Implicitly candidating C:\Users\rafar\.codeql\packages\codeql\python-queries\1.8.9\experimental\cryptography\example_alerts\WeakAsymmetricKeyGen.ql.
[2026-09-08 18:55:46] [SPAMMY] resolve queries> Query Filter: Implicitly candidating C:\Users\rafar\.codeql\packages\codeql\python-queries\1.8.9\experimental\cryptography\example_alerts\WeakAsymmetricPadding.ql.
[2026-09-08 18:55:46] [SPAMMY] resolve queries> Query Filter: Implicitly candidating C:\Users\rafar\.codeql\packages\codeql\python-queries\1.8.9\experimental\cryptography\example_alerts\WeakBlockMode.ql.
[2026-09-08 18:55:46] [SPAMMY] resolve queries> Query Filter: Implicitly candidating C:\Users\rafar\.codeql\packages\codeql\python-queries\1.8.9\experimental\cryptography\example_alerts\WeakBlockModeIVorNonce.ql.
[2026-09-08 18:55:46] [SPAMMY] resolve queries> Query Filter: Implicitly candidating C:\Users\rafar\.codeql\packages\codeql\python-queries\1.8.9\experimental\cryptography\example_alerts\WeakEllipticCurve.ql.
[2026-09-08 18:55:46] [SPAMMY] resolve queries> Query Filter: Implicitly candidating C:\Users\rafar\.codeql\packages\codeql\python-queries\1.8.9\experimental\cryptography\example_alerts\WeakHashes.ql.
[2026-09-08 18:55:46] [SPAMMY] resolve queries> Query Filter: Implicitly candidating C:\Users\rafar\.codeql\packages\codeql\python-queries\1.8.9\experimental\cryptography\example_alerts\WeakKDFAlgorithm.ql.
[2026-09-08 18:55:46] [SPAMMY] resolve queries> Query Filter: Implicitly candidating C:\Users\rafar\.codeql\packages\codeql\python-queries\1.8.9\experimental\cryptography\example_alerts\WeakKDFIteration.ql.
[2026-09-08 18:55:46] [SPAMMY] resolve queries> Query Filter: Implicitly candidating C:\Users\rafar\.codeql\packages\codeql\python-queries\1.8.9\experimental\cryptography\example_alerts\WeakKDFKeyLength.ql.
[2026-09-08 18:55:46] [SPAMMY] resolve queries> Query Filter: Implicitly candidating C:\Users\rafar\.codeql\packages\codeql\python-queries\1.8.9\experimental\cryptography\example_alerts\WeakKDFMode.ql.
[2026-09-08 18:55:46] [SPAMMY] resolve queries> Query Filter: Implicitly candidating C:\Users\rafar\.codeql\packages\codeql\python-queries\1.8.9\experimental\cryptography\example_alerts\WeakKDFSaltGen.ql.
[2026-09-08 18:55:46] [SPAMMY] resolve queries> Query Filter: Implicitly candidating C:\Users\rafar\.codeql\packages\codeql\python-queries\1.8.9\experimental\cryptography\example_alerts\WeakKDFSaltSize.ql.
[2026-09-08 18:55:46] [SPAMMY] resolve queries> Query Filter: Implicitly candidating C:\Users\rafar\.codeql\packages\codeql\python-queries\1.8.9\experimental\cryptography\example_alerts\WeakSymmetricEncryption.ql.
[2026-09-08 18:55:46] [SPAMMY] resolve queries> Query Filter: Implicitly candidating C:\Users\rafar\.codeql\packages\codeql\python-queries\1.8.9\experimental\cryptography\inventory\new_models\AllAsymmetricAlgorithms.ql.
[2026-09-08 18:55:46] [SPAMMY] resolve queries> Query Filter: Implicitly candidating C:\Users\rafar\.codeql\packages\codeql\python-queries\1.8.9\experimental\cryptography\inventory\new_models\AllCryptoAlgorithms.ql.
[2026-09-08 18:55:46] [SPAMMY] resolve queries> Query Filter: Implicitly candidating C:\Users\rafar\.codeql\packages\codeql\python-queries\1.8.9\experimental\cryptography\inventory\new_models\AsymmetricEncryptionAlgorithms.ql.
[2026-09-08 18:55:46] [SPAMMY] resolve queries> Query Filter: Implicitly candidating C:\Users\rafar\.codeql\packages\codeql\python-queries\1.8.9\experimental\cryptography\inventory\new_models\AsymmetricKeyGenOperation.ql.
[2026-09-08 18:55:46] [SPAMMY] resolve queries> Query Filter: Implicitly candidating C:\Users\rafar\.codeql\packages\codeql\python-queries\1.8.9\experimental\cryptography\inventory\new_models\AsymmetricPaddingAlgorithms.ql.
[2026-09-08 18:55:46] [SPAMMY] resolve queries> Query Filter: Implicitly candidating C:\Users\rafar\.codeql\packages\codeql\python-queries\1.8.9\experimental\cryptography\inventory\new_models\AuthenticatedEncryptionAlgorithms.ql.
[2026-09-08 18:55:46] [SPAMMY] resolve queries> Query Filter: Implicitly candidating C:\Users\rafar\.codeql\packages\codeql\python-queries\1.8.9\experimental\cryptography\inventory\new_models\BlockModeAlgorithms.ql.
[2026-09-08 18:55:46] [SPAMMY] resolve queries> Query Filter: Implicitly candidating C:\Users\rafar\.codeql\packages\codeql\python-queries\1.8.9\experimental\cryptography\inventory\new_models\BlockModeKnownIVsOrNonces.ql.
[2026-09-08 18:55:46] [SPAMMY] resolve queries> Query Filter: Implicitly candidating C:\Users\rafar\.codeql\packages\codeql\python-queries\1.8.9\experimental\cryptography\inventory\new_models\BlockModeUnknownIVsOrNonces.ql.
[2026-09-08 18:55:46] [SPAMMY] resolve queries> Query Filter: Implicitly candidating C:\Users\rafar\.codeql\packages\codeql\python-queries\1.8.9\experimental\cryptography\inventory\new_models\EllipticCurveAlgorithms.ql.
[2026-09-08 18:55:46] [SPAMMY] resolve queries> Query Filter: Implicitly candidating C:\Users\rafar\.codeql\packages\codeql\python-queries\1.8.9\experimental\cryptography\inventory\new_models\HashingAlgorithms.ql.
[2026-09-08 18:55:46] [SPAMMY] resolve queries> Query Filter: Implicitly candidating C:\Users\rafar\.codeql\packages\codeql\python-queries\1.8.9\experimental\cryptography\inventory\new_models\KeyDerivationAlgorithms.ql.
[2026-09-08 18:55:46] [SPAMMY] resolve queries> Query Filter: Implicitly candidating C:\Users\rafar\.codeql\packages\codeql\python-queries\1.8.9\experimental\cryptography\inventory\new_models\KeyExchangeAlgorithms.ql.
[2026-09-08 18:55:46] [SPAMMY] resolve queries> Query Filter: Implicitly candidating C:\Users\rafar\.codeql\packages\codeql\python-queries\1.8.9\experimental\cryptography\inventory\new_models\SigningAlgorithms.ql.
[2026-09-08 18:55:46] [SPAMMY] resolve queries> Query Filter: Implicitly candidating C:\Users\rafar\.codeql\packages\codeql\python-queries\1.8.9\experimental\cryptography\inventory\new_models\SymmetricEncryptionAlgorithms.ql.
[2026-09-08 18:55:46] [SPAMMY] resolve queries> Query Filter: Implicitly candidating C:\Users\rafar\.codeql\packages\codeql\python-queries\1.8.9\experimental\cryptography\inventory\new_models\SymmetricPaddingAlgorithms.ql.
[2026-09-08 18:55:46] [SPAMMY] resolve queries> Query Filter: Implicitly candidating C:\Users\rafar\.codeql\packages\codeql\python-queries\1.8.9\experimental\cryptography\inventory\old_models\AllCryptoAlgorithms.ql.
[2026-09-08 18:55:46] [SPAMMY] resolve queries> Query Filter: Implicitly candidating C:\Users\rafar\.codeql\packages\codeql\python-queries\1.8.9\experimental\cryptography\inventory\old_models\BlockModeAlgorithms.ql.
[2026-09-08 18:55:46] [SPAMMY] resolve queries> Query Filter: Implicitly candidating C:\Users\rafar\.codeql\packages\codeql\python-queries\1.8.9\experimental\cryptography\inventory\old_models\HashingAlgorithms.ql.
[2026-09-08 18:55:46] [SPAMMY] resolve queries> Query Filter: Implicitly candidating C:\Users\rafar\.codeql\packages\codeql\python-queries\1.8.9\experimental\Functions\NamingConventionsFunctions.ql.
[2026-09-08 18:55:46] [SPAMMY] resolve queries> Query Filter: Implicitly candidating C:\Users\rafar\.codeql\packages\codeql\python-queries\1.8.9\experimental\Security\CWE-022\ZipSlip.ql.
[2026-09-08 18:55:46] [SPAMMY] resolve queries> Query Filter: Implicitly candidating C:\Users\rafar\.codeql\packages\codeql\python-queries\1.8.9\experimental\Security\CWE-022bis\TarSlipImprov.ql.
[2026-09-08 18:55:46] [SPAMMY] resolve queries> Query Filter: Implicitly candidating C:\Users\rafar\.codeql\packages\codeql\python-queries\1.8.9\experimental\Security\CWE-022bis\UnsafeUnpack.ql.
[2026-09-08 18:55:46] [SPAMMY] resolve queries> Query Filter: Implicitly candidating C:\Users\rafar\.codeql\packages\codeql\python-queries\1.8.9\experimental\Security\CWE-074\remoteCommandExecution\RemoteCommandExecution.ql.
[2026-09-08 18:55:46] [SPAMMY] resolve queries> Query Filter: Implicitly candidating C:\Users\rafar\.codeql\packages\codeql\python-queries\1.8.9\experimental\Security\CWE-079\EmailXss.ql.
[2026-09-08 18:55:46] [SPAMMY] resolve queries> Query Filter: Implicitly candidating C:\Users\rafar\.codeql\packages\codeql\python-queries\1.8.9\experimental\Security\CWE-091\XsltInjection.ql.
[2026-09-08 18:55:46] [SPAMMY] resolve queries> Query Filter: Implicitly candidating C:\Users\rafar\.codeql\packages\codeql\python-queries\1.8.9\experimental\Security\CWE-094\Js2Py.ql.
[2026-09-08 18:55:46] [SPAMMY] resolve queries> Query Filter: Implicitly candidating C:\Users\rafar\.codeql\packages\codeql\python-queries\1.8.9\experimental\Security\CWE-1236\CsvInjection.ql.
[2026-09-08 18:55:46] [SPAMMY] resolve queries> Query Filter: Implicitly candidating C:\Users\rafar\.codeql\packages\codeql\python-queries\1.8.9\experimental\Security\CWE-1427\PromptInjection.ql.
[2026-09-08 18:55:46] [SPAMMY] resolve queries> Query Filter: Implicitly candidating C:\Users\rafar\.codeql\packages\codeql\python-queries\1.8.9\experimental\Security\CWE-176\UnicodeBypassValidation.ql.
[2026-09-08 18:55:46] [SPAMMY] resolve queries> Query Filter: Implicitly candidating C:\Users\rafar\.codeql\packages\codeql\python-queries\1.8.9\experimental\Security\CWE-208\TimingAttackAgainstHash\PossibleTimingAttackAgainstHash.ql.
[2026-09-08 18:55:46] [SPAMMY] resolve queries> Query Filter: Implicitly candidating C:\Users\rafar\.codeql\packages\codeql\python-queries\1.8.9\experimental\Security\CWE-208\TimingAttackAgainstHash\TimingAttackAgainstHash.ql.
[2026-09-08 18:55:46] [SPAMMY] resolve queries> Query Filter: Implicitly candidating C:\Users\rafar\.codeql\packages\codeql\python-queries\1.8.9\experimental\Security\CWE-208\TimingAttackAgainstHeaderValue\TimingAttackAgainstHeaderValue.ql.
[2026-09-08 18:55:46] [SPAMMY] resolve queries> Query Filter: Implicitly candidating C:\Users\rafar\.codeql\packages\codeql\python-queries\1.8.9\experimental\Security\CWE-208\TimingAttackAgainstSensitiveInfo\PossibleTimingAttackAgainstSensitiveInfo.ql.
[2026-09-08 18:55:46] [SPAMMY] resolve queries> Query Filter: Implicitly candidating C:\Users\rafar\.codeql\packages\codeql\python-queries\1.8.9\experimental\Security\CWE-208\TimingAttackAgainstSensitiveInfo\TimingAttackAgainstSensitiveInfo.ql.
[2026-09-08 18:55:46] [SPAMMY] resolve queries> Query Filter: Implicitly candidating C:\Users\rafar\.codeql\packages\codeql\python-queries\1.8.9\experimental\Security\CWE-287\ImproperLdapAuth.ql.
[2026-09-08 18:55:46] [SPAMMY] resolve queries> Query Filter: Implicitly candidating C:\Users\rafar\.codeql\packages\codeql\python-queries\1.8.9\experimental\Security\CWE-287-ConstantSecretKey\WebAppConstantSecretKey.ql.
[2026-09-08 18:55:46] [SPAMMY] resolve queries> Query Filter: Implicitly candidating C:\Users\rafar\.codeql\packages\codeql\python-queries\1.8.9\experimental\Security\CWE-327\Azure\UnsafeUsageOfClientSideEncryptionVersion.ql.
[2026-09-08 18:55:46] [SPAMMY] resolve queries> Query Filter: Implicitly candidating C:\Users\rafar\.codeql\packages\codeql\python-queries\1.8.9\experimental\Security\CWE-338\InsecureRandomness.ql.
[2026-09-08 18:55:46] [SPAMMY] resolve queries> Query Filter: Implicitly candidating C:\Users\rafar\.codeql\packages\codeql\python-queries\1.8.9\experimental\Security\CWE-340\TokenBuiltFromUUID.ql.
[2026-09-08 18:55:46] [SPAMMY] resolve queries> Query Filter: Implicitly candidating C:\Users\rafar\.codeql\packages\codeql\python-queries\1.8.9\experimental\Security\CWE-346\CorsBypass.ql.
[2026-09-08 18:55:46] [SPAMMY] resolve queries> Query Filter: Implicitly candidating C:\Users\rafar\.codeql\packages\codeql\python-queries\1.8.9\experimental\Security\CWE-347\JWTEmptyKeyOrAlgorithm.ql.
[2026-09-08 18:55:46] [SPAMMY] resolve queries> Query Filter: Implicitly candidating C:\Users\rafar\.codeql\packages\codeql\python-queries\1.8.9\experimental\Security\CWE-347\JWTMissingSecretOrPublicKeyVerification.ql.
[2026-09-08 18:55:46] [SPAMMY] resolve queries> Query Filter: Implicitly candidating C:\Users\rafar\.codeql\packages\codeql\python-queries\1.8.9\experimental\Security\CWE-348\ClientSuppliedIpUsedInSecurityCheck.ql.
[2026-09-08 18:55:46] [SPAMMY] resolve queries> Query Filter: Implicitly candidating C:\Users\rafar\.codeql\packages\codeql\python-queries\1.8.9\experimental\Security\CWE-409\DecompressionBombs.ql.
[2026-09-08 18:55:46] [SPAMMY] resolve queries> Query Filter: Implicitly candidating C:\Users\rafar\.codeql\packages\codeql\python-queries\1.8.9\experimental\Security\CWE-522\LdapInsecureAuth.ql.
[2026-09-08 18:55:46] [SPAMMY] resolve queries> Query Filter: Implicitly candidating C:\Users\rafar\.codeql\packages\codeql\python-queries\1.8.9\experimental\Security\CWE-611\SimpleXmlRpcServer.ql.
[2026-09-08 18:55:46] [SPAMMY] resolve queries> Query Filter: Implicitly candidating C:\Users\rafar\.codeql\packages\codeql\python-queries\1.8.9\experimental\Security\CWE-770\UnicodeDoS.ql.
[2026-09-08 18:55:46] [SPAMMY] resolve queries> Query Filter: Implicitly candidating C:\Users\rafar\.codeql\packages\codeql\python-queries\1.8.9\experimental\Security\CWE-942\CorsMisconfigurationMiddleware.ql.
[2026-09-08 18:55:46] [SPAMMY] resolve queries> Query Filter: Implicitly candidating C:\Users\rafar\.codeql\packages\codeql\python-queries\1.8.9\Expressions\CallToSuperWrongClass.ql.
[2026-09-08 18:55:46] [SPAMMY] resolve queries> Query Filter: Implicitly candidating C:\Users\rafar\.codeql\packages\codeql\python-queries\1.8.9\Expressions\CompareConstants.ql.
[2026-09-08 18:55:46] [SPAMMY] resolve queries> Query Filter: Implicitly candidating C:\Users\rafar\.codeql\packages\codeql\python-queries\1.8.9\Expressions\CompareIdenticalValues.ql.
[2026-09-08 18:55:46] [SPAMMY] resolve queries> Query Filter: Implicitly candidating C:\Users\rafar\.codeql\packages\codeql\python-queries\1.8.9\Expressions\CompareIdenticalValuesMissingSelf.ql.
[2026-09-08 18:55:46] [SPAMMY] resolve queries> Query Filter: Implicitly candidating C:\Users\rafar\.codeql\packages\codeql\python-queries\1.8.9\Expressions\Comparisons\UselessComparisonTest.ql.
[2026-09-08 18:55:46] [SPAMMY] resolve queries> Query Filter: Implicitly candidating C:\Users\rafar\.codeql\packages\codeql\python-queries\1.8.9\Expressions\ContainsNonContainer.ql.
[2026-09-08 18:55:46] [SPAMMY] resolve queries> Query Filter: Implicitly candidating C:\Users\rafar\.codeql\packages\codeql\python-queries\1.8.9\Expressions\DuplicateKeyInDictionaryLiteral.ql.
[2026-09-08 18:55:46] [SPAMMY] resolve queries> Query Filter: Implicitly candidating C:\Users\rafar\.codeql\packages\codeql\python-queries\1.8.9\Expressions\EqualsNone.ql.
[2026-09-08 18:55:46] [SPAMMY] resolve queries> Query Filter: Implicitly candidating C:\Users\rafar\.codeql\packages\codeql\python-queries\1.8.9\Expressions\ExpectedMappingForFormatString.ql.
[2026-09-08 18:55:46] [SPAMMY] resolve queries> Query Filter: Implicitly candidating C:\Users\rafar\.codeql\packages\codeql\python-queries\1.8.9\Expressions\ExplicitCallToDel.ql.
[2026-09-08 18:55:46] [SPAMMY] resolve queries> Query Filter: Implicitly candidating C:\Users\rafar\.codeql\packages\codeql\python-queries\1.8.9\Expressions\Formatting\MixedExplicitImplicitIn3101Format.ql.
[2026-09-08 18:55:46] [SPAMMY] resolve queries> Query Filter: Implicitly candidating C:\Users\rafar\.codeql\packages\codeql\python-queries\1.8.9\Expressions\Formatting\UnusedArgumentIn3101Format.ql.
[2026-09-08 18:55:46] [SPAMMY] resolve queries> Query Filter: Implicitly candidating C:\Users\rafar\.codeql\packages\codeql\python-queries\1.8.9\Expressions\Formatting\UnusedNamedArgumentIn3101Format.ql.
[2026-09-08 18:55:46] [SPAMMY] resolve queries> Query Filter: Implicitly candidating C:\Users\rafar\.codeql\packages\codeql\python-queries\1.8.9\Expressions\Formatting\WrongNameInArgumentsFor3101Format.ql.
[2026-09-08 18:55:46] [SPAMMY] resolve queries> Query Filter: Implicitly candidating C:\Users\rafar\.codeql\packages\codeql\python-queries\1.8.9\Expressions\Formatting\WrongNumberArgumentsFor3101Format.ql.
[2026-09-08 18:55:46] [SPAMMY] resolve queries> Query Filter: Implicitly candidating C:\Users\rafar\.codeql\packages\codeql\python-queries\1.8.9\Expressions\HashedButNoHash.ql.
[2026-09-08 18:55:46] [SPAMMY] resolve queries> Query Filter: Implicitly candidating C:\Users\rafar\.codeql\packages\codeql\python-queries\1.8.9\Expressions\IncorrectComparisonUsingIs.ql.
[2026-09-08 18:55:46] [SPAMMY] resolve queries> Query Filter: Implicitly candidating C:\Users\rafar\.codeql\packages\codeql\python-queries\1.8.9\Expressions\NonCallableCalled.ql.
[2026-09-08 18:55:46] [SPAMMY] resolve queries> Query Filter: Implicitly candidating C:\Users\rafar\.codeql\packages\codeql\python-queries\1.8.9\Expressions\NonPortableComparisonUsingIs.ql.
[2026-09-08 18:55:46] [SPAMMY] resolve queries> Query Filter: Implicitly candidating C:\Users\rafar\.codeql\packages\codeql\python-queries\1.8.9\Expressions\Regex\BackspaceEscape.ql.
[2026-09-08 18:55:46] [SPAMMY] resolve queries> Query Filter: Implicitly candidating C:\Users\rafar\.codeql\packages\codeql\python-queries\1.8.9\Expressions\Regex\DuplicateCharacterInSet.ql.
[2026-09-08 18:55:46] [SPAMMY] resolve queries> Query Filter: Implicitly candidating C:\Users\rafar\.codeql\packages\codeql\python-queries\1.8.9\Expressions\Regex\MissingPartSpecialGroup.ql.
[2026-09-08 18:55:46] [SPAMMY] resolve queries> Query Filter: Implicitly candidating C:\Users\rafar\.codeql\packages\codeql\python-queries\1.8.9\Expressions\Regex\UnmatchableCaret.ql.
[2026-09-08 18:55:46] [SPAMMY] resolve queries> Query Filter: Implicitly candidating C:\Users\rafar\.codeql\packages\codeql\python-queries\1.8.9\Expressions\Regex\UnmatchableDollar.ql.
[2026-09-08 18:55:46] [SPAMMY] resolve queries> Query Filter: Implicitly candidating C:\Users\rafar\.codeql\packages\codeql\python-queries\1.8.9\Expressions\TruncatedDivision.ql.
[2026-09-08 18:55:46] [SPAMMY] resolve queries> Query Filter: Implicitly candidating C:\Users\rafar\.codeql\packages\codeql\python-queries\1.8.9\Expressions\UnintentionalImplicitStringConcatenation.ql.
[2026-09-08 18:55:46] [SPAMMY] resolve queries> Query Filter: Implicitly candidating C:\Users\rafar\.codeql\packages\codeql\python-queries\1.8.9\Expressions\UnnecessaryLambda.ql.
[2026-09-08 18:55:46] [SPAMMY] resolve queries> Query Filter: Implicitly candidating C:\Users\rafar\.codeql\packages\codeql\python-queries\1.8.9\Expressions\UnsupportedFormatCharacter.ql.
[2026-09-08 18:55:46] [SPAMMY] resolve queries> Query Filter: Implicitly candidating C:\Users\rafar\.codeql\packages\codeql\python-queries\1.8.9\Expressions\UseofApply.ql.
[2026-09-08 18:55:46] [SPAMMY] resolve queries> Query Filter: Implicitly candidating C:\Users\rafar\.codeql\packages\codeql\python-queries\1.8.9\Expressions\UseofInput.ql.
[2026-09-08 18:55:46] [SPAMMY] resolve queries> Query Filter: Implicitly candidating C:\Users\rafar\.codeql\packages\codeql\python-queries\1.8.9\Expressions\WrongNameForArgumentInCall.ql.
[2026-09-08 18:55:46] [SPAMMY] resolve queries> Query Filter: Implicitly candidating C:\Users\rafar\.codeql\packages\codeql\python-queries\1.8.9\Expressions\WrongNumberArgumentsForFormat.ql.
[2026-09-08 18:55:46] [SPAMMY] resolve queries> Query Filter: Implicitly candidating C:\Users\rafar\.codeql\packages\codeql\python-queries\1.8.9\Expressions\WrongNumberArgumentsInCall.ql.
[2026-09-08 18:55:46] [SPAMMY] resolve queries> Query Filter: Implicitly candidating C:\Users\rafar\.codeql\packages\codeql\python-queries\1.8.9\external\DuplicateBlock.ql.
[2026-09-08 18:55:46] [SPAMMY] resolve queries> Query Filter: Implicitly candidating C:\Users\rafar\.codeql\packages\codeql\python-queries\1.8.9\external\DuplicateFunction.ql.
[2026-09-08 18:55:46] [SPAMMY] resolve queries> Query Filter: Implicitly candidating C:\Users\rafar\.codeql\packages\codeql\python-queries\1.8.9\external\MostlyDuplicateClass.ql.
[2026-09-08 18:55:46] [SPAMMY] resolve queries> Query Filter: Implicitly candidating C:\Users\rafar\.codeql\packages\codeql\python-queries\1.8.9\external\MostlyDuplicateFile.ql.
[2026-09-08 18:55:46] [SPAMMY] resolve queries> Query Filter: Implicitly candidating C:\Users\rafar\.codeql\packages\codeql\python-queries\1.8.9\external\MostlySimilarFile.ql.
[2026-09-08 18:55:46] [SPAMMY] resolve queries> Query Filter: Implicitly candidating C:\Users\rafar\.codeql\packages\codeql\python-queries\1.8.9\external\SimilarFunction.ql.
[2026-09-08 18:55:46] [SPAMMY] resolve queries> Query Filter: Implicitly candidating C:\Users\rafar\.codeql\packages\codeql\python-queries\1.8.9\Filters\ClassifyFiles.ql.
[2026-09-08 18:55:46] [SPAMMY] resolve queries> Query Filter: Implicitly candidating C:\Users\rafar\.codeql\packages\codeql\python-queries\1.8.9\Functions\ConsistentReturns.ql.
[2026-09-08 18:55:46] [SPAMMY] resolve queries> Query Filter: Implicitly candidating C:\Users\rafar\.codeql\packages\codeql\python-queries\1.8.9\Functions\DeprecatedSliceMethod.ql.
[2026-09-08 18:55:46] [SPAMMY] resolve queries> Query Filter: Implicitly candidating C:\Users\rafar\.codeql\packages\codeql\python-queries\1.8.9\Functions\ExplicitReturnInInit.ql.
[2026-09-08 18:55:46] [SPAMMY] resolve queries> Query Filter: Implicitly candidating C:\Users\rafar\.codeql\packages\codeql\python-queries\1.8.9\Functions\IncorrectlyOverriddenMethod.ql.
[2026-09-08 18:55:46] [SPAMMY] resolve queries> Query Filter: Implicitly candidating C:\Users\rafar\.codeql\packages\codeql\python-queries\1.8.9\Functions\IncorrectlySpecifiedOverriddenMethod.ql.
[2026-09-08 18:55:46] [SPAMMY] resolve queries> Query Filter: Implicitly candidating C:\Users\rafar\.codeql\packages\codeql\python-queries\1.8.9\Functions\IncorrectRaiseInSpecialMethod.ql.
[2026-09-08 18:55:46] [SPAMMY] resolve queries> Query Filter: Implicitly candidating C:\Users\rafar\.codeql\packages\codeql\python-queries\1.8.9\Functions\InitIsGenerator.ql.
[2026-09-08 18:55:46] [SPAMMY] resolve queries> Query Filter: Implicitly candidating C:\Users\rafar\.codeql\packages\codeql\python-queries\1.8.9\Functions\IterReturnsNonIterator.ql.
[2026-09-08 18:55:46] [SPAMMY] resolve queries> Query Filter: Implicitly candidating C:\Users\rafar\.codeql\packages\codeql\python-queries\1.8.9\Functions\IterReturnsNonSelf.ql.
[2026-09-08 18:55:46] [SPAMMY] resolve queries> Query Filter: Implicitly candidating C:\Users\rafar\.codeql\packages\codeql\python-queries\1.8.9\Functions\ModificationOfParameterWithDefault.ql.
[2026-09-08 18:55:46] [SPAMMY] resolve queries> Query Filter: Implicitly candidating C:\Users\rafar\.codeql\packages\codeql\python-queries\1.8.9\Functions\NonCls.ql.
[2026-09-08 18:55:46] [SPAMMY] resolve queries> Query Filter: Implicitly candidating C:\Users\rafar\.codeql\packages\codeql\python-queries\1.8.9\Functions\NonSelf.ql.
[2026-09-08 18:55:46] [SPAMMY] resolve queries> Query Filter: Implicitly candidating C:\Users\rafar\.codeql\packages\codeql\python-queries\1.8.9\Functions\OverlyComplexDelMethod.ql.
[2026-09-08 18:55:46] [SPAMMY] resolve queries> Query Filter: Implicitly candidating C:\Users\rafar\.codeql\packages\codeql\python-queries\1.8.9\Functions\ReturnConsistentTupleSizes.ql.
[2026-09-08 18:55:46] [SPAMMY] resolve queries> Query Filter: Implicitly candidating C:\Users\rafar\.codeql\packages\codeql\python-queries\1.8.9\Functions\ReturnValueIgnored.ql.
[2026-09-08 18:55:46] [SPAMMY] resolve queries> Query Filter: Implicitly candidating C:\Users\rafar\.codeql\packages\codeql\python-queries\1.8.9\Functions\SignatureOverriddenMethod.ql.
[2026-09-08 18:55:46] [SPAMMY] resolve queries> Query Filter: Implicitly candidating C:\Users\rafar\.codeql\packages\codeql\python-queries\1.8.9\Functions\SignatureSpecialMethods.ql.
[2026-09-08 18:55:46] [SPAMMY] resolve queries> Query Filter: Implicitly candidating C:\Users\rafar\.codeql\packages\codeql\python-queries\1.8.9\Functions\UseImplicitNoneReturnValue.ql.
[2026-09-08 18:55:46] [SPAMMY] resolve queries> Query Filter: Implicitly candidating C:\Users\rafar\.codeql\packages\codeql\python-queries\1.8.9\Imports\CyclicImport.ql.
[2026-09-08 18:55:46] [SPAMMY] resolve queries> Query Filter: Implicitly candidating C:\Users\rafar\.codeql\packages\codeql\python-queries\1.8.9\Imports\DeprecatedModule.ql.
[2026-09-08 18:55:46] [SPAMMY] resolve queries> Query Filter: Implicitly candidating C:\Users\rafar\.codeql\packages\codeql\python-queries\1.8.9\Imports\EncodingError.ql.
[2026-09-08 18:55:46] [SPAMMY] resolve queries> Query Filter: Implicitly candidating C:\Users\rafar\.codeql\packages\codeql\python-queries\1.8.9\Imports\FromImportOfMutableAttribute.ql.
[2026-09-08 18:55:46] [SPAMMY] resolve queries> Query Filter: Implicitly candidating C:\Users\rafar\.codeql\packages\codeql\python-queries\1.8.9\Imports\ImportandImportFrom.ql.
[2026-09-08 18:55:46] [SPAMMY] resolve queries> Query Filter: Implicitly candidating C:\Users\rafar\.codeql\packages\codeql\python-queries\1.8.9\Imports\Imports.ql.
[2026-09-08 18:55:46] [SPAMMY] resolve queries> Query Filter: Implicitly candidating C:\Users\rafar\.codeql\packages\codeql\python-queries\1.8.9\Imports\ImportShadowedByLoopVar.ql.
[2026-09-08 18:55:46] [SPAMMY] resolve queries> Query Filter: Implicitly candidating C:\Users\rafar\.codeql\packages\codeql\python-queries\1.8.9\Imports\ImportStarUsed.ql.
[2026-09-08 18:55:46] [SPAMMY] resolve queries> Query Filter: Implicitly candidating C:\Users\rafar\.codeql\packages\codeql\python-queries\1.8.9\Imports\ModuleImportsItself.ql.
[2026-09-08 18:55:46] [SPAMMY] resolve queries> Query Filter: Implicitly candidating C:\Users\rafar\.codeql\packages\codeql\python-queries\1.8.9\Imports\ModuleLevelCyclicImport.ql.
[2026-09-08 18:55:46] [SPAMMY] resolve queries> Query Filter: Implicitly candidating C:\Users\rafar\.codeql\packages\codeql\python-queries\1.8.9\Imports\MultipleImports.ql.
[2026-09-08 18:55:46] [SPAMMY] resolve queries> Query Filter: Implicitly candidating C:\Users\rafar\.codeql\packages\codeql\python-queries\1.8.9\Imports\SyntaxError.ql.
[2026-09-08 18:55:46] [SPAMMY] resolve queries> Query Filter: Implicitly candidating C:\Users\rafar\.codeql\packages\codeql\python-queries\1.8.9\Imports\UnintentionalImport.ql.
[2026-09-08 18:55:46] [SPAMMY] resolve queries> Query Filter: Implicitly candidating C:\Users\rafar\.codeql\packages\codeql\python-queries\1.8.9\Imports\UnusedImport.ql.
[2026-09-08 18:55:46] [SPAMMY] resolve queries> Query Filter: Implicitly candidating C:\Users\rafar\.codeql\packages\codeql\python-queries\1.8.9\Lexical\CommentedOutCode.ql.
[2026-09-08 18:55:46] [SPAMMY] resolve queries> Query Filter: Implicitly candidating C:\Users\rafar\.codeql\packages\codeql\python-queries\1.8.9\Lexical\FCommentedOutCode.ql.
[2026-09-08 18:55:46] [SPAMMY] resolve queries> Query Filter: Implicitly candidating C:\Users\rafar\.codeql\packages\codeql\python-queries\1.8.9\Lexical\OldOctalLiteral.ql.
[2026-09-08 18:55:46] [SPAMMY] resolve queries> Query Filter: Implicitly candidating C:\Users\rafar\.codeql\packages\codeql\python-queries\1.8.9\Lexical\ToDoComment.ql.
[2026-09-08 18:55:46] [SPAMMY] resolve queries> Query Filter: Implicitly candidating C:\Users\rafar\.codeql\packages\codeql\python-queries\1.8.9\meta\alerts\InterestingTaintSinks.ql.
[2026-09-08 18:55:46] [SPAMMY] resolve queries> Query Filter: Implicitly candidating C:\Users\rafar\.codeql\packages\codeql\python-queries\1.8.9\meta\alerts\RemoteFlowSources.ql.
[2026-09-08 18:55:46] [SPAMMY] resolve queries> Query Filter: Implicitly candidating C:\Users\rafar\.codeql\packages\codeql\python-queries\1.8.9\meta\alerts\RemoteFlowSourcesReach.ql.
[2026-09-08 18:55:46] [SPAMMY] resolve queries> Query Filter: Implicitly candidating C:\Users\rafar\.codeql\packages\codeql\python-queries\1.8.9\meta\alerts\RequestHandlers.ql.
[2026-09-08 18:55:46] [SPAMMY] resolve queries> Query Filter: Implicitly candidating C:\Users\rafar\.codeql\packages\codeql\python-queries\1.8.9\meta\alerts\TaintSinks.ql.
[2026-09-08 18:55:46] [SPAMMY] resolve queries> Query Filter: Implicitly candidating C:\Users\rafar\.codeql\packages\codeql\python-queries\1.8.9\meta\analysis-quality\CallGraph.ql.
[2026-09-08 18:55:46] [SPAMMY] resolve queries> Query Filter: Implicitly candidating C:\Users\rafar\.codeql\packages\codeql\python-queries\1.8.9\meta\analysis-quality\PointsToResolvableCallRatio.ql.
[2026-09-08 18:55:46] [SPAMMY] resolve queries> Query Filter: Implicitly candidating C:\Users\rafar\.codeql\packages\codeql\python-queries\1.8.9\meta\analysis-quality\PointsToResolvableCalls.ql.
[2026-09-08 18:55:46] [SPAMMY] resolve queries> Query Filter: Implicitly candidating C:\Users\rafar\.codeql\packages\codeql\python-queries\1.8.9\meta\analysis-quality\PointsToResolvableCallsRelevantTarget.ql.
[2026-09-08 18:55:46] [SPAMMY] resolve queries> Query Filter: Implicitly candidating C:\Users\rafar\.codeql\packages\codeql\python-queries\1.8.9\meta\analysis-quality\ResolvableCallCandidates.ql.
[2026-09-08 18:55:46] [SPAMMY] resolve queries> Query Filter: Implicitly candidating C:\Users\rafar\.codeql\packages\codeql\python-queries\1.8.9\meta\analysis-quality\SummarizedCallableCallSites.ql.
[2026-09-08 18:55:46] [SPAMMY] resolve queries> Query Filter: Implicitly candidating C:\Users\rafar\.codeql\packages\codeql\python-queries\1.8.9\meta\analysis-quality\TTCallGraph.ql.
[2026-09-08 18:55:46] [SPAMMY] resolve queries> Query Filter: Implicitly candidating C:\Users\rafar\.codeql\packages\codeql\python-queries\1.8.9\meta\analysis-quality\TTCallGraphMissing.ql.
[2026-09-08 18:55:46] [SPAMMY] resolve queries> Query Filter: Implicitly candidating C:\Users\rafar\.codeql\packages\codeql\python-queries\1.8.9\meta\analysis-quality\TTCallGraphNew.ql.
[2026-09-08 18:55:46] [SPAMMY] resolve queries> Query Filter: Implicitly candidating C:\Users\rafar\.codeql\packages\codeql\python-queries\1.8.9\meta\analysis-quality\TTCallGraphNewAmbiguous.ql.
[2026-09-08 18:55:46] [SPAMMY] resolve queries> Query Filter: Implicitly candidating C:\Users\rafar\.codeql\packages\codeql\python-queries\1.8.9\meta\analysis-quality\TTCallGraphOverview.ql.
[2026-09-08 18:55:46] [SPAMMY] resolve queries> Query Filter: Implicitly candidating C:\Users\rafar\.codeql\packages\codeql\python-queries\1.8.9\meta\analysis-quality\TTCallGraphShared.ql.
[2026-09-08 18:55:46] [SPAMMY] resolve queries> Query Filter: Implicitly candidating C:\Users\rafar\.codeql\packages\codeql\python-queries\1.8.9\meta\ClassHierarchy\Find.ql.
[2026-09-08 18:55:46] [SPAMMY] resolve queries> Query Filter: Implicitly candidating C:\Users\rafar\.codeql\packages\codeql\python-queries\1.8.9\meta\debug\DebugStats.ql.
[2026-09-08 18:55:46] [SPAMMY] resolve queries> Query Filter: Implicitly candidating C:\Users\rafar\.codeql\packages\codeql\python-queries\1.8.9\meta\debug\SimpleClassDebug.ql.
[2026-09-08 18:55:46] [SPAMMY] resolve queries> Query Filter: Implicitly candidating C:\Users\rafar\.codeql\packages\codeql\python-queries\1.8.9\Metrics\ClassAfferentCoupling.ql.
[2026-09-08 18:55:46] [SPAMMY] resolve queries> Query Filter: Implicitly candidating C:\Users\rafar\.codeql\packages\codeql\python-queries\1.8.9\Metrics\ClassEfferentCoupling.ql.
[2026-09-08 18:55:46] [SPAMMY] resolve queries> Query Filter: Implicitly candidating C:\Users\rafar\.codeql\packages\codeql\python-queries\1.8.9\Metrics\CLinesOfCode.ql.
[2026-09-08 18:55:46] [SPAMMY] resolve queries> Query Filter: Implicitly candidating C:\Users\rafar\.codeql\packages\codeql\python-queries\1.8.9\Metrics\CommentRatio.ql.
[2026-09-08 18:55:46] [SPAMMY] resolve queries> Query Filter: Implicitly candidating C:\Users\rafar\.codeql\packages\codeql\python-queries\1.8.9\Metrics\CyclomaticComplexity.ql.
[2026-09-08 18:55:46] [SPAMMY] resolve queries> Query Filter: Implicitly candidating C:\Users\rafar\.codeql\packages\codeql\python-queries\1.8.9\Metrics\Dependencies\ExternalDependencies.ql.
[2026-09-08 18:55:46] [SPAMMY] resolve queries> Query Filter: Implicitly candidating C:\Users\rafar\.codeql\packages\codeql\python-queries\1.8.9\Metrics\Dependencies\ExternalDependenciesSourceLinks.ql.
[2026-09-08 18:55:46] [SPAMMY] resolve queries> Query Filter: Implicitly candidating C:\Users\rafar\.codeql\packages\codeql\python-queries\1.8.9\Metrics\DirectImports.ql.
[2026-09-08 18:55:46] [SPAMMY] resolve queries> Query Filter: Implicitly candidating C:\Users\rafar\.codeql\packages\codeql\python-queries\1.8.9\Metrics\DocStringRatio.ql.
[2026-09-08 18:55:46] [SPAMMY] resolve queries> Query Filter: Implicitly candidating C:\Users\rafar\.codeql\packages\codeql\python-queries\1.8.9\Metrics\External\CommitDisplayStrings.ql.
[2026-09-08 18:55:46] [SPAMMY] resolve queries> Query Filter: Implicitly candidating C:\Users\rafar\.codeql\packages\codeql\python-queries\1.8.9\Metrics\External\CommitSourceLinks.ql.
[2026-09-08 18:55:46] [SPAMMY] resolve queries> Query Filter: Implicitly candidating C:\Users\rafar\.codeql\packages\codeql\python-queries\1.8.9\Metrics\FClasses.ql.
[2026-09-08 18:55:46] [SPAMMY] resolve queries> Query Filter: Implicitly candidating C:\Users\rafar\.codeql\packages\codeql\python-queries\1.8.9\Metrics\FFunctionsAndMethods.ql.
[2026-09-08 18:55:46] [SPAMMY] resolve queries> Query Filter: Implicitly candidating C:\Users\rafar\.codeql\packages\codeql\python-queries\1.8.9\Metrics\FLines.ql.
[2026-09-08 18:55:46] [SPAMMY] resolve queries> Query Filter: Implicitly candidating C:\Users\rafar\.codeql\packages\codeql\python-queries\1.8.9\Metrics\FLinesOfCode.ql.
[2026-09-08 18:55:46] [SPAMMY] resolve queries> Query Filter: Implicitly candidating C:\Users\rafar\.codeql\packages\codeql\python-queries\1.8.9\Metrics\FLinesOfComments.ql.
[2026-09-08 18:55:46] [SPAMMY] resolve queries> Query Filter: Implicitly candidating C:\Users\rafar\.codeql\packages\codeql\python-queries\1.8.9\Metrics\FLinesOfDuplicatedCode.ql.
[2026-09-08 18:55:46] [SPAMMY] resolve queries> Query Filter: Implicitly candidating C:\Users\rafar\.codeql\packages\codeql\python-queries\1.8.9\Metrics\FLinesOfSimilarCode.ql.
[2026-09-08 18:55:46] [SPAMMY] resolve queries> Query Filter: Implicitly candidating C:\Users\rafar\.codeql\packages\codeql\python-queries\1.8.9\Metrics\FNumberOfTests.ql.
[2026-09-08 18:55:46] [SPAMMY] resolve queries> Query Filter: Implicitly candidating C:\Users\rafar\.codeql\packages\codeql\python-queries\1.8.9\Metrics\FunctionNumberOfCalls.ql.
[2026-09-08 18:55:46] [SPAMMY] resolve queries> Query Filter: Implicitly candidating C:\Users\rafar\.codeql\packages\codeql\python-queries\1.8.9\Metrics\FunctionStatementNestingDepth.ql.
[2026-09-08 18:55:46] [SPAMMY] resolve queries> Query Filter: Implicitly candidating C:\Users\rafar\.codeql\packages\codeql\python-queries\1.8.9\Metrics\History\HChurn.ql.
[2026-09-08 18:55:46] [SPAMMY] resolve queries> Query Filter: Implicitly candidating C:\Users\rafar\.codeql\packages\codeql\python-queries\1.8.9\Metrics\History\HLinesAdded.ql.
[2026-09-08 18:55:46] [SPAMMY] resolve queries> Query Filter: Implicitly candidating C:\Users\rafar\.codeql\packages\codeql\python-queries\1.8.9\Metrics\History\HLinesDeleted.ql.
[2026-09-08 18:55:46] [SPAMMY] resolve queries> Query Filter: Implicitly candidating C:\Users\rafar\.codeql\packages\codeql\python-queries\1.8.9\Metrics\History\HNumberOfAuthors.ql.
[2026-09-08 18:55:46] [SPAMMY] resolve queries> Query Filter: Implicitly candidating C:\Users\rafar\.codeql\packages\codeql\python-queries\1.8.9\Metrics\History\HNumberOfCoCommits.ql.
[2026-09-08 18:55:46] [SPAMMY] resolve queries> Query Filter: Implicitly candidating C:\Users\rafar\.codeql\packages\codeql\python-queries\1.8.9\Metrics\History\HNumberOfCommits.ql.
[2026-09-08 18:55:46] [SPAMMY] resolve queries> Query Filter: Implicitly candidating C:\Users\rafar\.codeql\packages\codeql\python-queries\1.8.9\Metrics\History\HNumberOfRecentAuthors.ql.
[2026-09-08 18:55:46] [SPAMMY] resolve queries> Query Filter: Implicitly candidating C:\Users\rafar\.codeql\packages\codeql\python-queries\1.8.9\Metrics\History\HNumberOfRecentChangedFiles.ql.
[2026-09-08 18:55:46] [SPAMMY] resolve queries> Query Filter: Implicitly candidating C:\Users\rafar\.codeql\packages\codeql\python-queries\1.8.9\Metrics\History\HNumberOfRecentCommits.ql.
[2026-09-08 18:55:46] [SPAMMY] resolve queries> Query Filter: Implicitly candidating C:\Users\rafar\.codeql\packages\codeql\python-queries\1.8.9\Metrics\History\HNumberOfReCommits.ql.
[2026-09-08 18:55:46] [SPAMMY] resolve queries> Query Filter: Implicitly candidating C:\Users\rafar\.codeql\packages\codeql\python-queries\1.8.9\Metrics\Internal\CallableDisplayStrings.ql.
[2026-09-08 18:55:46] [SPAMMY] resolve queries> Query Filter: Implicitly candidating C:\Users\rafar\.codeql\packages\codeql\python-queries\1.8.9\Metrics\Internal\CallableExtents.ql.
[2026-09-08 18:55:46] [SPAMMY] resolve queries> Query Filter: Implicitly candidating C:\Users\rafar\.codeql\packages\codeql\python-queries\1.8.9\Metrics\Internal\CallableSourceLinks.ql.
[2026-09-08 18:55:46] [SPAMMY] resolve queries> Query Filter: Implicitly candidating C:\Users\rafar\.codeql\packages\codeql\python-queries\1.8.9\Metrics\Internal\ClassDisplayStrings.ql.
[2026-09-08 18:55:46] [SPAMMY] resolve queries> Query Filter: Implicitly candidating C:\Users\rafar\.codeql\packages\codeql\python-queries\1.8.9\Metrics\Internal\ClassExtents.ql.
[2026-09-08 18:55:46] [SPAMMY] resolve queries> Query Filter: Implicitly candidating C:\Users\rafar\.codeql\packages\codeql\python-queries\1.8.9\Metrics\Internal\ClassSourceLinks.ql.
[2026-09-08 18:55:46] [SPAMMY] resolve queries> Query Filter: Implicitly candidating C:\Users\rafar\.codeql\packages\codeql\python-queries\1.8.9\Metrics\Internal\TypeAnnotations.ql.
[2026-09-08 18:55:46] [SPAMMY] resolve queries> Query Filter: Implicitly candidating C:\Users\rafar\.codeql\packages\codeql\python-queries\1.8.9\Metrics\LackofCohesionInMethodsCK.ql.
[2026-09-08 18:55:46] [SPAMMY] resolve queries> Query Filter: Implicitly candidating C:\Users\rafar\.codeql\packages\codeql\python-queries\1.8.9\Metrics\LackofCohesionInMethodsHM.ql.
[2026-09-08 18:55:46] [SPAMMY] resolve queries> Query Filter: Implicitly candidating C:\Users\rafar\.codeql\packages\codeql\python-queries\1.8.9\Metrics\ModuleAfferentCoupling.ql.
[2026-09-08 18:55:46] [SPAMMY] resolve queries> Query Filter: Implicitly candidating C:\Users\rafar\.codeql\packages\codeql\python-queries\1.8.9\Metrics\ModuleEfferentCoupling.ql.
[2026-09-08 18:55:46] [SPAMMY] resolve queries> Query Filter: Implicitly candidating C:\Users\rafar\.codeql\packages\codeql\python-queries\1.8.9\Metrics\NumberOfParametersWithoutDefault.ql.
[2026-09-08 18:55:46] [SPAMMY] resolve queries> Query Filter: Implicitly candidating C:\Users\rafar\.codeql\packages\codeql\python-queries\1.8.9\Metrics\NumberOfStatements.ql.
[2026-09-08 18:55:46] [SPAMMY] resolve queries> Query Filter: Implicitly candidating C:\Users\rafar\.codeql\packages\codeql\python-queries\1.8.9\Metrics\TransitiveImports.ql.
[2026-09-08 18:55:46] [SPAMMY] resolve queries> Query Filter: Implicitly candidating C:\Users\rafar\.codeql\packages\codeql\python-queries\1.8.9\Numerics\Pythagorean.ql.
[2026-09-08 18:55:46] [SPAMMY] resolve queries> Query Filter: Implicitly candidating C:\Users\rafar\.codeql\packages\codeql\python-queries\1.8.9\Resources\FileNotAlwaysClosed.ql.
[2026-09-08 18:55:46] [SPAMMY] resolve queries> Query Filter: Implicitly candidating C:\Users\rafar\.codeql\packages\codeql\python-queries\1.8.9\Security\CVE-2018-1281\BindToAllInterfaces.ql.
[2026-09-08 18:55:46] [SPAMMY] resolve queries> Query Filter: Implicitly candidating C:\Users\rafar\.codeql\packages\codeql\python-queries\1.8.9\Security\CWE-020\CookieInjection.ql.
[2026-09-08 18:55:46] [SPAMMY] resolve queries> Query Filter: Implicitly candidating C:\Users\rafar\.codeql\packages\codeql\python-queries\1.8.9\Security\CWE-020\IncompleteHostnameRegExp.ql.
[2026-09-08 18:55:46] [SPAMMY] resolve queries> Query Filter: Implicitly candidating C:\Users\rafar\.codeql\packages\codeql\python-queries\1.8.9\Security\CWE-020\IncompleteUrlSubstringSanitization.ql.
[2026-09-08 18:55:46] [SPAMMY] resolve queries> Query Filter: Implicitly candidating C:\Users\rafar\.codeql\packages\codeql\python-queries\1.8.9\Security\CWE-020\OverlyLargeRange.ql.
[2026-09-08 18:55:46] [SPAMMY] resolve queries> Query Filter: Implicitly candidating C:\Users\rafar\.codeql\packages\codeql\python-queries\1.8.9\Security\CWE-020-ExternalAPIs\ExternalAPIsUsedWithUntrustedData.ql.
[2026-09-08 18:55:46] [SPAMMY] resolve queries> Query Filter: Implicitly candidating C:\Users\rafar\.codeql\packages\codeql\python-queries\1.8.9\Security\CWE-020-ExternalAPIs\UntrustedDataToExternalAPI.ql.
[2026-09-08 18:55:46] [SPAMMY] resolve queries> Query Filter: Implicitly candidating C:\Users\rafar\.codeql\packages\codeql\python-queries\1.8.9\Security\CWE-022\PathInjection.ql.
[2026-09-08 18:55:46] [SPAMMY] resolve queries> Query Filter: Implicitly candidating C:\Users\rafar\.codeql\packages\codeql\python-queries\1.8.9\Security\CWE-022\TarSlip.ql.
[2026-09-08 18:55:46] [SPAMMY] resolve queries> Query Filter: Implicitly candidating C:\Users\rafar\.codeql\packages\codeql\python-queries\1.8.9\Security\CWE-074\TemplateInjection.ql.
[2026-09-08 18:55:46] [SPAMMY] resolve queries> Query Filter: Implicitly candidating C:\Users\rafar\.codeql\packages\codeql\python-queries\1.8.9\Security\CWE-078\CommandInjection.ql.
[2026-09-08 18:55:46] [SPAMMY] resolve queries> Query Filter: Implicitly candidating C:\Users\rafar\.codeql\packages\codeql\python-queries\1.8.9\Security\CWE-078\UnsafeShellCommandConstruction.ql.
[2026-09-08 18:55:46] [SPAMMY] resolve queries> Query Filter: Implicitly candidating C:\Users\rafar\.codeql\packages\codeql\python-queries\1.8.9\Security\CWE-079\Jinja2WithoutEscaping.ql.
[2026-09-08 18:55:46] [SPAMMY] resolve queries> Query Filter: Implicitly candidating C:\Users\rafar\.codeql\packages\codeql\python-queries\1.8.9\Security\CWE-079\ReflectedXss.ql.
[2026-09-08 18:55:46] [SPAMMY] resolve queries> Query Filter: Implicitly candidating C:\Users\rafar\.codeql\packages\codeql\python-queries\1.8.9\Security\CWE-089\SqlInjection.ql.
[2026-09-08 18:55:46] [SPAMMY] resolve queries> Query Filter: Implicitly candidating C:\Users\rafar\.codeql\packages\codeql\python-queries\1.8.9\Security\CWE-090\LdapInjection.ql.
[2026-09-08 18:55:46] [SPAMMY] resolve queries> Query Filter: Implicitly candidating C:\Users\rafar\.codeql\packages\codeql\python-queries\1.8.9\Security\CWE-094\CodeInjection.ql.
[2026-09-08 18:55:46] [SPAMMY] resolve queries> Query Filter: Implicitly candidating C:\Users\rafar\.codeql\packages\codeql\python-queries\1.8.9\Security\CWE-1004\NonHttpOnlyCookie.ql.
[2026-09-08 18:55:46] [SPAMMY] resolve queries> Query Filter: Implicitly candidating C:\Users\rafar\.codeql\packages\codeql\python-queries\1.8.9\Security\CWE-113\HeaderInjection.ql.
[2026-09-08 18:55:46] [SPAMMY] resolve queries> Query Filter: Implicitly candidating C:\Users\rafar\.codeql\packages\codeql\python-queries\1.8.9\Security\CWE-116\BadTagFilter.ql.
[2026-09-08 18:55:46] [SPAMMY] resolve queries> Query Filter: Implicitly candidating C:\Users\rafar\.codeql\packages\codeql\python-queries\1.8.9\Security\CWE-117\LogInjection.ql.
[2026-09-08 18:55:46] [SPAMMY] resolve queries> Query Filter: Implicitly candidating C:\Users\rafar\.codeql\packages\codeql\python-queries\1.8.9\Security\CWE-1275\SameSiteNoneCookie.ql.
[2026-09-08 18:55:46] [SPAMMY] resolve queries> Query Filter: Implicitly candidating C:\Users\rafar\.codeql\packages\codeql\python-queries\1.8.9\Security\CWE-209\StackTraceExposure.ql.
[2026-09-08 18:55:46] [SPAMMY] resolve queries> Query Filter: Implicitly candidating C:\Users\rafar\.codeql\packages\codeql\python-queries\1.8.9\Security\CWE-215\FlaskDebug.ql.
[2026-09-08 18:55:46] [SPAMMY] resolve queries> Query Filter: Implicitly candidating C:\Users\rafar\.codeql\packages\codeql\python-queries\1.8.9\Security\CWE-285\PamAuthorization.ql.
[2026-09-08 18:55:46] [SPAMMY] resolve queries> Query Filter: Implicitly candidating C:\Users\rafar\.codeql\packages\codeql\python-queries\1.8.9\Security\CWE-295\MissingHostKeyValidation.ql.
[2026-09-08 18:55:46] [SPAMMY] resolve queries> Query Filter: Implicitly candidating C:\Users\rafar\.codeql\packages\codeql\python-queries\1.8.9\Security\CWE-295\RequestWithoutValidation.ql.
[2026-09-08 18:55:46] [SPAMMY] resolve queries> Query Filter: Implicitly candidating C:\Users\rafar\.codeql\packages\codeql\python-queries\1.8.9\Security\CWE-312\CleartextLogging.ql.
[2026-09-08 18:55:46] [SPAMMY] resolve queries> Query Filter: Implicitly candidating C:\Users\rafar\.codeql\packages\codeql\python-queries\1.8.9\Security\CWE-312\CleartextStorage.ql.
[2026-09-08 18:55:46] [SPAMMY] resolve queries> Query Filter: Implicitly candidating C:\Users\rafar\.codeql\packages\codeql\python-queries\1.8.9\Security\CWE-326\WeakCryptoKey.ql.
[2026-09-08 18:55:46] [SPAMMY] resolve queries> Query Filter: Implicitly candidating C:\Users\rafar\.codeql\packages\codeql\python-queries\1.8.9\Security\CWE-327\BrokenCryptoAlgorithm.ql.
[2026-09-08 18:55:46] [SPAMMY] resolve queries> Query Filter: Implicitly candidating C:\Users\rafar\.codeql\packages\codeql\python-queries\1.8.9\Security\CWE-327\InsecureDefaultProtocol.ql.
[2026-09-08 18:55:46] [SPAMMY] resolve queries> Query Filter: Implicitly candidating C:\Users\rafar\.codeql\packages\codeql\python-queries\1.8.9\Security\CWE-327\InsecureProtocol.ql.
[2026-09-08 18:55:46] [SPAMMY] resolve queries> Query Filter: Implicitly candidating C:\Users\rafar\.codeql\packages\codeql\python-queries\1.8.9\Security\CWE-327\WeakSensitiveDataHashing.ql.
[2026-09-08 18:55:46] [SPAMMY] resolve queries> Query Filter: Implicitly candidating C:\Users\rafar\.codeql\packages\codeql\python-queries\1.8.9\Security\CWE-352\CSRFProtectionDisabled.ql.
[2026-09-08 18:55:46] [SPAMMY] resolve queries> Query Filter: Implicitly candidating C:\Users\rafar\.codeql\packages\codeql\python-queries\1.8.9\Security\CWE-377\InsecureTemporaryFile.ql.
[2026-09-08 18:55:46] [SPAMMY] resolve queries> Query Filter: Implicitly candidating C:\Users\rafar\.codeql\packages\codeql\python-queries\1.8.9\Security\CWE-502\UnsafeDeserialization.ql.
[2026-09-08 18:55:46] [SPAMMY] resolve queries> Query Filter: Implicitly candidating C:\Users\rafar\.codeql\packages\codeql\python-queries\1.8.9\Security\CWE-601\UrlRedirect.ql.
[2026-09-08 18:55:46] [SPAMMY] resolve queries> Query Filter: Implicitly candidating C:\Users\rafar\.codeql\packages\codeql\python-queries\1.8.9\Security\CWE-611\Xxe.ql.
[2026-09-08 18:55:46] [SPAMMY] resolve queries> Query Filter: Implicitly candidating C:\Users\rafar\.codeql\packages\codeql\python-queries\1.8.9\Security\CWE-614\InsecureCookie.ql.
[2026-09-08 18:55:46] [SPAMMY] resolve queries> Query Filter: Implicitly candidating C:\Users\rafar\.codeql\packages\codeql\python-queries\1.8.9\Security\CWE-643\XpathInjection.ql.
[2026-09-08 18:55:46] [SPAMMY] resolve queries> Query Filter: Implicitly candidating C:\Users\rafar\.codeql\packages\codeql\python-queries\1.8.9\Security\CWE-730\PolynomialReDoS.ql.
[2026-09-08 18:55:46] [SPAMMY] resolve queries> Query Filter: Implicitly candidating C:\Users\rafar\.codeql\packages\codeql\python-queries\1.8.9\Security\CWE-730\ReDoS.ql.
[2026-09-08 18:55:46] [SPAMMY] resolve queries> Query Filter: Implicitly candidating C:\Users\rafar\.codeql\packages\codeql\python-queries\1.8.9\Security\CWE-730\RegexInjection.ql.
[2026-09-08 18:55:46] [SPAMMY] resolve queries> Query Filter: Implicitly candidating C:\Users\rafar\.codeql\packages\codeql\python-queries\1.8.9\Security\CWE-732\WeakFilePermissions.ql.
[2026-09-08 18:55:46] [SPAMMY] resolve queries> Query Filter: Implicitly candidating C:\Users\rafar\.codeql\packages\codeql\python-queries\1.8.9\Security\CWE-776\XmlBomb.ql.
[2026-09-08 18:55:46] [SPAMMY] resolve queries> Query Filter: Implicitly candidating C:\Users\rafar\.codeql\packages\codeql\python-queries\1.8.9\Security\CWE-798\HardcodedCredentials.ql.
[2026-09-08 18:55:46] [SPAMMY] resolve queries> Query Filter: Implicitly candidating C:\Users\rafar\.codeql\packages\codeql\python-queries\1.8.9\Security\CWE-918\FullServerSideRequestForgery.ql.
[2026-09-08 18:55:46] [SPAMMY] resolve queries> Query Filter: Implicitly candidating C:\Users\rafar\.codeql\packages\codeql\python-queries\1.8.9\Security\CWE-918\PartialServerSideRequestForgery.ql.
[2026-09-08 18:55:46] [SPAMMY] resolve queries> Query Filter: Implicitly candidating C:\Users\rafar\.codeql\packages\codeql\python-queries\1.8.9\Security\CWE-943\NoSqlInjection.ql.
[2026-09-08 18:55:46] [SPAMMY] resolve queries> Query Filter: Implicitly candidating C:\Users\rafar\.codeql\packages\codeql\python-queries\1.8.9\Statements\AssertLiteralConstant.ql.
[2026-09-08 18:55:46] [SPAMMY] resolve queries> Query Filter: Implicitly candidating C:\Users\rafar\.codeql\packages\codeql\python-queries\1.8.9\Statements\AssertOnTuple.ql.
[2026-09-08 18:55:46] [SPAMMY] resolve queries> Query Filter: Implicitly candidating C:\Users\rafar\.codeql\packages\codeql\python-queries\1.8.9\Statements\BreakOrReturnInFinally.ql.
[2026-09-08 18:55:46] [SPAMMY] resolve queries> Query Filter: Implicitly candidating C:\Users\rafar\.codeql\packages\codeql\python-queries\1.8.9\Statements\ConstantInConditional.ql.
[2026-09-08 18:55:46] [SPAMMY] resolve queries> Query Filter: Implicitly candidating C:\Users\rafar\.codeql\packages\codeql\python-queries\1.8.9\Statements\C_StyleParentheses.ql.
[2026-09-08 18:55:46] [SPAMMY] resolve queries> Query Filter: Implicitly candidating C:\Users\rafar\.codeql\packages\codeql\python-queries\1.8.9\Statements\DocStrings.ql.
[2026-09-08 18:55:46] [SPAMMY] resolve queries> Query Filter: Implicitly candidating C:\Users\rafar\.codeql\packages\codeql\python-queries\1.8.9\Statements\ExecUsed.ql.
[2026-09-08 18:55:46] [SPAMMY] resolve queries> Query Filter: Implicitly candidating C:\Users\rafar\.codeql\packages\codeql\python-queries\1.8.9\Statements\IterableStringOrSequence.ql.
[2026-09-08 18:55:46] [SPAMMY] resolve queries> Query Filter: Implicitly candidating C:\Users\rafar\.codeql\packages\codeql\python-queries\1.8.9\Statements\MismatchInMultipleAssignment.ql.
[2026-09-08 18:55:46] [SPAMMY] resolve queries> Query Filter: Implicitly candidating C:\Users\rafar\.codeql\packages\codeql\python-queries\1.8.9\Statements\ModificationOfLocals.ql.
[2026-09-08 18:55:46] [SPAMMY] resolve queries> Query Filter: Implicitly candidating C:\Users\rafar\.codeql\packages\codeql\python-queries\1.8.9\Statements\NestedLoopsSameVariable.ql.
[2026-09-08 18:55:46] [SPAMMY] resolve queries> Query Filter: Implicitly candidating C:\Users\rafar\.codeql\packages\codeql\python-queries\1.8.9\Statements\NestedLoopsSameVariableWithReuse.ql.
[2026-09-08 18:55:46] [SPAMMY] resolve queries> Query Filter: Implicitly candidating C:\Users\rafar\.codeql\packages\codeql\python-queries\1.8.9\Statements\NonIteratorInForLoop.ql.
[2026-09-08 18:55:46] [SPAMMY] resolve queries> Query Filter: Implicitly candidating C:\Users\rafar\.codeql\packages\codeql\python-queries\1.8.9\Statements\RedundantAssignment.ql.
[2026-09-08 18:55:46] [SPAMMY] resolve queries> Query Filter: Implicitly candidating C:\Users\rafar\.codeql\packages\codeql\python-queries\1.8.9\Statements\ReturnOrYieldOutsideFunction.ql.
[2026-09-08 18:55:46] [SPAMMY] resolve queries> Query Filter: Implicitly candidating C:\Users\rafar\.codeql\packages\codeql\python-queries\1.8.9\Statements\ShouldUseWithStatement.ql.
[2026-09-08 18:55:46] [SPAMMY] resolve queries> Query Filter: Implicitly candidating C:\Users\rafar\.codeql\packages\codeql\python-queries\1.8.9\Statements\SideEffectInAssert.ql.
[2026-09-08 18:55:46] [SPAMMY] resolve queries> Query Filter: Implicitly candidating C:\Users\rafar\.codeql\packages\codeql\python-queries\1.8.9\Statements\StatementNoEffect.ql.
[2026-09-08 18:55:46] [SPAMMY] resolve queries> Query Filter: Implicitly candidating C:\Users\rafar\.codeql\packages\codeql\python-queries\1.8.9\Statements\StringConcatenationInLoop.ql.
[2026-09-08 18:55:46] [SPAMMY] resolve queries> Query Filter: Implicitly candidating C:\Users\rafar\.codeql\packages\codeql\python-queries\1.8.9\Statements\TopLevelPrint.ql.
[2026-09-08 18:55:46] [SPAMMY] resolve queries> Query Filter: Implicitly candidating C:\Users\rafar\.codeql\packages\codeql\python-queries\1.8.9\Statements\UnnecessaryDelete.ql.
[2026-09-08 18:55:46] [SPAMMY] resolve queries> Query Filter: Implicitly candidating C:\Users\rafar\.codeql\packages\codeql\python-queries\1.8.9\Statements\UnnecessaryElseClause.ql.
[2026-09-08 18:55:46] [SPAMMY] resolve queries> Query Filter: Implicitly candidating C:\Users\rafar\.codeql\packages\codeql\python-queries\1.8.9\Statements\UnnecessaryPass.ql.
[2026-09-08 18:55:46] [SPAMMY] resolve queries> Query Filter: Implicitly candidating C:\Users\rafar\.codeql\packages\codeql\python-queries\1.8.9\Statements\UnreachableCode.ql.
[2026-09-08 18:55:46] [SPAMMY] resolve queries> Query Filter: Implicitly candidating C:\Users\rafar\.codeql\packages\codeql\python-queries\1.8.9\Statements\UnusedExceptionObject.ql.
[2026-09-08 18:55:46] [SPAMMY] resolve queries> Query Filter: Implicitly candidating C:\Users\rafar\.codeql\packages\codeql\python-queries\1.8.9\Statements\UseOfExit.ql.
[2026-09-08 18:55:46] [SPAMMY] resolve queries> Query Filter: Implicitly candidating C:\Users\rafar\.codeql\packages\codeql\python-queries\1.8.9\Summary\LinesOfCode.ql.
[2026-09-08 18:55:46] [SPAMMY] resolve queries> Query Filter: Implicitly candidating C:\Users\rafar\.codeql\packages\codeql\python-queries\1.8.9\Summary\LinesOfUserCode.ql.
[2026-09-08 18:55:46] [SPAMMY] resolve queries> Query Filter: Implicitly candidating C:\Users\rafar\.codeql\packages\codeql\python-queries\1.8.9\Testing\ImpreciseAssert.ql.
[2026-09-08 18:55:46] [SPAMMY] resolve queries> Query Filter: Implicitly candidating C:\Users\rafar\.codeql\packages\codeql\python-queries\1.8.9\utils\modeleditor\FrameworkModeEndpoints.ql.
[2026-09-08 18:55:46] [SPAMMY] resolve queries> Query Filter: Implicitly candidating C:\Users\rafar\.codeql\packages\codeql\python-queries\1.8.9\Variables\Global.ql.
[2026-09-08 18:55:46] [SPAMMY] resolve queries> Query Filter: Implicitly candidating C:\Users\rafar\.codeql\packages\codeql\python-queries\1.8.9\Variables\GlobalAtModuleLevel.ql.
[2026-09-08 18:55:46] [SPAMMY] resolve queries> Query Filter: Implicitly candidating C:\Users\rafar\.codeql\packages\codeql\python-queries\1.8.9\Variables\LeakingListComprehension.ql.
[2026-09-08 18:55:46] [SPAMMY] resolve queries> Query Filter: Implicitly candidating C:\Users\rafar\.codeql\packages\codeql\python-queries\1.8.9\Variables\LoopVariableCapture\LoopVariableCapture.ql.
[2026-09-08 18:55:46] [SPAMMY] resolve queries> Query Filter: Implicitly candidating C:\Users\rafar\.codeql\packages\codeql\python-queries\1.8.9\Variables\MultiplyDefined.ql.
[2026-09-08 18:55:46] [SPAMMY] resolve queries> Query Filter: Implicitly candidating C:\Users\rafar\.codeql\packages\codeql\python-queries\1.8.9\Variables\ShadowBuiltin.ql.
[2026-09-08 18:55:46] [SPAMMY] resolve queries> Query Filter: Implicitly candidating C:\Users\rafar\.codeql\packages\codeql\python-queries\1.8.9\Variables\ShadowGlobal.ql.
[2026-09-08 18:55:46] [SPAMMY] resolve queries> Query Filter: Implicitly candidating C:\Users\rafar\.codeql\packages\codeql\python-queries\1.8.9\Variables\SuspiciousUnusedLoopIterationVariable.ql.
[2026-09-08 18:55:46] [SPAMMY] resolve queries> Query Filter: Implicitly candidating C:\Users\rafar\.codeql\packages\codeql\python-queries\1.8.9\Variables\UndefinedExport.ql.
[2026-09-08 18:55:46] [SPAMMY] resolve queries> Query Filter: Implicitly candidating C:\Users\rafar\.codeql\packages\codeql\python-queries\1.8.9\Variables\UndefinedGlobal.ql.
[2026-09-08 18:55:46] [SPAMMY] resolve queries> Query Filter: Implicitly candidating C:\Users\rafar\.codeql\packages\codeql\python-queries\1.8.9\Variables\UndefinedPlaceHolder.ql.
[2026-09-08 18:55:46] [SPAMMY] resolve queries> Query Filter: Implicitly candidating C:\Users\rafar\.codeql\packages\codeql\python-queries\1.8.9\Variables\UninitializedLocal.ql.
[2026-09-08 18:55:46] [SPAMMY] resolve queries> Query Filter: Implicitly candidating C:\Users\rafar\.codeql\packages\codeql\python-queries\1.8.9\Variables\UnusedLocalVariable.ql.
[2026-09-08 18:55:46] [SPAMMY] resolve queries> Query Filter: Implicitly candidating C:\Users\rafar\.codeql\packages\codeql\python-queries\1.8.9\Variables\UnusedModuleVariable.ql.
[2026-09-08 18:55:46] [SPAMMY] resolve queries> Query Filter: Implicitly candidating C:\Users\rafar\.codeql\packages\codeql\python-queries\1.8.9\Variables\UnusedParameter.ql.
[2026-09-08 18:55:46] [SPAMMY] resolve queries> Query Filter: Including by constraints kind=problem|path-problem; precision=high|very-high; tags contain=security.
[2026-09-08 18:55:46] [SPAMMIER] resolve queries> Query Filter: C:\Users\rafar\.codeql\packages\codeql\python-queries\1.8.9\AlertSuppression.ql failed the constraint of kind (was alert-suppression).
[2026-09-08 18:55:46] [SPAMMIER] resolve queries> Query Filter: C:\Users\rafar\.codeql\packages\codeql\python-queries\1.8.9\analysis\CallGraphEfficiency.ql failed the constraint of kind (not present).
[2026-09-08 18:55:46] [SPAMMIER] resolve queries> Query Filter: C:\Users\rafar\.codeql\packages\codeql\python-queries\1.8.9\analysis\CallGraphMarginalEfficiency.ql failed the constraint of kind (not present).
[2026-09-08 18:55:46] [SPAMMIER] resolve queries> Query Filter: C:\Users\rafar\.codeql\packages\codeql\python-queries\1.8.9\analysis\Consistency.ql failed the constraint of kind (not present).
[2026-09-08 18:55:46] [SPAMMIER] resolve queries> Query Filter: C:\Users\rafar\.codeql\packages\codeql\python-queries\1.8.9\analysis\ContextEfficiency.ql failed the constraint of kind (not present).
[2026-09-08 18:55:46] [SPAMMIER] resolve queries> Query Filter: C:\Users\rafar\.codeql\packages\codeql\python-queries\1.8.9\analysis\ContextMarginalEfficiency.ql failed the constraint of kind (not present).
[2026-09-08 18:55:46] [SPAMMIER] resolve queries> Query Filter: C:\Users\rafar\.codeql\packages\codeql\python-queries\1.8.9\analysis\Definitions.ql failed the constraint of kind (was definitions).
[2026-09-08 18:55:46] [SPAMMIER] resolve queries> Query Filter: C:\Users\rafar\.codeql\packages\codeql\python-queries\1.8.9\analysis\Efficiency.ql failed the constraint of kind (not present).
[2026-09-08 18:55:46] [SPAMMIER] resolve queries> Query Filter: C:\Users\rafar\.codeql\packages\codeql\python-queries\1.8.9\analysis\FailedInference.ql failed the constraint of kind (not present).
[2026-09-08 18:55:46] [SPAMMIER] resolve queries> Query Filter: C:\Users\rafar\.codeql\packages\codeql\python-queries\1.8.9\analysis\ImportFailure.ql failed the constraint of precision (not present).
[2026-09-08 18:55:46] [SPAMMIER] resolve queries> Query Filter: C:\Users\rafar\.codeql\packages\codeql\python-queries\1.8.9\analysis\KeyPointsToFailure.ql failed the constraint of precision (not present).
[2026-09-08 18:55:46] [SPAMMIER] resolve queries> Query Filter: C:\Users\rafar\.codeql\packages\codeql\python-queries\1.8.9\analysis\PointsToFailure.ql failed the constraint of precision (not present).
[2026-09-08 18:55:46] [SPAMMIER] resolve queries> Query Filter: C:\Users\rafar\.codeql\packages\codeql\python-queries\1.8.9\analysis\Pruned.ql failed the constraint of kind (not present).
[2026-09-08 18:55:46] [SPAMMIER] resolve queries> Query Filter: C:\Users\rafar\.codeql\packages\codeql\python-queries\1.8.9\analysis\RatioOfDefinitions.ql failed the constraint of kind (not present).
[2026-09-08 18:55:46] [SPAMMIER] resolve queries> Query Filter: C:\Users\rafar\.codeql\packages\codeql\python-queries\1.8.9\analysis\Summary.ql failed the constraint of kind (not present).
[2026-09-08 18:55:46] [SPAMMIER] resolve queries> Query Filter: C:\Users\rafar\.codeql\packages\codeql\python-queries\1.8.9\analysis\TypeHierarchyFailure.ql failed the constraint of precision (not present).
[2026-09-08 18:55:46] [SPAMMIER] resolve queries> Query Filter: C:\Users\rafar\.codeql\packages\codeql\python-queries\1.8.9\analysis\TypeInferenceFailure.ql failed the constraint of precision (not present).
[2026-09-08 18:55:46] [SPAMMIER] resolve queries> Query Filter: C:\Users\rafar\.codeql\packages\codeql\python-queries\1.8.9\Classes\CallsToInitDel\MissingCallToDel.ql failed 'tags contain` constraint [quality, reliability, correctness, performance]
[2026-09-08 18:55:46] [SPAMMIER] resolve queries> Query Filter: C:\Users\rafar\.codeql\packages\codeql\python-queries\1.8.9\Classes\CallsToInitDel\MissingCallToInit.ql failed 'tags contain` constraint [quality, reliability, correctness]
[2026-09-08 18:55:46] [SPAMMIER] resolve queries> Query Filter: C:\Users\rafar\.codeql\packages\codeql\python-queries\1.8.9\Classes\CallsToInitDel\SuperclassDelCalledMultipleTimes.ql failed 'tags contain` constraint [quality, reliability, correctness]
[2026-09-08 18:55:46] [SPAMMIER] resolve queries> Query Filter: C:\Users\rafar\.codeql\packages\codeql\python-queries\1.8.9\Classes\CallsToInitDel\SuperclassInitCalledMultipleTimes.ql failed 'tags contain` constraint [quality, reliability, correctness]
[2026-09-08 18:55:46] [SPAMMIER] resolve queries> Query Filter: C:\Users\rafar\.codeql\packages\codeql\python-queries\1.8.9\Classes\Comparisons\EqualsOrHash.ql failed 'tags contain` constraint [quality, reliability, correctness, external/cwe/cwe-581]
[2026-09-08 18:55:46] [SPAMMIER] resolve queries> Query Filter: C:\Users\rafar\.codeql\packages\codeql\python-queries\1.8.9\Classes\Comparisons\EqualsOrNotEquals.ql failed 'tags contain` constraint [quality, reliability, correctness]
[2026-09-08 18:55:46] [SPAMMIER] resolve queries> Query Filter: C:\Users\rafar\.codeql\packages\codeql\python-queries\1.8.9\Classes\Comparisons\IncompleteOrdering.ql failed 'tags contain` constraint [quality, reliability, correctness]
[2026-09-08 18:55:46] [SPAMMIER] resolve queries> Query Filter: C:\Users\rafar\.codeql\packages\codeql\python-queries\1.8.9\Classes\ConflictingAttributesInBaseClasses.ql failed 'tags contain` constraint [quality, reliability, correctness]
[2026-09-08 18:55:46] [SPAMMIER] resolve queries> Query Filter: C:\Users\rafar\.codeql\packages\codeql\python-queries\1.8.9\Classes\DefineEqualsWhenAddingAttributes.ql failed 'tags contain` constraint [quality, reliability, correctness]
[2026-09-08 18:55:46] [SPAMMIER] resolve queries> Query Filter: C:\Users\rafar\.codeql\packages\codeql\python-queries\1.8.9\Classes\InconsistentMRO.ql failed 'tags contain` constraint [quality, reliability, correctness]
[2026-09-08 18:55:46] [SPAMMIER] resolve queries> Query Filter: C:\Users\rafar\.codeql\packages\codeql\python-queries\1.8.9\Classes\InitCallsSubclass\InitCallsSubclassMethod.ql failed 'tags contain` constraint [reliability, correctness, quality]
[2026-09-08 18:55:46] [SPAMMIER] resolve queries> Query Filter: C:\Users\rafar\.codeql\packages\codeql\python-queries\1.8.9\Classes\MaybeUndefinedClassAttribute.ql failed the constraint of precision (was low).
[2026-09-08 18:55:46] [SPAMMIER] resolve queries> Query Filter: C:\Users\rafar\.codeql\packages\codeql\python-queries\1.8.9\Classes\MutatingDescriptor.ql failed 'tags contain` constraint [quality, reliability, correctness]
[2026-09-08 18:55:46] [SPAMMIER] resolve queries> Query Filter: C:\Users\rafar\.codeql\packages\codeql\python-queries\1.8.9\Classes\OverwritingAttributeInSuperClass.ql failed the constraint of precision (was medium).
[2026-09-08 18:55:46] [SPAMMIER] resolve queries> Query Filter: C:\Users\rafar\.codeql\packages\codeql\python-queries\1.8.9\Classes\PropertyInOldStyleClass.ql failed 'tags contain` constraint [portability, correctness]
[2026-09-08 18:55:46] [SPAMMIER] resolve queries> Query Filter: C:\Users\rafar\.codeql\packages\codeql\python-queries\1.8.9\Classes\ShouldBeContextManager.ql failed the constraint of precision (was medium).
[2026-09-08 18:55:46] [SPAMMIER] resolve queries> Query Filter: C:\Users\rafar\.codeql\packages\codeql\python-queries\1.8.9\Classes\SlotsInOldStyleClass.ql failed 'tags contain` constraint [portability, correctness]
[2026-09-08 18:55:46] [SPAMMIER] resolve queries> Query Filter: C:\Users\rafar\.codeql\packages\codeql\python-queries\1.8.9\Classes\SubclassShadowing\SubclassShadowing.ql failed 'tags contain` constraint [quality, reliability, correctness]
[2026-09-08 18:55:46] [SPAMMIER] resolve queries> Query Filter: C:\Users\rafar\.codeql\packages\codeql\python-queries\1.8.9\Classes\SuperInOldStyleClass.ql failed 'tags contain` constraint [portability, correctness]
[2026-09-08 18:55:46] [SPAMMIER] resolve queries> Query Filter: C:\Users\rafar\.codeql\packages\codeql\python-queries\1.8.9\Classes\UndefinedClassAttribute.ql failed the constraint of precision (was low).
[2026-09-08 18:55:46] [SPAMMIER] resolve queries> Query Filter: C:\Users\rafar\.codeql\packages\codeql\python-queries\1.8.9\Classes\UselessClass.ql failed the constraint of precision (was medium).
[2026-09-08 18:55:46] [SPAMMIER] resolve queries> Query Filter: C:\Users\rafar\.codeql\packages\codeql\python-queries\1.8.9\Classes\WrongNameForArgumentInClassInstantiation.ql failed 'tags contain` constraint [quality, reliability, correctness, external/cwe/cwe-628]
[2026-09-08 18:55:46] [SPAMMIER] resolve queries> Query Filter: C:\Users\rafar\.codeql\packages\codeql\python-queries\1.8.9\Classes\WrongNumberArgumentsInClassInstantiation.ql failed 'tags contain` constraint [quality, reliability, correctness, external/cwe/cwe-685]
[2026-09-08 18:55:46] [SPAMMIER] resolve queries> Query Filter: C:\Users\rafar\.codeql\packages\codeql\python-queries\1.8.9\Diagnostics\ExtractedFiles.ql failed the constraint of kind (was diagnostic).
[2026-09-08 18:55:46] [SPAMMIER] resolve queries> Query Filter: C:\Users\rafar\.codeql\packages\codeql\python-queries\1.8.9\Diagnostics\ExtractionWarnings.ql failed the constraint of kind (was diagnostic).
[2026-09-08 18:55:46] [SPAMMIER] resolve queries> Query Filter: C:\Users\rafar\.codeql\packages\codeql\python-queries\1.8.9\Exceptions\CatchingBaseException.ql failed 'tags contain` constraint [quality, reliability, error-handling, external/cwe/cwe-396]
[2026-09-08 18:55:46] [SPAMMIER] resolve queries> Query Filter: C:\Users\rafar\.codeql\packages\codeql\python-queries\1.8.9\Exceptions\EmptyExcept.ql failed 'tags contain` constraint [quality, reliability, error-handling, external/cwe/cwe-390]
[2026-09-08 18:55:46] [SPAMMIER] resolve queries> Query Filter: C:\Users\rafar\.codeql\packages\codeql\python-queries\1.8.9\Exceptions\IllegalExceptionHandlerType.ql failed 'tags contain` constraint [quality, reliability, error-handling]
[2026-09-08 18:55:46] [SPAMMIER] resolve queries> Query Filter: C:\Users\rafar\.codeql\packages\codeql\python-queries\1.8.9\Exceptions\IllegalRaise.ql failed 'tags contain` constraint [quality, reliability, error-handling]
[2026-09-08 18:55:46] [SPAMMIER] resolve queries> Query Filter: C:\Users\rafar\.codeql\packages\codeql\python-queries\1.8.9\Exceptions\IncorrectExceptOrder.ql failed 'tags contain` constraint [quality, reliability, error-handling, external/cwe/cwe-561]
[2026-09-08 18:55:46] [SPAMMIER] resolve queries> Query Filter: C:\Users\rafar\.codeql\packages\codeql\python-queries\1.8.9\Exceptions\NotImplementedIsNotAnException.ql failed 'tags contain` constraint [quality, reliability, error-handling]
[2026-09-08 18:55:46] [SPAMMIER] resolve queries> Query Filter: C:\Users\rafar\.codeql\packages\codeql\python-queries\1.8.9\Exceptions\RaisingTuple.ql failed 'tags contain` constraint [maintainability]
[2026-09-08 18:55:46] [SPAMMIER] resolve queries> Query Filter: C:\Users\rafar\.codeql\packages\codeql\python-queries\1.8.9\Exceptions\UnguardedNextInGenerator.ql failed 'tags contain` constraint [maintainability, portability]
[2026-09-08 18:55:46] [SPAMMIER] resolve queries> Query Filter: C:\Users\rafar\.codeql\packages\codeql\python-queries\1.8.9\experimental\Classes\NamingConventionsClasses.ql failed the constraint of precision (not present).
[2026-09-08 18:55:46] [SPAMMIER] resolve queries> Query Filter: C:\Users\rafar\.codeql\packages\codeql\python-queries\1.8.9\experimental\cryptography\example_alerts\UnknownAsymmetricKeyGen.ql failed 'tags contain` constraint [external/cwe/cwe-326]
[2026-09-08 18:55:46] [SPAMMIER] resolve queries> Query Filter: C:\Users\rafar\.codeql\packages\codeql\python-queries\1.8.9\experimental\cryptography\example_alerts\WeakAsymmetricKeyGen.ql failed 'tags contain` constraint [external/cwe/cwe-326]
[2026-09-08 18:55:46] [SPAMMIER] resolve queries> Query Filter: C:\Users\rafar\.codeql\packages\codeql\python-queries\1.8.9\experimental\cryptography\example_alerts\WeakAsymmetricPadding.ql failed 'tags contain` constraint []
[2026-09-08 18:55:46] [SPAMMIER] resolve queries> Query Filter: C:\Users\rafar\.codeql\packages\codeql\python-queries\1.8.9\experimental\cryptography\example_alerts\WeakBlockMode.ql failed 'tags contain` constraint [external/cwe/cwe-327]
[2026-09-08 18:55:46] [SPAMMIER] resolve queries> Query Filter: C:\Users\rafar\.codeql\packages\codeql\python-queries\1.8.9\experimental\cryptography\example_alerts\WeakBlockModeIVorNonce.ql failed 'tags contain` constraint []
[2026-09-08 18:55:46] [SPAMMIER] resolve queries> Query Filter: C:\Users\rafar\.codeql\packages\codeql\python-queries\1.8.9\experimental\cryptography\example_alerts\WeakEllipticCurve.ql failed 'tags contain` constraint [external/cwe/cwe-327]
[2026-09-08 18:55:46] [SPAMMIER] resolve queries> Query Filter: C:\Users\rafar\.codeql\packages\codeql\python-queries\1.8.9\experimental\cryptography\example_alerts\WeakHashes.ql failed 'tags contain` constraint [external/cwe/cwe-327]
[2026-09-08 18:55:46] [SPAMMIER] resolve queries> Query Filter: C:\Users\rafar\.codeql\packages\codeql\python-queries\1.8.9\experimental\cryptography\example_alerts\WeakKDFAlgorithm.ql failed 'tags contain` constraint []
[2026-09-08 18:55:46] [SPAMMIER] resolve queries> Query Filter: C:\Users\rafar\.codeql\packages\codeql\python-queries\1.8.9\experimental\cryptography\example_alerts\WeakKDFIteration.ql failed 'tags contain` constraint []
[2026-09-08 18:55:46] [SPAMMIER] resolve queries> Query Filter: C:\Users\rafar\.codeql\packages\codeql\python-queries\1.8.9\experimental\cryptography\example_alerts\WeakKDFKeyLength.ql failed 'tags contain` constraint []
[2026-09-08 18:55:46] [SPAMMIER] resolve queries> Query Filter: C:\Users\rafar\.codeql\packages\codeql\python-queries\1.8.9\experimental\cryptography\example_alerts\WeakKDFMode.ql failed 'tags contain` constraint []
[2026-09-08 18:55:46] [SPAMMIER] resolve queries> Query Filter: C:\Users\rafar\.codeql\packages\codeql\python-queries\1.8.9\experimental\cryptography\example_alerts\WeakKDFSaltGen.ql failed 'tags contain` constraint []
[2026-09-08 18:55:46] [SPAMMIER] resolve queries> Query Filter: C:\Users\rafar\.codeql\packages\codeql\python-queries\1.8.9\experimental\cryptography\example_alerts\WeakKDFSaltSize.ql failed 'tags contain` constraint []
[2026-09-08 18:55:46] [SPAMMIER] resolve queries> Query Filter: C:\Users\rafar\.codeql\packages\codeql\python-queries\1.8.9\experimental\cryptography\example_alerts\WeakSymmetricEncryption.ql failed 'tags contain` constraint [external/cwe/cwe-327]
[2026-09-08 18:55:46] [SPAMMIER] resolve queries> Query Filter: C:\Users\rafar\.codeql\packages\codeql\python-queries\1.8.9\experimental\cryptography\inventory\new_models\AllAsymmetricAlgorithms.ql failed the constraint of precision (not present).
[2026-09-08 18:55:46] [SPAMMIER] resolve queries> Query Filter: C:\Users\rafar\.codeql\packages\codeql\python-queries\1.8.9\experimental\cryptography\inventory\new_models\AllCryptoAlgorithms.ql failed the constraint of precision (not present).
[2026-09-08 18:55:46] [SPAMMIER] resolve queries> Query Filter: C:\Users\rafar\.codeql\packages\codeql\python-queries\1.8.9\experimental\cryptography\inventory\new_models\AsymmetricEncryptionAlgorithms.ql failed the constraint of precision (not present).
[2026-09-08 18:55:46] [SPAMMIER] resolve queries> Query Filter: C:\Users\rafar\.codeql\packages\codeql\python-queries\1.8.9\experimental\cryptography\inventory\new_models\AsymmetricKeyGenOperation.ql failed the constraint of precision (not present).
[2026-09-08 18:55:46] [SPAMMIER] resolve queries> Query Filter: C:\Users\rafar\.codeql\packages\codeql\python-queries\1.8.9\experimental\cryptography\inventory\new_models\AsymmetricPaddingAlgorithms.ql failed the constraint of precision (not present).
[2026-09-08 18:55:46] [SPAMMIER] resolve queries> Query Filter: C:\Users\rafar\.codeql\packages\codeql\python-queries\1.8.9\experimental\cryptography\inventory\new_models\AuthenticatedEncryptionAlgorithms.ql failed the constraint of precision (not present).
[2026-09-08 18:55:46] [SPAMMIER] resolve queries> Query Filter: C:\Users\rafar\.codeql\packages\codeql\python-queries\1.8.9\experimental\cryptography\inventory\new_models\BlockModeAlgorithms.ql failed the constraint of precision (not present).
[2026-09-08 18:55:46] [SPAMMIER] resolve queries> Query Filter: C:\Users\rafar\.codeql\packages\codeql\python-queries\1.8.9\experimental\cryptography\inventory\new_models\BlockModeKnownIVsOrNonces.ql failed the constraint of precision (not present).
[2026-09-08 18:55:46] [SPAMMIER] resolve queries> Query Filter: C:\Users\rafar\.codeql\packages\codeql\python-queries\1.8.9\experimental\cryptography\inventory\new_models\BlockModeUnknownIVsOrNonces.ql failed the constraint of precision (not present).
[2026-09-08 18:55:46] [SPAMMIER] resolve queries> Query Filter: C:\Users\rafar\.codeql\packages\codeql\python-queries\1.8.9\experimental\cryptography\inventory\new_models\EllipticCurveAlgorithms.ql failed the constraint of precision (not present).
[2026-09-08 18:55:46] [SPAMMIER] resolve queries> Query Filter: C:\Users\rafar\.codeql\packages\codeql\python-queries\1.8.9\experimental\cryptography\inventory\new_models\HashingAlgorithms.ql failed the constraint of precision (not present).
[2026-09-08 18:55:46] [SPAMMIER] resolve queries> Query Filter: C:\Users\rafar\.codeql\packages\codeql\python-queries\1.8.9\experimental\cryptography\inventory\new_models\KeyDerivationAlgorithms.ql failed the constraint of precision (not present).
[2026-09-08 18:55:46] [SPAMMIER] resolve queries> Query Filter: C:\Users\rafar\.codeql\packages\codeql\python-queries\1.8.9\experimental\cryptography\inventory\new_models\KeyExchangeAlgorithms.ql failed the constraint of precision (not present).
[2026-09-08 18:55:46] [SPAMMIER] resolve queries> Query Filter: C:\Users\rafar\.codeql\packages\codeql\python-queries\1.8.9\experimental\cryptography\inventory\new_models\SigningAlgorithms.ql failed the constraint of precision (not present).
[2026-09-08 18:55:46] [SPAMMIER] resolve queries> Query Filter: C:\Users\rafar\.codeql\packages\codeql\python-queries\1.8.9\experimental\cryptography\inventory\new_models\SymmetricEncryptionAlgorithms.ql failed the constraint of precision (not present).
[2026-09-08 18:55:46] [SPAMMIER] resolve queries> Query Filter: C:\Users\rafar\.codeql\packages\codeql\python-queries\1.8.9\experimental\cryptography\inventory\new_models\SymmetricPaddingAlgorithms.ql failed the constraint of precision (not present).
[2026-09-08 18:55:46] [SPAMMIER] resolve queries> Query Filter: C:\Users\rafar\.codeql\packages\codeql\python-queries\1.8.9\experimental\cryptography\inventory\old_models\AllCryptoAlgorithms.ql failed the constraint of precision (not present).
[2026-09-08 18:55:46] [SPAMMIER] resolve queries> Query Filter: C:\Users\rafar\.codeql\packages\codeql\python-queries\1.8.9\experimental\cryptography\inventory\old_models\BlockModeAlgorithms.ql failed the constraint of precision (not present).
[2026-09-08 18:55:46] [SPAMMIER] resolve queries> Query Filter: C:\Users\rafar\.codeql\packages\codeql\python-queries\1.8.9\experimental\cryptography\inventory\old_models\HashingAlgorithms.ql failed the constraint of precision (not present).
[2026-09-08 18:55:46] [SPAMMIER] resolve queries> Query Filter: C:\Users\rafar\.codeql\packages\codeql\python-queries\1.8.9\experimental\Functions\NamingConventionsFunctions.ql failed the constraint of precision (not present).
[2026-09-08 18:55:46] [SPAMMY] resolve queries> Query Filter: Including C:\Users\rafar\.codeql\packages\codeql\python-queries\1.8.9\experimental\Security\CWE-022\ZipSlip.ql.
[2026-09-08 18:55:46] [SPAMMY] resolve queries> Query Filter: Including C:\Users\rafar\.codeql\packages\codeql\python-queries\1.8.9\experimental\Security\CWE-022bis\TarSlipImprov.ql.
[2026-09-08 18:55:46] [SPAMMIER] resolve queries> Query Filter: C:\Users\rafar\.codeql\packages\codeql\python-queries\1.8.9\experimental\Security\CWE-022bis\UnsafeUnpack.ql failed the constraint of precision (was medium).
[2026-09-08 18:55:46] [SPAMMY] resolve queries> Query Filter: Including C:\Users\rafar\.codeql\packages\codeql\python-queries\1.8.9\experimental\Security\CWE-074\remoteCommandExecution\RemoteCommandExecution.ql.
[2026-09-08 18:55:46] [SPAMMIER] resolve queries> Query Filter: C:\Users\rafar\.codeql\packages\codeql\python-queries\1.8.9\experimental\Security\CWE-079\EmailXss.ql failed the constraint of precision (not present).
[2026-09-08 18:55:46] [SPAMMY] resolve queries> Query Filter: Including C:\Users\rafar\.codeql\packages\codeql\python-queries\1.8.9\experimental\Security\CWE-091\XsltInjection.ql.
[2026-09-08 18:55:46] [SPAMMY] resolve queries> Query Filter: Including C:\Users\rafar\.codeql\packages\codeql\python-queries\1.8.9\experimental\Security\CWE-094\Js2Py.ql.
[2026-09-08 18:55:46] [SPAMMIER] resolve queries> Query Filter: C:\Users\rafar\.codeql\packages\codeql\python-queries\1.8.9\experimental\Security\CWE-1236\CsvInjection.ql failed the constraint of precision (not present).
[2026-09-08 18:55:46] [SPAMMY] resolve queries> Query Filter: Including C:\Users\rafar\.codeql\packages\codeql\python-queries\1.8.9\experimental\Security\CWE-1427\PromptInjection.ql.
[2026-09-08 18:55:46] [SPAMMY] resolve queries> Query Filter: Including C:\Users\rafar\.codeql\packages\codeql\python-queries\1.8.9\experimental\Security\CWE-176\UnicodeBypassValidation.ql.
[2026-09-08 18:55:46] [SPAMMIER] resolve queries> Query Filter: C:\Users\rafar\.codeql\packages\codeql\python-queries\1.8.9\experimental\Security\CWE-208\TimingAttackAgainstHash\PossibleTimingAttackAgainstHash.ql failed the constraint of precision (was low).
[2026-09-08 18:55:46] [SPAMMIER] resolve queries> Query Filter: C:\Users\rafar\.codeql\packages\codeql\python-queries\1.8.9\experimental\Security\CWE-208\TimingAttackAgainstHash\TimingAttackAgainstHash.ql failed the constraint of precision (was low).
[2026-09-08 18:55:46] [SPAMMY] resolve queries> Query Filter: Including C:\Users\rafar\.codeql\packages\codeql\python-queries\1.8.9\experimental\Security\CWE-208\TimingAttackAgainstHeaderValue\TimingAttackAgainstHeaderValue.ql.
[2026-09-08 18:55:46] [SPAMMIER] resolve queries> Query Filter: C:\Users\rafar\.codeql\packages\codeql\python-queries\1.8.9\experimental\Security\CWE-208\TimingAttackAgainstSensitiveInfo\PossibleTimingAttackAgainstSensitiveInfo.ql failed the constraint of precision (was low).
[2026-09-08 18:55:46] [SPAMMIER] resolve queries> Query Filter: C:\Users\rafar\.codeql\packages\codeql\python-queries\1.8.9\experimental\Security\CWE-208\TimingAttackAgainstSensitiveInfo\TimingAttackAgainstSensitiveInfo.ql failed the constraint of precision (was low).
[2026-09-08 18:55:46] [SPAMMIER] resolve queries> Query Filter: C:\Users\rafar\.codeql\packages\codeql\python-queries\1.8.9\experimental\Security\CWE-287\ImproperLdapAuth.ql failed the constraint of precision (not present).
[2026-09-08 18:55:46] [SPAMMY] resolve queries> Query Filter: Including C:\Users\rafar\.codeql\packages\codeql\python-queries\1.8.9\experimental\Security\CWE-287-ConstantSecretKey\WebAppConstantSecretKey.ql.
[2026-09-08 18:55:46] [SPAMMIER] resolve queries> Query Filter: C:\Users\rafar\.codeql\packages\codeql\python-queries\1.8.9\experimental\Security\CWE-327\Azure\UnsafeUsageOfClientSideEncryptionVersion.ql failed the constraint of precision (was medium).
[2026-09-08 18:55:46] [SPAMMY] resolve queries> Query Filter: Including C:\Users\rafar\.codeql\packages\codeql\python-queries\1.8.9\experimental\Security\CWE-338\InsecureRandomness.ql.
[2026-09-08 18:55:46] [SPAMMIER] resolve queries> Query Filter: C:\Users\rafar\.codeql\packages\codeql\python-queries\1.8.9\experimental\Security\CWE-340\TokenBuiltFromUUID.ql failed the constraint of precision (was medium).
[2026-09-08 18:55:46] [SPAMMIER] resolve queries> Query Filter: C:\Users\rafar\.codeql\packages\codeql\python-queries\1.8.9\experimental\Security\CWE-346\CorsBypass.ql failed the constraint of precision (not present).
[2026-09-08 18:55:46] [SPAMMIER] resolve queries> Query Filter: C:\Users\rafar\.codeql\packages\codeql\python-queries\1.8.9\experimental\Security\CWE-347\JWTEmptyKeyOrAlgorithm.ql failed the constraint of precision (not present).
[2026-09-08 18:55:46] [SPAMMIER] resolve queries> Query Filter: C:\Users\rafar\.codeql\packages\codeql\python-queries\1.8.9\experimental\Security\CWE-347\JWTMissingSecretOrPublicKeyVerification.ql failed the constraint of precision (not present).
[2026-09-08 18:55:46] [SPAMMY] resolve queries> Query Filter: Including C:\Users\rafar\.codeql\packages\codeql\python-queries\1.8.9\experimental\Security\CWE-348\ClientSuppliedIpUsedInSecurityCheck.ql.
[2026-09-08 18:55:46] [SPAMMY] resolve queries> Query Filter: Including C:\Users\rafar\.codeql\packages\codeql\python-queries\1.8.9\experimental\Security\CWE-409\DecompressionBombs.ql.
[2026-09-08 18:55:46] [SPAMMIER] resolve queries> Query Filter: C:\Users\rafar\.codeql\packages\codeql\python-queries\1.8.9\experimental\Security\CWE-522\LdapInsecureAuth.ql failed the constraint of precision (not present).
[2026-09-08 18:55:46] [SPAMMY] resolve queries> Query Filter: Including C:\Users\rafar\.codeql\packages\codeql\python-queries\1.8.9\experimental\Security\CWE-611\SimpleXmlRpcServer.ql.
[2026-09-08 18:55:46] [SPAMMY] resolve queries> Query Filter: Including C:\Users\rafar\.codeql\packages\codeql\python-queries\1.8.9\experimental\Security\CWE-770\UnicodeDoS.ql.
[2026-09-08 18:55:46] [SPAMMY] resolve queries> Query Filter: Including C:\Users\rafar\.codeql\packages\codeql\python-queries\1.8.9\experimental\Security\CWE-942\CorsMisconfigurationMiddleware.ql.
[2026-09-08 18:55:46] [SPAMMIER] resolve queries> Query Filter: C:\Users\rafar\.codeql\packages\codeql\python-queries\1.8.9\Expressions\CallToSuperWrongClass.ql failed 'tags contain` constraint [quality, reliability, correctness, external/cwe/cwe-687]
[2026-09-08 18:55:46] [SPAMMIER] resolve queries> Query Filter: C:\Users\rafar\.codeql\packages\codeql\python-queries\1.8.9\Expressions\CompareConstants.ql failed 'tags contain` constraint [quality, maintainability, useless-code, external/cwe/cwe-570, external/cwe/cwe-571]
[2026-09-08 18:55:46] [SPAMMIER] resolve queries> Query Filter: C:\Users\rafar\.codeql\packages\codeql\python-queries\1.8.9\Expressions\CompareIdenticalValues.ql failed 'tags contain` constraint [quality, maintainability, readability, external/cwe/cwe-570, external/cwe/cwe-571]
[2026-09-08 18:55:46] [SPAMMIER] resolve queries> Query Filter: C:\Users\rafar\.codeql\packages\codeql\python-queries\1.8.9\Expressions\CompareIdenticalValuesMissingSelf.ql failed 'tags contain` constraint [quality, reliability, correctness, external/cwe/cwe-570, external/cwe/cwe-571]
[2026-09-08 18:55:46] [SPAMMIER] resolve queries> Query Filter: C:\Users\rafar\.codeql\packages\codeql\python-queries\1.8.9\Expressions\Comparisons\UselessComparisonTest.ql failed 'tags contain` constraint [quality, maintainability, useless-code, external/cwe/cwe-561, external/cwe/cwe-570, external/cwe/cwe-571]
[2026-09-08 18:55:46] [SPAMMIER] resolve queries> Query Filter: C:\Users\rafar\.codeql\packages\codeql\python-queries\1.8.9\Expressions\ContainsNonContainer.ql failed 'tags contain` constraint [quality, reliability, correctness]
[2026-09-08 18:55:46] [SPAMMIER] resolve queries> Query Filter: C:\Users\rafar\.codeql\packages\codeql\python-queries\1.8.9\Expressions\DuplicateKeyInDictionaryLiteral.ql failed 'tags contain` constraint [quality, maintainability, useless-code, external/cwe/cwe-561]
[2026-09-08 18:55:46] [SPAMMIER] resolve queries> Query Filter: C:\Users\rafar\.codeql\packages\codeql\python-queries\1.8.9\Expressions\EqualsNone.ql failed 'tags contain` constraint [quality, reliability, correctness, performance]
[2026-09-08 18:55:46] [SPAMMIER] resolve queries> Query Filter: C:\Users\rafar\.codeql\packages\codeql\python-queries\1.8.9\Expressions\ExpectedMappingForFormatString.ql failed 'tags contain` constraint [quality, reliability, correctness]
[2026-09-08 18:55:46] [SPAMMIER] resolve queries> Query Filter: C:\Users\rafar\.codeql\packages\codeql\python-queries\1.8.9\Expressions\ExplicitCallToDel.ql failed 'tags contain` constraint [quality, reliability, correctness]
[2026-09-08 18:55:46] [SPAMMIER] resolve queries> Query Filter: C:\Users\rafar\.codeql\packages\codeql\python-queries\1.8.9\Expressions\Formatting\MixedExplicitImplicitIn3101Format.ql failed 'tags contain` constraint [quality, reliability, correctness]
[2026-09-08 18:55:46] [SPAMMIER] resolve queries> Query Filter: C:\Users\rafar\.codeql\packages\codeql\python-queries\1.8.9\Expressions\Formatting\UnusedArgumentIn3101Format.ql failed 'tags contain` constraint [quality, maintainability, useless-code]
[2026-09-08 18:55:46] [SPAMMIER] resolve queries> Query Filter: C:\Users\rafar\.codeql\packages\codeql\python-queries\1.8.9\Expressions\Formatting\UnusedNamedArgumentIn3101Format.ql failed 'tags contain` constraint [quality, maintainability, useless-code]
[2026-09-08 18:55:47] [SPAMMIER] resolve queries> Query Filter: C:\Users\rafar\.codeql\packages\codeql\python-queries\1.8.9\Expressions\Formatting\WrongNameInArgumentsFor3101Format.ql failed 'tags contain` constraint [quality, reliability, correctness]
[2026-09-08 18:55:47] [SPAMMIER] resolve queries> Query Filter: C:\Users\rafar\.codeql\packages\codeql\python-queries\1.8.9\Expressions\Formatting\WrongNumberArgumentsFor3101Format.ql failed 'tags contain` constraint [quality, reliability, correctness]
[2026-09-08 18:55:47] [SPAMMIER] resolve queries> Query Filter: C:\Users\rafar\.codeql\packages\codeql\python-queries\1.8.9\Expressions\HashedButNoHash.ql failed 'tags contain` constraint [quality, reliability, correctness]
[2026-09-08 18:55:47] [SPAMMIER] resolve queries> Query Filter: C:\Users\rafar\.codeql\packages\codeql\python-queries\1.8.9\Expressions\IncorrectComparisonUsingIs.ql failed 'tags contain` constraint [quality, reliability, correctness]
[2026-09-08 18:55:47] [SPAMMIER] resolve queries> Query Filter: C:\Users\rafar\.codeql\packages\codeql\python-queries\1.8.9\Expressions\NonCallableCalled.ql failed 'tags contain` constraint [quality, reliability, correctness]
[2026-09-08 18:55:47] [SPAMMIER] resolve queries> Query Filter: C:\Users\rafar\.codeql\packages\codeql\python-queries\1.8.9\Expressions\NonPortableComparisonUsingIs.ql failed the constraint of precision (was medium).
[2026-09-08 18:55:47] [SPAMMIER] resolve queries> Query Filter: C:\Users\rafar\.codeql\packages\codeql\python-queries\1.8.9\Expressions\Regex\BackspaceEscape.ql failed 'tags contain` constraint [quality, maintainability, readability]
[2026-09-08 18:55:47] [SPAMMIER] resolve queries> Query Filter: C:\Users\rafar\.codeql\packages\codeql\python-queries\1.8.9\Expressions\Regex\DuplicateCharacterInSet.ql failed 'tags contain` constraint [quality, maintainability, readability]
[2026-09-08 18:55:47] [SPAMMIER] resolve queries> Query Filter: C:\Users\rafar\.codeql\packages\codeql\python-queries\1.8.9\Expressions\Regex\MissingPartSpecialGroup.ql failed 'tags contain` constraint [quality, reliability, correctness]
[2026-09-08 18:55:47] [SPAMMIER] resolve queries> Query Filter: C:\Users\rafar\.codeql\packages\codeql\python-queries\1.8.9\Expressions\Regex\UnmatchableCaret.ql failed 'tags contain` constraint [quality, reliability, correctness]
[2026-09-08 18:55:47] [SPAMMIER] resolve queries> Query Filter: C:\Users\rafar\.codeql\packages\codeql\python-queries\1.8.9\Expressions\Regex\UnmatchableDollar.ql failed 'tags contain` constraint [quality, reliability, correctness]
[2026-09-08 18:55:47] [SPAMMIER] resolve queries> Query Filter: C:\Users\rafar\.codeql\packages\codeql\python-queries\1.8.9\Expressions\TruncatedDivision.ql failed 'tags contain` constraint [maintainability, correctness]
[2026-09-08 18:55:47] [SPAMMIER] resolve queries> Query Filter: C:\Users\rafar\.codeql\packages\codeql\python-queries\1.8.9\Expressions\UnintentionalImplicitStringConcatenation.ql failed 'tags contain` constraint [quality, maintainability, readability, external/cwe/cwe-665]
[2026-09-08 18:55:47] [SPAMMIER] resolve queries> Query Filter: C:\Users\rafar\.codeql\packages\codeql\python-queries\1.8.9\Expressions\UnnecessaryLambda.ql failed 'tags contain` constraint [quality, maintainability, useless-code]
[2026-09-08 18:55:47] [SPAMMIER] resolve queries> Query Filter: C:\Users\rafar\.codeql\packages\codeql\python-queries\1.8.9\Expressions\UnsupportedFormatCharacter.ql failed 'tags contain` constraint [quality, reliability, correctness]
[2026-09-08 18:55:47] [SPAMMIER] resolve queries> Query Filter: C:\Users\rafar\.codeql\packages\codeql\python-queries\1.8.9\Expressions\UseofApply.ql failed 'tags contain` constraint [maintainability]
[2026-09-08 18:55:47] [SPAMMY] resolve queries> Query Filter: Including C:\Users\rafar\.codeql\packages\codeql\python-queries\1.8.9\Expressions\UseofInput.ql.
[2026-09-08 18:55:47] [SPAMMIER] resolve queries> Query Filter: C:\Users\rafar\.codeql\packages\codeql\python-queries\1.8.9\Expressions\WrongNameForArgumentInCall.ql failed 'tags contain` constraint [quality, reliability, correctness, external/cwe/cwe-628]
[2026-09-08 18:55:47] [SPAMMIER] resolve queries> Query Filter: C:\Users\rafar\.codeql\packages\codeql\python-queries\1.8.9\Expressions\WrongNumberArgumentsForFormat.ql failed 'tags contain` constraint [quality, reliability, correctness, external/cwe/cwe-685]
[2026-09-08 18:55:47] [SPAMMIER] resolve queries> Query Filter: C:\Users\rafar\.codeql\packages\codeql\python-queries\1.8.9\Expressions\WrongNumberArgumentsInCall.ql failed 'tags contain` constraint [quality, reliability, correctness, external/cwe/cwe-685]
[2026-09-08 18:55:47] [SPAMMIER] resolve queries> Query Filter: C:\Users\rafar\.codeql\packages\codeql\python-queries\1.8.9\external\DuplicateBlock.ql failed the constraint of precision (was medium).
[2026-09-08 18:55:47] [SPAMMIER] resolve queries> Query Filter: C:\Users\rafar\.codeql\packages\codeql\python-queries\1.8.9\external\DuplicateFunction.ql failed 'tags contain` constraint [testability, useless-code, maintainability, duplicate-code, statistical, non-attributable]
[2026-09-08 18:55:47] [SPAMMIER] resolve queries> Query Filter: C:\Users\rafar\.codeql\packages\codeql\python-queries\1.8.9\external\MostlyDuplicateClass.ql failed 'tags contain` constraint [testability, maintainability, useless-code, duplicate-code, statistical, non-attributable]
[2026-09-08 18:55:47] [SPAMMIER] resolve queries> Query Filter: C:\Users\rafar\.codeql\packages\codeql\python-queries\1.8.9\external\MostlyDuplicateFile.ql failed 'tags contain` constraint [testability, maintainability, useless-code, duplicate-code, statistical, non-attributable]
[2026-09-08 18:55:47] [SPAMMIER] resolve queries> Query Filter: C:\Users\rafar\.codeql\packages\codeql\python-queries\1.8.9\external\MostlySimilarFile.ql failed 'tags contain` constraint [testability, maintainability, useless-code, duplicate-code, statistical, non-attributable]
[2026-09-08 18:55:47] [SPAMMIER] resolve queries> Query Filter: C:\Users\rafar\.codeql\packages\codeql\python-queries\1.8.9\external\SimilarFunction.ql failed 'tags contain` constraint [testability, maintainability, useless-code, duplicate-code, statistical, non-attributable]
[2026-09-08 18:55:47] [SPAMMIER] resolve queries> Query Filter: C:\Users\rafar\.codeql\packages\codeql\python-queries\1.8.9\Filters\ClassifyFiles.ql failed the constraint of kind (was file-classifier).
[2026-09-08 18:55:47] [SPAMMIER] resolve queries> Query Filter: C:\Users\rafar\.codeql\packages\codeql\python-queries\1.8.9\Functions\ConsistentReturns.ql failed 'tags contain` constraint [quality, reliability, correctness]
[2026-09-08 18:55:47] [SPAMMIER] resolve queries> Query Filter: C:\Users\rafar\.codeql\packages\codeql\python-queries\1.8.9\Functions\DeprecatedSliceMethod.ql failed 'tags contain` constraint [maintainability]
[2026-09-08 18:55:47] [SPAMMIER] resolve queries> Query Filter: C:\Users\rafar\.codeql\packages\codeql\python-queries\1.8.9\Functions\ExplicitReturnInInit.ql failed 'tags contain` constraint [quality, reliability, correctness]
[2026-09-08 18:55:47] [SPAMMIER] resolve queries> Query Filter: C:\Users\rafar\.codeql\packages\codeql\python-queries\1.8.9\Functions\IncorrectlyOverriddenMethod.ql failed 'tags contain` constraint [quality, reliability, correctness]
[2026-09-08 18:55:47] [SPAMMIER] resolve queries> Query Filter: C:\Users\rafar\.codeql\packages\codeql\python-queries\1.8.9\Functions\IncorrectlySpecifiedOverriddenMethod.ql failed 'tags contain` constraint [quality, reliability, correctness]
[2026-09-08 18:55:47] [SPAMMIER] resolve queries> Query Filter: C:\Users\rafar\.codeql\packages\codeql\python-queries\1.8.9\Functions\IncorrectRaiseInSpecialMethod.ql failed 'tags contain` constraint [quality, reliability, error-handling]
[2026-09-08 18:55:47] [SPAMMIER] resolve queries> Query Filter: C:\Users\rafar\.codeql\packages\codeql\python-queries\1.8.9\Functions\InitIsGenerator.ql failed 'tags contain` constraint [quality, reliability, correctness]
[2026-09-08 18:55:47] [SPAMMIER] resolve queries> Query Filter: C:\Users\rafar\.codeql\packages\codeql\python-queries\1.8.9\Functions\IterReturnsNonIterator.ql failed 'tags contain` constraint [quality, reliability, correctness]
[2026-09-08 18:55:47] [SPAMMIER] resolve queries> Query Filter: C:\Users\rafar\.codeql\packages\codeql\python-queries\1.8.9\Functions\IterReturnsNonSelf.ql failed 'tags contain` constraint [reliability, correctness, quality]
[2026-09-08 18:55:47] [SPAMMIER] resolve queries> Query Filter: C:\Users\rafar\.codeql\packages\codeql\python-queries\1.8.9\Functions\ModificationOfParameterWithDefault.ql failed 'tags contain` constraint [quality, reliability, correctness]
[2026-09-08 18:55:47] [SPAMMIER] resolve queries> Query Filter: C:\Users\rafar\.codeql\packages\codeql\python-queries\1.8.9\Functions\NonCls.ql failed 'tags contain` constraint [maintainability, readability, convention, quality]
[2026-09-08 18:55:47] [SPAMMIER] resolve queries> Query Filter: C:\Users\rafar\.codeql\packages\codeql\python-queries\1.8.9\Functions\NonSelf.ql failed 'tags contain` constraint [maintainability, readability, convention, quality]
[2026-09-08 18:55:47] [SPAMMIER] resolve queries> Query Filter: C:\Users\rafar\.codeql\packages\codeql\python-queries\1.8.9\Functions\OverlyComplexDelMethod.ql failed 'tags contain` constraint [quality, maintainability, complexity]
[2026-09-08 18:55:47] [SPAMMIER] resolve queries> Query Filter: C:\Users\rafar\.codeql\packages\codeql\python-queries\1.8.9\Functions\ReturnConsistentTupleSizes.ql failed 'tags contain` constraint [quality, reliability, correctness]
[2026-09-08 18:55:47] [SPAMMIER] resolve queries> Query Filter: C:\Users\rafar\.codeql\packages\codeql\python-queries\1.8.9\Functions\ReturnValueIgnored.ql failed the constraint of precision (was medium).
[2026-09-08 18:55:47] [SPAMMIER] resolve queries> Query Filter: C:\Users\rafar\.codeql\packages\codeql\python-queries\1.8.9\Functions\SignatureOverriddenMethod.ql failed 'tags contain` constraint [quality, reliability, correctness]
[2026-09-08 18:55:47] [SPAMMIER] resolve queries> Query Filter: C:\Users\rafar\.codeql\packages\codeql\python-queries\1.8.9\Functions\SignatureSpecialMethods.ql failed 'tags contain` constraint [reliability, correctness, quality]
[2026-09-08 18:55:47] [SPAMMIER] resolve queries> Query Filter: C:\Users\rafar\.codeql\packages\codeql\python-queries\1.8.9\Functions\UseImplicitNoneReturnValue.ql failed 'tags contain` constraint [quality, maintainability, readability]
[2026-09-08 18:55:47] [SPAMMIER] resolve queries> Query Filter: C:\Users\rafar\.codeql\packages\codeql\python-queries\1.8.9\Imports\CyclicImport.ql failed 'tags contain` constraint [reliability, maintainability, modularity]
[2026-09-08 18:55:47] [SPAMMIER] resolve queries> Query Filter: C:\Users\rafar\.codeql\packages\codeql\python-queries\1.8.9\Imports\DeprecatedModule.ql failed 'tags contain` constraint [maintainability, external/cwe/cwe-477]
[2026-09-08 18:55:47] [SPAMMIER] resolve queries> Query Filter: C:\Users\rafar\.codeql\packages\codeql\python-queries\1.8.9\Imports\EncodingError.ql failed 'tags contain` constraint [quality, reliability, correctness]
[2026-09-08 18:55:47] [SPAMMIER] resolve queries> Query Filter: C:\Users\rafar\.codeql\packages\codeql\python-queries\1.8.9\Imports\FromImportOfMutableAttribute.ql failed the constraint of precision (was medium).
[2026-09-08 18:55:47] [SPAMMIER] resolve queries> Query Filter: C:\Users\rafar\.codeql\packages\codeql\python-queries\1.8.9\Imports\ImportandImportFrom.ql failed 'tags contain` constraint [quality, maintainability, readability]
[2026-09-08 18:55:47] [SPAMMIER] resolve queries> Query Filter: C:\Users\rafar\.codeql\packages\codeql\python-queries\1.8.9\Imports\Imports.ql failed the constraint of precision (was medium).
[2026-09-08 18:55:47] [SPAMMIER] resolve queries> Query Filter: C:\Users\rafar\.codeql\packages\codeql\python-queries\1.8.9\Imports\ImportShadowedByLoopVar.ql failed 'tags contain` constraint [maintainability]
[2026-09-08 18:55:47] [SPAMMIER] resolve queries> Query Filter: C:\Users\rafar\.codeql\packages\codeql\python-queries\1.8.9\Imports\ImportStarUsed.ql failed the constraint of precision (was medium).
[2026-09-08 18:55:47] [SPAMMIER] resolve queries> Query Filter: C:\Users\rafar\.codeql\packages\codeql\python-queries\1.8.9\Imports\ModuleImportsItself.ql failed 'tags contain` constraint [quality, maintainability, useless-code]
[2026-09-08 18:55:47] [SPAMMIER] resolve queries> Query Filter: C:\Users\rafar\.codeql\packages\codeql\python-queries\1.8.9\Imports\ModuleLevelCyclicImport.ql failed 'tags contain` constraint [reliability, correctness, types]
[2026-09-08 18:55:47] [SPAMMIER] resolve queries> Query Filter: C:\Users\rafar\.codeql\packages\codeql\python-queries\1.8.9\Imports\MultipleImports.ql failed 'tags contain` constraint [quality, maintainability, useless-code]
[2026-09-08 18:55:47] [SPAMMIER] resolve queries> Query Filter: C:\Users\rafar\.codeql\packages\codeql\python-queries\1.8.9\Imports\SyntaxError.ql failed 'tags contain` constraint [quality, reliability, correctness]
[2026-09-08 18:55:47] [SPAMMIER] resolve queries> Query Filter: C:\Users\rafar\.codeql\packages\codeql\python-queries\1.8.9\Imports\UnintentionalImport.ql failed 'tags contain` constraint [quality, maintainability, readability]
[2026-09-08 18:55:47] [SPAMMIER] resolve queries> Query Filter: C:\Users\rafar\.codeql\packages\codeql\python-queries\1.8.9\Imports\UnusedImport.ql failed 'tags contain` constraint [quality, maintainability, useless-code]
[2026-09-08 18:55:47] [SPAMMIER] resolve queries> Query Filter: C:\Users\rafar\.codeql\packages\codeql\python-queries\1.8.9\Lexical\CommentedOutCode.ql failed 'tags contain` constraint [quality, maintainability, readability]
[2026-09-08 18:55:47] [SPAMMIER] resolve queries> Query Filter: C:\Users\rafar\.codeql\packages\codeql\python-queries\1.8.9\Lexical\FCommentedOutCode.ql failed the constraint of kind (was treemap).
[2026-09-08 18:55:47] [SPAMMIER] resolve queries> Query Filter: C:\Users\rafar\.codeql\packages\codeql\python-queries\1.8.9\Lexical\OldOctalLiteral.ql failed 'tags contain` constraint [readability]
[2026-09-08 18:55:47] [SPAMMIER] resolve queries> Query Filter: C:\Users\rafar\.codeql\packages\codeql\python-queries\1.8.9\Lexical\ToDoComment.ql failed the constraint of precision (was medium).
[2026-09-08 18:55:47] [SPAMMIER] resolve queries> Query Filter: C:\Users\rafar\.codeql\packages\codeql\python-queries\1.8.9\meta\alerts\InterestingTaintSinks.ql failed the constraint of precision (was very-low).
[2026-09-08 18:55:47] [SPAMMIER] resolve queries> Query Filter: C:\Users\rafar\.codeql\packages\codeql\python-queries\1.8.9\meta\alerts\RemoteFlowSources.ql failed the constraint of precision (was very-low).
[2026-09-08 18:55:47] [SPAMMIER] resolve queries> Query Filter: C:\Users\rafar\.codeql\packages\codeql\python-queries\1.8.9\meta\alerts\RemoteFlowSourcesReach.ql failed the constraint of precision (was very-low).
[2026-09-08 18:55:47] [SPAMMIER] resolve queries> Query Filter: C:\Users\rafar\.codeql\packages\codeql\python-queries\1.8.9\meta\alerts\RequestHandlers.ql failed the constraint of precision (was very-low).
[2026-09-08 18:55:47] [SPAMMIER] resolve queries> Query Filter: C:\Users\rafar\.codeql\packages\codeql\python-queries\1.8.9\meta\alerts\TaintSinks.ql failed the constraint of precision (was very-low).
[2026-09-08 18:55:47] [SPAMMIER] resolve queries> Query Filter: C:\Users\rafar\.codeql\packages\codeql\python-queries\1.8.9\meta\analysis-quality\CallGraph.ql failed the constraint of precision (was very-low).
[2026-09-08 18:55:47] [SPAMMIER] resolve queries> Query Filter: C:\Users\rafar\.codeql\packages\codeql\python-queries\1.8.9\meta\analysis-quality\PointsToResolvableCallRatio.ql failed the constraint of kind (was metric).
[2026-09-08 18:55:47] [SPAMMIER] resolve queries> Query Filter: C:\Users\rafar\.codeql\packages\codeql\python-queries\1.8.9\meta\analysis-quality\PointsToResolvableCalls.ql failed the constraint of kind (was metric).
[2026-09-08 18:55:47] [SPAMMIER] resolve queries> Query Filter: C:\Users\rafar\.codeql\packages\codeql\python-queries\1.8.9\meta\analysis-quality\PointsToResolvableCallsRelevantTarget.ql failed the constraint of kind (was metric).
[2026-09-08 18:55:47] [SPAMMIER] resolve queries> Query Filter: C:\Users\rafar\.codeql\packages\codeql\python-queries\1.8.9\meta\analysis-quality\ResolvableCallCandidates.ql failed the constraint of kind (was metric).
[2026-09-08 18:55:47] [SPAMMIER] resolve queries> Query Filter: C:\Users\rafar\.codeql\packages\codeql\python-queries\1.8.9\meta\analysis-quality\SummarizedCallableCallSites.ql failed the constraint of precision (was very-low).
[2026-09-08 18:55:47] [SPAMMIER] resolve queries> Query Filter: C:\Users\rafar\.codeql\packages\codeql\python-queries\1.8.9\meta\analysis-quality\TTCallGraph.ql failed the constraint of precision (was very-low).
[2026-09-08 18:55:47] [SPAMMIER] resolve queries> Query Filter: C:\Users\rafar\.codeql\packages\codeql\python-queries\1.8.9\meta\analysis-quality\TTCallGraphMissing.ql failed the constraint of precision (was very-low).
[2026-09-08 18:55:47] [SPAMMIER] resolve queries> Query Filter: C:\Users\rafar\.codeql\packages\codeql\python-queries\1.8.9\meta\analysis-quality\TTCallGraphNew.ql failed the constraint of precision (was very-low).
[2026-09-08 18:55:47] [SPAMMIER] resolve queries> Query Filter: C:\Users\rafar\.codeql\packages\codeql\python-queries\1.8.9\meta\analysis-quality\TTCallGraphNewAmbiguous.ql failed the constraint of precision (was very-low).
[2026-09-08 18:55:47] [SPAMMIER] resolve queries> Query Filter: C:\Users\rafar\.codeql\packages\codeql\python-queries\1.8.9\meta\analysis-quality\TTCallGraphOverview.ql failed the constraint of kind (not present).
[2026-09-08 18:55:47] [SPAMMIER] resolve queries> Query Filter: C:\Users\rafar\.codeql\packages\codeql\python-queries\1.8.9\meta\analysis-quality\TTCallGraphShared.ql failed the constraint of precision (was very-low).
[2026-09-08 18:55:47] [SPAMMIER] resolve queries> Query Filter: C:\Users\rafar\.codeql\packages\codeql\python-queries\1.8.9\meta\ClassHierarchy\Find.ql failed the constraint of kind (was table).
[2026-09-08 18:55:47] [SPAMMIER] resolve queries> Query Filter: C:\Users\rafar\.codeql\packages\codeql\python-queries\1.8.9\meta\debug\DebugStats.ql failed the constraint of kind (not present).
[2026-09-08 18:55:47] [SPAMMIER] resolve queries> Query Filter: C:\Users\rafar\.codeql\packages\codeql\python-queries\1.8.9\meta\debug\SimpleClassDebug.ql failed the constraint of kind (not present).
[2026-09-08 18:55:47] [SPAMMIER] resolve queries> Query Filter: C:\Users\rafar\.codeql\packages\codeql\python-queries\1.8.9\Metrics\ClassAfferentCoupling.ql failed the constraint of kind (was treemap).
[2026-09-08 18:55:47] [SPAMMIER] resolve queries> Query Filter: C:\Users\rafar\.codeql\packages\codeql\python-queries\1.8.9\Metrics\ClassEfferentCoupling.ql failed the constraint of kind (was treemap).
[2026-09-08 18:55:47] [SPAMMIER] resolve queries> Query Filter: C:\Users\rafar\.codeql\packages\codeql\python-queries\1.8.9\Metrics\CLinesOfCode.ql failed the constraint of kind (was treemap).
[2026-09-08 18:55:47] [SPAMMIER] resolve queries> Query Filter: C:\Users\rafar\.codeql\packages\codeql\python-queries\1.8.9\Metrics\CommentRatio.ql failed the constraint of kind (was treemap).
[2026-09-08 18:55:47] [SPAMMIER] resolve queries> Query Filter: C:\Users\rafar\.codeql\packages\codeql\python-queries\1.8.9\Metrics\CyclomaticComplexity.ql failed the constraint of kind (was treemap).
[2026-09-08 18:55:47] [SPAMMIER] resolve queries> Query Filter: C:\Users\rafar\.codeql\packages\codeql\python-queries\1.8.9\Metrics\Dependencies\ExternalDependencies.ql failed the constraint of kind (was treemap).
[2026-09-08 18:55:47] [SPAMMIER] resolve queries> Query Filter: C:\Users\rafar\.codeql\packages\codeql\python-queries\1.8.9\Metrics\Dependencies\ExternalDependenciesSourceLinks.ql failed the constraint of kind (was source-link).
[2026-09-08 18:55:47] [SPAMMIER] resolve queries> Query Filter: C:\Users\rafar\.codeql\packages\codeql\python-queries\1.8.9\Metrics\DirectImports.ql failed the constraint of kind (was treemap).
[2026-09-08 18:55:47] [SPAMMIER] resolve queries> Query Filter: C:\Users\rafar\.codeql\packages\codeql\python-queries\1.8.9\Metrics\DocStringRatio.ql failed the constraint of kind (was treemap).
[2026-09-08 18:55:47] [SPAMMIER] resolve queries> Query Filter: C:\Users\rafar\.codeql\packages\codeql\python-queries\1.8.9\Metrics\External\CommitDisplayStrings.ql failed the constraint of kind (was display-string).
[2026-09-08 18:55:47] [SPAMMIER] resolve queries> Query Filter: C:\Users\rafar\.codeql\packages\codeql\python-queries\1.8.9\Metrics\External\CommitSourceLinks.ql failed the constraint of kind (was source-link).
[2026-09-08 18:55:47] [SPAMMIER] resolve queries> Query Filter: C:\Users\rafar\.codeql\packages\codeql\python-queries\1.8.9\Metrics\FClasses.ql failed the constraint of kind (was treemap).
[2026-09-08 18:55:47] [SPAMMIER] resolve queries> Query Filter: C:\Users\rafar\.codeql\packages\codeql\python-queries\1.8.9\Metrics\FFunctionsAndMethods.ql failed the constraint of kind (was treemap).
[2026-09-08 18:55:47] [SPAMMIER] resolve queries> Query Filter: C:\Users\rafar\.codeql\packages\codeql\python-queries\1.8.9\Metrics\FLines.ql failed the constraint of kind (was treemap).
[2026-09-08 18:55:47] [SPAMMIER] resolve queries> Query Filter: C:\Users\rafar\.codeql\packages\codeql\python-queries\1.8.9\Metrics\FLinesOfCode.ql failed the constraint of kind (was treemap).
[2026-09-08 18:55:47] [SPAMMIER] resolve queries> Query Filter: C:\Users\rafar\.codeql\packages\codeql\python-queries\1.8.9\Metrics\FLinesOfComments.ql failed the constraint of kind (was treemap).
[2026-09-08 18:55:47] [SPAMMIER] resolve queries> Query Filter: C:\Users\rafar\.codeql\packages\codeql\python-queries\1.8.9\Metrics\FLinesOfDuplicatedCode.ql failed the constraint of kind (was treemap).
[2026-09-08 18:55:47] [SPAMMIER] resolve queries> Query Filter: C:\Users\rafar\.codeql\packages\codeql\python-queries\1.8.9\Metrics\FLinesOfSimilarCode.ql failed the constraint of kind (was treemap).
[2026-09-08 18:55:47] [SPAMMIER] resolve queries> Query Filter: C:\Users\rafar\.codeql\packages\codeql\python-queries\1.8.9\Metrics\FNumberOfTests.ql failed the constraint of kind (was treemap).
[2026-09-08 18:55:47] [SPAMMIER] resolve queries> Query Filter: C:\Users\rafar\.codeql\packages\codeql\python-queries\1.8.9\Metrics\FunctionNumberOfCalls.ql failed the constraint of kind (was treemap).
[2026-09-08 18:55:47] [SPAMMIER] resolve queries> Query Filter: C:\Users\rafar\.codeql\packages\codeql\python-queries\1.8.9\Metrics\FunctionStatementNestingDepth.ql failed the constraint of kind (was treemap).
[2026-09-08 18:55:47] [SPAMMIER] resolve queries> Query Filter: C:\Users\rafar\.codeql\packages\codeql\python-queries\1.8.9\Metrics\History\HChurn.ql failed the constraint of kind (was treemap).
[2026-09-08 18:55:47] [SPAMMIER] resolve queries> Query Filter: C:\Users\rafar\.codeql\packages\codeql\python-queries\1.8.9\Metrics\History\HLinesAdded.ql failed the constraint of kind (was treemap).
[2026-09-08 18:55:47] [SPAMMIER] resolve queries> Query Filter: C:\Users\rafar\.codeql\packages\codeql\python-queries\1.8.9\Metrics\History\HLinesDeleted.ql failed the constraint of kind (was treemap).
[2026-09-08 18:55:47] [SPAMMIER] resolve queries> Query Filter: C:\Users\rafar\.codeql\packages\codeql\python-queries\1.8.9\Metrics\History\HNumberOfAuthors.ql failed the constraint of kind (was treemap).
[2026-09-08 18:55:47] [SPAMMIER] resolve queries> Query Filter: C:\Users\rafar\.codeql\packages\codeql\python-queries\1.8.9\Metrics\History\HNumberOfCoCommits.ql failed the constraint of kind (was treemap).
[2026-09-08 18:55:47] [SPAMMIER] resolve queries> Query Filter: C:\Users\rafar\.codeql\packages\codeql\python-queries\1.8.9\Metrics\History\HNumberOfCommits.ql failed the constraint of kind (was treemap).
[2026-09-08 18:55:47] [SPAMMIER] resolve queries> Query Filter: C:\Users\rafar\.codeql\packages\codeql\python-queries\1.8.9\Metrics\History\HNumberOfRecentAuthors.ql failed the constraint of kind (was treemap).
[2026-09-08 18:55:47] [SPAMMIER] resolve queries> Query Filter: C:\Users\rafar\.codeql\packages\codeql\python-queries\1.8.9\Metrics\History\HNumberOfRecentChangedFiles.ql failed the constraint of kind (was treemap).
[2026-09-08 18:55:47] [SPAMMIER] resolve queries> Query Filter: C:\Users\rafar\.codeql\packages\codeql\python-queries\1.8.9\Metrics\History\HNumberOfRecentCommits.ql failed the constraint of kind (was treemap).
[2026-09-08 18:55:47] [SPAMMIER] resolve queries> Query Filter: C:\Users\rafar\.codeql\packages\codeql\python-queries\1.8.9\Metrics\History\HNumberOfReCommits.ql failed the constraint of kind (was treemap).
[2026-09-08 18:55:47] [SPAMMIER] resolve queries> Query Filter: C:\Users\rafar\.codeql\packages\codeql\python-queries\1.8.9\Metrics\Internal\CallableDisplayStrings.ql failed the constraint of kind (was display-string).
[2026-09-08 18:55:47] [SPAMMIER] resolve queries> Query Filter: C:\Users\rafar\.codeql\packages\codeql\python-queries\1.8.9\Metrics\Internal\CallableExtents.ql failed the constraint of kind (was extent).
[2026-09-08 18:55:47] [SPAMMIER] resolve queries> Query Filter: C:\Users\rafar\.codeql\packages\codeql\python-queries\1.8.9\Metrics\Internal\CallableSourceLinks.ql failed the constraint of kind (was source-link).
[2026-09-08 18:55:47] [SPAMMIER] resolve queries> Query Filter: C:\Users\rafar\.codeql\packages\codeql\python-queries\1.8.9\Metrics\Internal\ClassDisplayStrings.ql failed the constraint of kind (was display-string).
[2026-09-08 18:55:47] [SPAMMIER] resolve queries> Query Filter: C:\Users\rafar\.codeql\packages\codeql\python-queries\1.8.9\Metrics\Internal\ClassExtents.ql failed the constraint of kind (was extent).
[2026-09-08 18:55:47] [SPAMMIER] resolve queries> Query Filter: C:\Users\rafar\.codeql\packages\codeql\python-queries\1.8.9\Metrics\Internal\ClassSourceLinks.ql failed the constraint of kind (was source-link).
[2026-09-08 18:55:47] [SPAMMIER] resolve queries> Query Filter: C:\Users\rafar\.codeql\packages\codeql\python-queries\1.8.9\Metrics\Internal\TypeAnnotations.ql failed the constraint of kind (was table).
[2026-09-08 18:55:47] [SPAMMIER] resolve queries> Query Filter: C:\Users\rafar\.codeql\packages\codeql\python-queries\1.8.9\Metrics\LackofCohesionInMethodsCK.ql failed the constraint of kind (was treemap).
[2026-09-08 18:55:47] [SPAMMIER] resolve queries> Query Filter: C:\Users\rafar\.codeql\packages\codeql\python-queries\1.8.9\Metrics\LackofCohesionInMethodsHM.ql failed the constraint of kind (was treemap).
[2026-09-08 18:55:47] [SPAMMIER] resolve queries> Query Filter: C:\Users\rafar\.codeql\packages\codeql\python-queries\1.8.9\Metrics\ModuleAfferentCoupling.ql failed the constraint of kind (was treemap).
[2026-09-08 18:55:47] [SPAMMIER] resolve queries> Query Filter: C:\Users\rafar\.codeql\packages\codeql\python-queries\1.8.9\Metrics\ModuleEfferentCoupling.ql failed the constraint of kind (was treemap).
[2026-09-08 18:55:47] [SPAMMIER] resolve queries> Query Filter: C:\Users\rafar\.codeql\packages\codeql\python-queries\1.8.9\Metrics\NumberOfParametersWithoutDefault.ql failed the constraint of kind (was treemap).
[2026-09-08 18:55:47] [SPAMMIER] resolve queries> Query Filter: C:\Users\rafar\.codeql\packages\codeql\python-queries\1.8.9\Metrics\NumberOfStatements.ql failed the constraint of kind (was treemap).
[2026-09-08 18:55:47] [SPAMMIER] resolve queries> Query Filter: C:\Users\rafar\.codeql\packages\codeql\python-queries\1.8.9\Metrics\TransitiveImports.ql failed the constraint of kind (was treemap).
[2026-09-08 18:55:47] [SPAMMIER] resolve queries> Query Filter: C:\Users\rafar\.codeql\packages\codeql\python-queries\1.8.9\Numerics\Pythagorean.ql failed the constraint of precision (was medium).
[2026-09-08 18:55:47] [SPAMMIER] resolve queries> Query Filter: C:\Users\rafar\.codeql\packages\codeql\python-queries\1.8.9\Resources\FileNotAlwaysClosed.ql failed 'tags contain` constraint [quality, reliability, correctness, performance, external/cwe/cwe-772]
[2026-09-08 18:55:47] [SPAMMY] resolve queries> Query Filter: Including C:\Users\rafar\.codeql\packages\codeql\python-queries\1.8.9\Security\CVE-2018-1281\BindToAllInterfaces.ql.
[2026-09-08 18:55:47] [SPAMMY] resolve queries> Query Filter: Including C:\Users\rafar\.codeql\packages\codeql\python-queries\1.8.9\Security\CWE-020\CookieInjection.ql.
[2026-09-08 18:55:47] [SPAMMY] resolve queries> Query Filter: Including C:\Users\rafar\.codeql\packages\codeql\python-queries\1.8.9\Security\CWE-020\IncompleteHostnameRegExp.ql.
[2026-09-08 18:55:47] [SPAMMY] resolve queries> Query Filter: Including C:\Users\rafar\.codeql\packages\codeql\python-queries\1.8.9\Security\CWE-020\IncompleteUrlSubstringSanitization.ql.
[2026-09-08 18:55:47] [SPAMMY] resolve queries> Query Filter: Including C:\Users\rafar\.codeql\packages\codeql\python-queries\1.8.9\Security\CWE-020\OverlyLargeRange.ql.
[2026-09-08 18:55:47] [SPAMMIER] resolve queries> Query Filter: C:\Users\rafar\.codeql\packages\codeql\python-queries\1.8.9\Security\CWE-020-ExternalAPIs\ExternalAPIsUsedWithUntrustedData.ql failed the constraint of kind (was table).
[2026-09-08 18:55:47] [SPAMMIER] resolve queries> Query Filter: C:\Users\rafar\.codeql\packages\codeql\python-queries\1.8.9\Security\CWE-020-ExternalAPIs\UntrustedDataToExternalAPI.ql failed the constraint of precision (was low).
[2026-09-08 18:55:47] [SPAMMY] resolve queries> Query Filter: Including C:\Users\rafar\.codeql\packages\codeql\python-queries\1.8.9\Security\CWE-022\PathInjection.ql.
[2026-09-08 18:55:47] [SPAMMIER] resolve queries> Query Filter: C:\Users\rafar\.codeql\packages\codeql\python-queries\1.8.9\Security\CWE-022\TarSlip.ql failed the constraint of precision (was medium).
[2026-09-08 18:55:47] [SPAMMY] resolve queries> Query Filter: Including C:\Users\rafar\.codeql\packages\codeql\python-queries\1.8.9\Security\CWE-074\TemplateInjection.ql.
[2026-09-08 18:55:47] [SPAMMY] resolve queries> Query Filter: Including C:\Users\rafar\.codeql\packages\codeql\python-queries\1.8.9\Security\CWE-078\CommandInjection.ql.
[2026-09-08 18:55:47] [SPAMMIER] resolve queries> Query Filter: C:\Users\rafar\.codeql\packages\codeql\python-queries\1.8.9\Security\CWE-078\UnsafeShellCommandConstruction.ql failed the constraint of precision (was medium).
[2026-09-08 18:55:47] [SPAMMIER] resolve queries> Query Filter: C:\Users\rafar\.codeql\packages\codeql\python-queries\1.8.9\Security\CWE-079\Jinja2WithoutEscaping.ql failed the constraint of precision (was medium).
[2026-09-08 18:55:47] [SPAMMY] resolve queries> Query Filter: Including C:\Users\rafar\.codeql\packages\codeql\python-queries\1.8.9\Security\CWE-079\ReflectedXss.ql.
[2026-09-08 18:55:47] [SPAMMY] resolve queries> Query Filter: Including C:\Users\rafar\.codeql\packages\codeql\python-queries\1.8.9\Security\CWE-089\SqlInjection.ql.
[2026-09-08 18:55:47] [SPAMMY] resolve queries> Query Filter: Including C:\Users\rafar\.codeql\packages\codeql\python-queries\1.8.9\Security\CWE-090\LdapInjection.ql.
[2026-09-08 18:55:47] [SPAMMY] resolve queries> Query Filter: Including C:\Users\rafar\.codeql\packages\codeql\python-queries\1.8.9\Security\CWE-094\CodeInjection.ql.
[2026-09-08 18:55:47] [SPAMMY] resolve queries> Query Filter: Including C:\Users\rafar\.codeql\packages\codeql\python-queries\1.8.9\Security\CWE-1004\NonHttpOnlyCookie.ql.
[2026-09-08 18:55:47] [SPAMMY] resolve queries> Query Filter: Including C:\Users\rafar\.codeql\packages\codeql\python-queries\1.8.9\Security\CWE-113\HeaderInjection.ql.
[2026-09-08 18:55:47] [SPAMMY] resolve queries> Query Filter: Including C:\Users\rafar\.codeql\packages\codeql\python-queries\1.8.9\Security\CWE-116\BadTagFilter.ql.
[2026-09-08 18:55:47] [SPAMMIER] resolve queries> Query Filter: C:\Users\rafar\.codeql\packages\codeql\python-queries\1.8.9\Security\CWE-117\LogInjection.ql failed the constraint of precision (was medium).
[2026-09-08 18:55:47] [SPAMMY] resolve queries> Query Filter: Including C:\Users\rafar\.codeql\packages\codeql\python-queries\1.8.9\Security\CWE-1275\SameSiteNoneCookie.ql.
[2026-09-08 18:55:47] [SPAMMY] resolve queries> Query Filter: Including C:\Users\rafar\.codeql\packages\codeql\python-queries\1.8.9\Security\CWE-209\StackTraceExposure.ql.
[2026-09-08 18:55:47] [SPAMMY] resolve queries> Query Filter: Including C:\Users\rafar\.codeql\packages\codeql\python-queries\1.8.9\Security\CWE-215\FlaskDebug.ql.
[2026-09-08 18:55:47] [SPAMMY] resolve queries> Query Filter: Including C:\Users\rafar\.codeql\packages\codeql\python-queries\1.8.9\Security\CWE-285\PamAuthorization.ql.
[2026-09-08 18:55:47] [SPAMMY] resolve queries> Query Filter: Including C:\Users\rafar\.codeql\packages\codeql\python-queries\1.8.9\Security\CWE-295\MissingHostKeyValidation.ql.
[2026-09-08 18:55:47] [SPAMMIER] resolve queries> Query Filter: C:\Users\rafar\.codeql\packages\codeql\python-queries\1.8.9\Security\CWE-295\RequestWithoutValidation.ql failed the constraint of precision (was medium).
[2026-09-08 18:55:47] [SPAMMY] resolve queries> Query Filter: Including C:\Users\rafar\.codeql\packages\codeql\python-queries\1.8.9\Security\CWE-312\CleartextLogging.ql.
[2026-09-08 18:55:47] [SPAMMY] resolve queries> Query Filter: Including C:\Users\rafar\.codeql\packages\codeql\python-queries\1.8.9\Security\CWE-312\CleartextStorage.ql.
[2026-09-08 18:55:47] [SPAMMY] resolve queries> Query Filter: Including C:\Users\rafar\.codeql\packages\codeql\python-queries\1.8.9\Security\CWE-326\WeakCryptoKey.ql.
[2026-09-08 18:55:47] [SPAMMY] resolve queries> Query Filter: Including C:\Users\rafar\.codeql\packages\codeql\python-queries\1.8.9\Security\CWE-327\BrokenCryptoAlgorithm.ql.
[2026-09-08 18:55:47] [SPAMMY] resolve queries> Query Filter: Including C:\Users\rafar\.codeql\packages\codeql\python-queries\1.8.9\Security\CWE-327\InsecureDefaultProtocol.ql.
[2026-09-08 18:55:47] [SPAMMY] resolve queries> Query Filter: Including C:\Users\rafar\.codeql\packages\codeql\python-queries\1.8.9\Security\CWE-327\InsecureProtocol.ql.
[2026-09-08 18:55:47] [SPAMMY] resolve queries> Query Filter: Including C:\Users\rafar\.codeql\packages\codeql\python-queries\1.8.9\Security\CWE-327\WeakSensitiveDataHashing.ql.
[2026-09-08 18:55:47] [SPAMMY] resolve queries> Query Filter: Including C:\Users\rafar\.codeql\packages\codeql\python-queries\1.8.9\Security\CWE-352\CSRFProtectionDisabled.ql.
[2026-09-08 18:55:47] [SPAMMY] resolve queries> Query Filter: Including C:\Users\rafar\.codeql\packages\codeql\python-queries\1.8.9\Security\CWE-377\InsecureTemporaryFile.ql.
[2026-09-08 18:55:47] [SPAMMY] resolve queries> Query Filter: Including C:\Users\rafar\.codeql\packages\codeql\python-queries\1.8.9\Security\CWE-502\UnsafeDeserialization.ql.
[2026-09-08 18:55:47] [SPAMMY] resolve queries> Query Filter: Including C:\Users\rafar\.codeql\packages\codeql\python-queries\1.8.9\Security\CWE-601\UrlRedirect.ql.
[2026-09-08 18:55:47] [SPAMMY] resolve queries> Query Filter: Including C:\Users\rafar\.codeql\packages\codeql\python-queries\1.8.9\Security\CWE-611\Xxe.ql.
[2026-09-08 18:55:47] [SPAMMY] resolve queries> Query Filter: Including C:\Users\rafar\.codeql\packages\codeql\python-queries\1.8.9\Security\CWE-614\InsecureCookie.ql.
[2026-09-08 18:55:47] [SPAMMY] resolve queries> Query Filter: Including C:\Users\rafar\.codeql\packages\codeql\python-queries\1.8.9\Security\CWE-643\XpathInjection.ql.
[2026-09-08 18:55:47] [SPAMMY] resolve queries> Query Filter: Including C:\Users\rafar\.codeql\packages\codeql\python-queries\1.8.9\Security\CWE-730\PolynomialReDoS.ql.
[2026-09-08 18:55:47] [SPAMMY] resolve queries> Query Filter: Including C:\Users\rafar\.codeql\packages\codeql\python-queries\1.8.9\Security\CWE-730\ReDoS.ql.
[2026-09-08 18:55:47] [SPAMMY] resolve queries> Query Filter: Including C:\Users\rafar\.codeql\packages\codeql\python-queries\1.8.9\Security\CWE-730\RegexInjection.ql.
[2026-09-08 18:55:47] [SPAMMIER] resolve queries> Query Filter: C:\Users\rafar\.codeql\packages\codeql\python-queries\1.8.9\Security\CWE-732\WeakFilePermissions.ql failed the constraint of precision (was medium).
[2026-09-08 18:55:47] [SPAMMY] resolve queries> Query Filter: Including C:\Users\rafar\.codeql\packages\codeql\python-queries\1.8.9\Security\CWE-776\XmlBomb.ql.
[2026-09-08 18:55:47] [SPAMMIER] resolve queries> Query Filter: C:\Users\rafar\.codeql\packages\codeql\python-queries\1.8.9\Security\CWE-798\HardcodedCredentials.ql failed the constraint of precision (was low).
[2026-09-08 18:55:47] [SPAMMY] resolve queries> Query Filter: Including C:\Users\rafar\.codeql\packages\codeql\python-queries\1.8.9\Security\CWE-918\FullServerSideRequestForgery.ql.
[2026-09-08 18:55:47] [SPAMMIER] resolve queries> Query Filter: C:\Users\rafar\.codeql\packages\codeql\python-queries\1.8.9\Security\CWE-918\PartialServerSideRequestForgery.ql failed the constraint of precision (was medium).
[2026-09-08 18:55:47] [SPAMMY] resolve queries> Query Filter: Including C:\Users\rafar\.codeql\packages\codeql\python-queries\1.8.9\Security\CWE-943\NoSqlInjection.ql.
[2026-09-08 18:55:47] [SPAMMIER] resolve queries> Query Filter: C:\Users\rafar\.codeql\packages\codeql\python-queries\1.8.9\Statements\AssertLiteralConstant.ql failed the constraint of precision (was medium).
[2026-09-08 18:55:47] [SPAMMIER] resolve queries> Query Filter: C:\Users\rafar\.codeql\packages\codeql\python-queries\1.8.9\Statements\AssertOnTuple.ql failed 'tags contain` constraint [quality, reliability, correctness, external/cwe/cwe-670]
[2026-09-08 18:55:47] [SPAMMIER] resolve queries> Query Filter: C:\Users\rafar\.codeql\packages\codeql\python-queries\1.8.9\Statements\BreakOrReturnInFinally.ql failed the constraint of precision (was medium).
[2026-09-08 18:55:47] [SPAMMIER] resolve queries> Query Filter: C:\Users\rafar\.codeql\packages\codeql\python-queries\1.8.9\Statements\ConstantInConditional.ql failed 'tags contain` constraint [quality, maintainability, useless-code, external/cwe/cwe-561, external/cwe/cwe-570, external/cwe/cwe-571]
[2026-09-08 18:55:47] [SPAMMIER] resolve queries> Query Filter: C:\Users\rafar\.codeql\packages\codeql\python-queries\1.8.9\Statements\C_StyleParentheses.ql failed 'tags contain` constraint [maintainability]
[2026-09-08 18:55:47] [SPAMMIER] resolve queries> Query Filter: C:\Users\rafar\.codeql\packages\codeql\python-queries\1.8.9\Statements\DocStrings.ql failed the constraint of precision (was medium).
[2026-09-08 18:55:47] [SPAMMIER] resolve queries> Query Filter: C:\Users\rafar\.codeql\packages\codeql\python-queries\1.8.9\Statements\ExecUsed.ql failed the constraint of precision (was low).
[2026-09-08 18:55:47] [SPAMMIER] resolve queries> Query Filter: C:\Users\rafar\.codeql\packages\codeql\python-queries\1.8.9\Statements\IterableStringOrSequence.ql failed 'tags contain` constraint [quality, reliability, correctness]
[2026-09-08 18:55:47] [SPAMMIER] resolve queries> Query Filter: C:\Users\rafar\.codeql\packages\codeql\python-queries\1.8.9\Statements\MismatchInMultipleAssignment.ql failed 'tags contain` constraint [quality, reliability, correctness]
[2026-09-08 18:55:47] [SPAMMIER] resolve queries> Query Filter: C:\Users\rafar\.codeql\packages\codeql\python-queries\1.8.9\Statements\ModificationOfLocals.ql failed 'tags contain` constraint [quality, reliability, correctness]
[2026-09-08 18:55:47] [SPAMMIER] resolve queries> Query Filter: C:\Users\rafar\.codeql\packages\codeql\python-queries\1.8.9\Statements\NestedLoopsSameVariable.ql failed 'tags contain` constraint [quality, maintainability, readability]
[2026-09-08 18:55:47] [SPAMMIER] resolve queries> Query Filter: C:\Users\rafar\.codeql\packages\codeql\python-queries\1.8.9\Statements\NestedLoopsSameVariableWithReuse.ql failed 'tags contain` constraint [quality, reliability, correctness]
[2026-09-08 18:55:47] [SPAMMIER] resolve queries> Query Filter: C:\Users\rafar\.codeql\packages\codeql\python-queries\1.8.9\Statements\NonIteratorInForLoop.ql failed 'tags contain` constraint [quality, reliability, correctness]
[2026-09-08 18:55:47] [SPAMMIER] resolve queries> Query Filter: C:\Users\rafar\.codeql\packages\codeql\python-queries\1.8.9\Statements\RedundantAssignment.ql failed 'tags contain` constraint [quality, reliability, correctness, external/cwe/cwe-563]
[2026-09-08 18:55:47] [SPAMMIER] resolve queries> Query Filter: C:\Users\rafar\.codeql\packages\codeql\python-queries\1.8.9\Statements\ReturnOrYieldOutsideFunction.ql failed the constraint of precision (was medium).
[2026-09-08 18:55:47] [SPAMMIER] resolve queries> Query Filter: C:\Users\rafar\.codeql\packages\codeql\python-queries\1.8.9\Statements\ShouldUseWithStatement.ql failed 'tags contain` constraint [quality, maintainability, readability]
[2026-09-08 18:55:47] [SPAMMIER] resolve queries> Query Filter: C:\Users\rafar\.codeql\packages\codeql\python-queries\1.8.9\Statements\SideEffectInAssert.ql failed 'tags contain` constraint [quality, reliability, correctness]
[2026-09-08 18:55:47] [SPAMMIER] resolve queries> Query Filter: C:\Users\rafar\.codeql\packages\codeql\python-queries\1.8.9\Statements\StatementNoEffect.ql failed 'tags contain` constraint [quality, maintainability, useless-code, external/cwe/cwe-561]
[2026-09-08 18:55:47] [SPAMMIER] resolve queries> Query Filter: C:\Users\rafar\.codeql\packages\codeql\python-queries\1.8.9\Statements\StringConcatenationInLoop.ql failed the constraint of precision (was low).
[2026-09-08 18:55:47] [SPAMMIER] resolve queries> Query Filter: C:\Users\rafar\.codeql\packages\codeql\python-queries\1.8.9\Statements\TopLevelPrint.ql failed 'tags contain` constraint [quality, reliability, correctness]
[2026-09-08 18:55:47] [SPAMMIER] resolve queries> Query Filter: C:\Users\rafar\.codeql\packages\codeql\python-queries\1.8.9\Statements\UnnecessaryDelete.ql failed 'tags contain` constraint [maintainability, useless-code]
[2026-09-08 18:55:47] [SPAMMIER] resolve queries> Query Filter: C:\Users\rafar\.codeql\packages\codeql\python-queries\1.8.9\Statements\UnnecessaryElseClause.ql failed 'tags contain` constraint [quality, maintainability, useless-code]
[2026-09-08 18:55:47] [SPAMMIER] resolve queries> Query Filter: C:\Users\rafar\.codeql\packages\codeql\python-queries\1.8.9\Statements\UnnecessaryPass.ql failed 'tags contain` constraint [quality, maintainability, useless-code]
[2026-09-08 18:55:47] [SPAMMIER] resolve queries> Query Filter: C:\Users\rafar\.codeql\packages\codeql\python-queries\1.8.9\Statements\UnreachableCode.ql failed 'tags contain` constraint [quality, maintainability, useless-code, external/cwe/cwe-561]
[2026-09-08 18:55:47] [SPAMMIER] resolve queries> Query Filter: C:\Users\rafar\.codeql\packages\codeql\python-queries\1.8.9\Statements\UnusedExceptionObject.ql failed 'tags contain` constraint [quality, reliability, error-handling]
[2026-09-08 18:55:47] [SPAMMIER] resolve queries> Query Filter: C:\Users\rafar\.codeql\packages\codeql\python-queries\1.8.9\Statements\UseOfExit.ql failed 'tags contain` constraint [quality, reliability, correctness]
[2026-09-08 18:55:47] [SPAMMIER] resolve queries> Query Filter: C:\Users\rafar\.codeql\packages\codeql\python-queries\1.8.9\Summary\LinesOfCode.ql failed the constraint of kind (was metric).
[2026-09-08 18:55:47] [SPAMMIER] resolve queries> Query Filter: C:\Users\rafar\.codeql\packages\codeql\python-queries\1.8.9\Summary\LinesOfUserCode.ql failed the constraint of kind (was metric).
[2026-09-08 18:55:47] [SPAMMIER] resolve queries> Query Filter: C:\Users\rafar\.codeql\packages\codeql\python-queries\1.8.9\Testing\ImpreciseAssert.ql failed 'tags contain` constraint [quality, maintainability, readability]
[2026-09-08 18:55:47] [SPAMMIER] resolve queries> Query Filter: C:\Users\rafar\.codeql\packages\codeql\python-queries\1.8.9\utils\modeleditor\FrameworkModeEndpoints.ql failed the constraint of kind (was table).
[2026-09-08 18:55:47] [SPAMMIER] resolve queries> Query Filter: C:\Users\rafar\.codeql\packages\codeql\python-queries\1.8.9\Variables\Global.ql failed 'tags contain` constraint []
[2026-09-08 18:55:47] [SPAMMIER] resolve queries> Query Filter: C:\Users\rafar\.codeql\packages\codeql\python-queries\1.8.9\Variables\GlobalAtModuleLevel.ql failed 'tags contain` constraint [quality, maintainability, useless-code]
[2026-09-08 18:55:47] [SPAMMIER] resolve queries> Query Filter: C:\Users\rafar\.codeql\packages\codeql\python-queries\1.8.9\Variables\LeakingListComprehension.ql failed 'tags contain` constraint [portability, correctness]
[2026-09-08 18:55:47] [SPAMMIER] resolve queries> Query Filter: C:\Users\rafar\.codeql\packages\codeql\python-queries\1.8.9\Variables\LoopVariableCapture\LoopVariableCapture.ql failed 'tags contain` constraint [quality, reliability, correctness]
[2026-09-08 18:55:47] [SPAMMIER] resolve queries> Query Filter: C:\Users\rafar\.codeql\packages\codeql\python-queries\1.8.9\Variables\MultiplyDefined.ql failed 'tags contain` constraint [quality, maintainability, useless-code, external/cwe/cwe-563]
[2026-09-08 18:55:47] [SPAMMIER] resolve queries> Query Filter: C:\Users\rafar\.codeql\packages\codeql\python-queries\1.8.9\Variables\ShadowBuiltin.ql failed the constraint of precision (was medium).
[2026-09-08 18:55:47] [SPAMMIER] resolve queries> Query Filter: C:\Users\rafar\.codeql\packages\codeql\python-queries\1.8.9\Variables\ShadowGlobal.ql failed the constraint of precision (was medium).
[2026-09-08 18:55:47] [SPAMMIER] resolve queries> Query Filter: C:\Users\rafar\.codeql\packages\codeql\python-queries\1.8.9\Variables\SuspiciousUnusedLoopIterationVariable.ql failed 'tags contain` constraint [quality, reliability, correctness]
[2026-09-08 18:55:47] [SPAMMIER] resolve queries> Query Filter: C:\Users\rafar\.codeql\packages\codeql\python-queries\1.8.9\Variables\UndefinedExport.ql failed 'tags contain` constraint [quality, reliability, correctness]
[2026-09-08 18:55:47] [SPAMMIER] resolve queries> Query Filter: C:\Users\rafar\.codeql\packages\codeql\python-queries\1.8.9\Variables\UndefinedGlobal.ql failed the constraint of precision (was low).
[2026-09-08 18:55:47] [SPAMMIER] resolve queries> Query Filter: C:\Users\rafar\.codeql\packages\codeql\python-queries\1.8.9\Variables\UndefinedPlaceHolder.ql failed the constraint of precision (was medium).
[2026-09-08 18:55:47] [SPAMMIER] resolve queries> Query Filter: C:\Users\rafar\.codeql\packages\codeql\python-queries\1.8.9\Variables\UninitializedLocal.ql failed the constraint of precision (was medium).
[2026-09-08 18:55:47] [SPAMMIER] resolve queries> Query Filter: C:\Users\rafar\.codeql\packages\codeql\python-queries\1.8.9\Variables\UnusedLocalVariable.ql failed 'tags contain` constraint [quality, maintainability, useless-code, external/cwe/cwe-563]
[2026-09-08 18:55:47] [SPAMMIER] resolve queries> Query Filter: C:\Users\rafar\.codeql\packages\codeql\python-queries\1.8.9\Variables\UnusedModuleVariable.ql failed 'tags contain` constraint [quality, maintainability, useless-code, external/cwe/cwe-563]
[2026-09-08 18:55:47] [SPAMMIER] resolve queries> Query Filter: C:\Users\rafar\.codeql\packages\codeql\python-queries\1.8.9\Variables\UnusedParameter.ql failed the constraint of precision (was medium).
[2026-09-08 18:55:47] [SPAMMIER] resolve queries> Resolution instruction: include.
[2026-09-08 18:55:47] [SPAMMY] resolve queries> Query Filter: Including by constraints kind=problem|path-problem; precision=medium; problem.severity=error|warning; tags contain=security.
[2026-09-08 18:55:47] [SPAMMIER] resolve queries> Query Filter: C:\Users\rafar\.codeql\packages\codeql\python-queries\1.8.9\AlertSuppression.ql failed the constraint of kind (was alert-suppression).
[2026-09-08 18:55:47] [SPAMMIER] resolve queries> Query Filter: C:\Users\rafar\.codeql\packages\codeql\python-queries\1.8.9\analysis\CallGraphEfficiency.ql failed the constraint of kind (not present).
[2026-09-08 18:55:47] [SPAMMIER] resolve queries> Query Filter: C:\Users\rafar\.codeql\packages\codeql\python-queries\1.8.9\analysis\CallGraphMarginalEfficiency.ql failed the constraint of kind (not present).
[2026-09-08 18:55:47] [SPAMMIER] resolve queries> Query Filter: C:\Users\rafar\.codeql\packages\codeql\python-queries\1.8.9\analysis\Consistency.ql failed the constraint of kind (not present).
[2026-09-08 18:55:47] [SPAMMIER] resolve queries> Query Filter: C:\Users\rafar\.codeql\packages\codeql\python-queries\1.8.9\analysis\ContextEfficiency.ql failed the constraint of kind (not present).
[2026-09-08 18:55:47] [SPAMMIER] resolve queries> Query Filter: C:\Users\rafar\.codeql\packages\codeql\python-queries\1.8.9\analysis\ContextMarginalEfficiency.ql failed the constraint of kind (not present).
[2026-09-08 18:55:47] [SPAMMIER] resolve queries> Query Filter: C:\Users\rafar\.codeql\packages\codeql\python-queries\1.8.9\analysis\Definitions.ql failed the constraint of kind (was definitions).
[2026-09-08 18:55:47] [SPAMMIER] resolve queries> Query Filter: C:\Users\rafar\.codeql\packages\codeql\python-queries\1.8.9\analysis\Efficiency.ql failed the constraint of kind (not present).
[2026-09-08 18:55:47] [SPAMMIER] resolve queries> Query Filter: C:\Users\rafar\.codeql\packages\codeql\python-queries\1.8.9\analysis\FailedInference.ql failed the constraint of kind (not present).
[2026-09-08 18:55:47] [SPAMMIER] resolve queries> Query Filter: C:\Users\rafar\.codeql\packages\codeql\python-queries\1.8.9\analysis\ImportFailure.ql failed the constraint of precision (not present).
[2026-09-08 18:55:47] [SPAMMIER] resolve queries> Query Filter: C:\Users\rafar\.codeql\packages\codeql\python-queries\1.8.9\analysis\KeyPointsToFailure.ql failed the constraint of precision (not present).
[2026-09-08 18:55:47] [SPAMMIER] resolve queries> Query Filter: C:\Users\rafar\.codeql\packages\codeql\python-queries\1.8.9\analysis\PointsToFailure.ql failed the constraint of precision (not present).
[2026-09-08 18:55:47] [SPAMMIER] resolve queries> Query Filter: C:\Users\rafar\.codeql\packages\codeql\python-queries\1.8.9\analysis\Pruned.ql failed the constraint of kind (not present).
[2026-09-08 18:55:47] [SPAMMIER] resolve queries> Query Filter: C:\Users\rafar\.codeql\packages\codeql\python-queries\1.8.9\analysis\RatioOfDefinitions.ql failed the constraint of kind (not present).
[2026-09-08 18:55:47] [SPAMMIER] resolve queries> Query Filter: C:\Users\rafar\.codeql\packages\codeql\python-queries\1.8.9\analysis\Summary.ql failed the constraint of kind (not present).
[2026-09-08 18:55:47] [SPAMMIER] resolve queries> Query Filter: C:\Users\rafar\.codeql\packages\codeql\python-queries\1.8.9\analysis\TypeHierarchyFailure.ql failed the constraint of precision (not present).
[2026-09-08 18:55:47] [SPAMMIER] resolve queries> Query Filter: C:\Users\rafar\.codeql\packages\codeql\python-queries\1.8.9\analysis\TypeInferenceFailure.ql failed the constraint of precision (not present).
[2026-09-08 18:55:47] [SPAMMIER] resolve queries> Query Filter: C:\Users\rafar\.codeql\packages\codeql\python-queries\1.8.9\Classes\CallsToInitDel\MissingCallToDel.ql failed the constraint of precision (was high).
[2026-09-08 18:55:47] [SPAMMIER] resolve queries> Query Filter: C:\Users\rafar\.codeql\packages\codeql\python-queries\1.8.9\Classes\CallsToInitDel\MissingCallToInit.ql failed the constraint of precision (was high).
[2026-09-08 18:55:47] [SPAMMIER] resolve queries> Query Filter: C:\Users\rafar\.codeql\packages\codeql\python-queries\1.8.9\Classes\CallsToInitDel\SuperclassDelCalledMultipleTimes.ql failed the constraint of precision (was very-high).
[2026-09-08 18:55:47] [SPAMMIER] resolve queries> Query Filter: C:\Users\rafar\.codeql\packages\codeql\python-queries\1.8.9\Classes\CallsToInitDel\SuperclassInitCalledMultipleTimes.ql failed the constraint of precision (was very-high).
[2026-09-08 18:55:47] [SPAMMIER] resolve queries> Query Filter: C:\Users\rafar\.codeql\packages\codeql\python-queries\1.8.9\Classes\Comparisons\EqualsOrHash.ql failed the constraint of precision (was very-high).
[2026-09-08 18:55:47] [SPAMMIER] resolve queries> Query Filter: C:\Users\rafar\.codeql\packages\codeql\python-queries\1.8.9\Classes\Comparisons\EqualsOrNotEquals.ql failed the constraint of precision (was very-high).
[2026-09-08 18:55:47] [SPAMMIER] resolve queries> Query Filter: C:\Users\rafar\.codeql\packages\codeql\python-queries\1.8.9\Classes\Comparisons\IncompleteOrdering.ql failed the constraint of precision (was very-high).
[2026-09-08 18:55:47] [SPAMMIER] resolve queries> Query Filter: C:\Users\rafar\.codeql\packages\codeql\python-queries\1.8.9\Classes\ConflictingAttributesInBaseClasses.ql failed the constraint of precision (was high).
[2026-09-08 18:55:47] [SPAMMIER] resolve queries> Query Filter: C:\Users\rafar\.codeql\packages\codeql\python-queries\1.8.9\Classes\DefineEqualsWhenAddingAttributes.ql failed the constraint of precision (was high).
[2026-09-08 18:55:47] [SPAMMIER] resolve queries> Query Filter: C:\Users\rafar\.codeql\packages\codeql\python-queries\1.8.9\Classes\InconsistentMRO.ql failed the constraint of precision (was very-high).
[2026-09-08 18:55:47] [SPAMMIER] resolve queries> Query Filter: C:\Users\rafar\.codeql\packages\codeql\python-queries\1.8.9\Classes\InitCallsSubclass\InitCallsSubclassMethod.ql failed the constraint of precision (was high).
[2026-09-08 18:55:47] [SPAMMIER] resolve queries> Query Filter: C:\Users\rafar\.codeql\packages\codeql\python-queries\1.8.9\Classes\MaybeUndefinedClassAttribute.ql failed the constraint of precision (was low).
[2026-09-08 18:55:47] [SPAMMIER] resolve queries> Query Filter: C:\Users\rafar\.codeql\packages\codeql\python-queries\1.8.9\Classes\MutatingDescriptor.ql failed the constraint of precision (was very-high).
[2026-09-08 18:55:47] [SPAMMIER] resolve queries> Query Filter: C:\Users\rafar\.codeql\packages\codeql\python-queries\1.8.9\Classes\OverwritingAttributeInSuperClass.ql failed 'tags contain` constraint [quality, reliability, correctness]
[2026-09-08 18:55:47] [SPAMMIER] resolve queries> Query Filter: C:\Users\rafar\.codeql\packages\codeql\python-queries\1.8.9\Classes\PropertyInOldStyleClass.ql failed the constraint of precision (was very-high).
[2026-09-08 18:55:47] [SPAMMIER] resolve queries> Query Filter: C:\Users\rafar\.codeql\packages\codeql\python-queries\1.8.9\Classes\ShouldBeContextManager.ql failed the constraint of problem.severity (was recommendation).
[2026-09-08 18:55:47] [SPAMMIER] resolve queries> Query Filter: C:\Users\rafar\.codeql\packages\codeql\python-queries\1.8.9\Classes\SlotsInOldStyleClass.ql failed the constraint of precision (was very-high).
[2026-09-08 18:55:47] [SPAMMIER] resolve queries> Query Filter: C:\Users\rafar\.codeql\packages\codeql\python-queries\1.8.9\Classes\SubclassShadowing\SubclassShadowing.ql failed the constraint of precision (was high).
[2026-09-08 18:55:47] [SPAMMIER] resolve queries> Query Filter: C:\Users\rafar\.codeql\packages\codeql\python-queries\1.8.9\Classes\SuperInOldStyleClass.ql failed the constraint of precision (was very-high).
[2026-09-08 18:55:47] [SPAMMIER] resolve queries> Query Filter: C:\Users\rafar\.codeql\packages\codeql\python-queries\1.8.9\Classes\UndefinedClassAttribute.ql failed the constraint of precision (was low).
[2026-09-08 18:55:47] [SPAMMIER] resolve queries> Query Filter: C:\Users\rafar\.codeql\packages\codeql\python-queries\1.8.9\Classes\UselessClass.ql failed the constraint of problem.severity (was recommendation).
[2026-09-08 18:55:47] [SPAMMIER] resolve queries> Query Filter: C:\Users\rafar\.codeql\packages\codeql\python-queries\1.8.9\Classes\WrongNameForArgumentInClassInstantiation.ql failed the constraint of precision (was very-high).
[2026-09-08 18:55:47] [SPAMMIER] resolve queries> Query Filter: C:\Users\rafar\.codeql\packages\codeql\python-queries\1.8.9\Classes\WrongNumberArgumentsInClassInstantiation.ql failed the constraint of precision (was very-high).
[2026-09-08 18:55:47] [SPAMMIER] resolve queries> Query Filter: C:\Users\rafar\.codeql\packages\codeql\python-queries\1.8.9\Diagnostics\ExtractedFiles.ql failed the constraint of kind (was diagnostic).
[2026-09-08 18:55:47] [SPAMMIER] resolve queries> Query Filter: C:\Users\rafar\.codeql\packages\codeql\python-queries\1.8.9\Diagnostics\ExtractionWarnings.ql failed the constraint of kind (was diagnostic).
[2026-09-08 18:55:47] [SPAMMIER] resolve queries> Query Filter: C:\Users\rafar\.codeql\packages\codeql\python-queries\1.8.9\Exceptions\CatchingBaseException.ql failed the constraint of precision (was very-high).
[2026-09-08 18:55:47] [SPAMMIER] resolve queries> Query Filter: C:\Users\rafar\.codeql\packages\codeql\python-queries\1.8.9\Exceptions\EmptyExcept.ql failed the constraint of precision (was high).
[2026-09-08 18:55:47] [SPAMMIER] resolve queries> Query Filter: C:\Users\rafar\.codeql\packages\codeql\python-queries\1.8.9\Exceptions\IllegalExceptionHandlerType.ql failed the constraint of precision (was very-high).
[2026-09-08 18:55:47] [SPAMMIER] resolve queries> Query Filter: C:\Users\rafar\.codeql\packages\codeql\python-queries\1.8.9\Exceptions\IllegalRaise.ql failed the constraint of precision (was very-high).
[2026-09-08 18:55:47] [SPAMMIER] resolve queries> Query Filter: C:\Users\rafar\.codeql\packages\codeql\python-queries\1.8.9\Exceptions\IncorrectExceptOrder.ql failed the constraint of precision (was very-high).
[2026-09-08 18:55:47] [SPAMMIER] resolve queries> Query Filter: C:\Users\rafar\.codeql\packages\codeql\python-queries\1.8.9\Exceptions\NotImplementedIsNotAnException.ql failed the constraint of precision (was very-high).
[2026-09-08 18:55:47] [SPAMMIER] resolve queries> Query Filter: C:\Users\rafar\.codeql\packages\codeql\python-queries\1.8.9\Exceptions\RaisingTuple.ql failed the constraint of precision (was very-high).
[2026-09-08 18:55:47] [SPAMMIER] resolve queries> Query Filter: C:\Users\rafar\.codeql\packages\codeql\python-queries\1.8.9\Exceptions\UnguardedNextInGenerator.ql failed the constraint of precision (was very-high).
[2026-09-08 18:55:47] [SPAMMIER] resolve queries> Query Filter: C:\Users\rafar\.codeql\packages\codeql\python-queries\1.8.9\experimental\Classes\NamingConventionsClasses.ql failed the constraint of precision (not present).
[2026-09-08 18:55:47] [SPAMMIER] resolve queries> Query Filter: C:\Users\rafar\.codeql\packages\codeql\python-queries\1.8.9\experimental\cryptography\example_alerts\UnknownAsymmetricKeyGen.ql failed the constraint of precision (was high).
[2026-09-08 18:55:47] [SPAMMIER] resolve queries> Query Filter: C:\Users\rafar\.codeql\packages\codeql\python-queries\1.8.9\experimental\cryptography\example_alerts\WeakAsymmetricKeyGen.ql failed the constraint of precision (was high).
[2026-09-08 18:55:47] [SPAMMIER] resolve queries> Query Filter: C:\Users\rafar\.codeql\packages\codeql\python-queries\1.8.9\experimental\cryptography\example_alerts\WeakAsymmetricPadding.ql failed the constraint of precision (was high).
[2026-09-08 18:55:47] [SPAMMIER] resolve queries> Query Filter: C:\Users\rafar\.codeql\packages\codeql\python-queries\1.8.9\experimental\cryptography\example_alerts\WeakBlockMode.ql failed the constraint of precision (was high).
[2026-09-08 18:55:47] [SPAMMIER] resolve queries> Query Filter: C:\Users\rafar\.codeql\packages\codeql\python-queries\1.8.9\experimental\cryptography\example_alerts\WeakBlockModeIVorNonce.ql failed the constraint of precision (was high).
[2026-09-08 18:55:47] [SPAMMIER] resolve queries> Query Filter: C:\Users\rafar\.codeql\packages\codeql\python-queries\1.8.9\experimental\cryptography\example_alerts\WeakEllipticCurve.ql failed the constraint of precision (was high).
[2026-09-08 18:55:47] [SPAMMIER] resolve queries> Query Filter: C:\Users\rafar\.codeql\packages\codeql\python-queries\1.8.9\experimental\cryptography\example_alerts\WeakHashes.ql failed the constraint of precision (was high).
[2026-09-08 18:55:47] [SPAMMIER] resolve queries> Query Filter: C:\Users\rafar\.codeql\packages\codeql\python-queries\1.8.9\experimental\cryptography\example_alerts\WeakKDFAlgorithm.ql failed the constraint of precision (was high).
[2026-09-08 18:55:47] [SPAMMIER] resolve queries> Query Filter: C:\Users\rafar\.codeql\packages\codeql\python-queries\1.8.9\experimental\cryptography\example_alerts\WeakKDFIteration.ql failed the constraint of precision (was high).
[2026-09-08 18:55:47] [SPAMMIER] resolve queries> Query Filter: C:\Users\rafar\.codeql\packages\codeql\python-queries\1.8.9\experimental\cryptography\example_alerts\WeakKDFKeyLength.ql failed the constraint of precision (was high).
[2026-09-08 18:55:47] [SPAMMIER] resolve queries> Query Filter: C:\Users\rafar\.codeql\packages\codeql\python-queries\1.8.9\experimental\cryptography\example_alerts\WeakKDFMode.ql failed the constraint of precision (was high).
[2026-09-08 18:55:47] [SPAMMIER] resolve queries> Query Filter: C:\Users\rafar\.codeql\packages\codeql\python-queries\1.8.9\experimental\cryptography\example_alerts\WeakKDFSaltGen.ql failed the constraint of precision (was high).
[2026-09-08 18:55:47] [SPAMMIER] resolve queries> Query Filter: C:\Users\rafar\.codeql\packages\codeql\python-queries\1.8.9\experimental\cryptography\example_alerts\WeakKDFSaltSize.ql failed the constraint of precision (was high).
[2026-09-08 18:55:47] [SPAMMIER] resolve queries> Query Filter: C:\Users\rafar\.codeql\packages\codeql\python-queries\1.8.9\experimental\cryptography\example_alerts\WeakSymmetricEncryption.ql failed the constraint of precision (was high).
[2026-09-08 18:55:47] [SPAMMIER] resolve queries> Query Filter: C:\Users\rafar\.codeql\packages\codeql\python-queries\1.8.9\experimental\cryptography\inventory\new_models\AllAsymmetricAlgorithms.ql failed the constraint of precision (not present).
[2026-09-08 18:55:47] [SPAMMIER] resolve queries> Query Filter: C:\Users\rafar\.codeql\packages\codeql\python-queries\1.8.9\experimental\cryptography\inventory\new_models\AllCryptoAlgorithms.ql failed the constraint of precision (not present).
[2026-09-08 18:55:47] [SPAMMIER] resolve queries> Query Filter: C:\Users\rafar\.codeql\packages\codeql\python-queries\1.8.9\experimental\cryptography\inventory\new_models\AsymmetricEncryptionAlgorithms.ql failed the constraint of precision (not present).
[2026-09-08 18:55:47] [SPAMMIER] resolve queries> Query Filter: C:\Users\rafar\.codeql\packages\codeql\python-queries\1.8.9\experimental\cryptography\inventory\new_models\AsymmetricKeyGenOperation.ql failed the constraint of precision (not present).
[2026-09-08 18:55:47] [SPAMMIER] resolve queries> Query Filter: C:\Users\rafar\.codeql\packages\codeql\python-queries\1.8.9\experimental\cryptography\inventory\new_models\AsymmetricPaddingAlgorithms.ql failed the constraint of precision (not present).
[2026-09-08 18:55:47] [SPAMMIER] resolve queries> Query Filter: C:\Users\rafar\.codeql\packages\codeql\python-queries\1.8.9\experimental\cryptography\inventory\new_models\AuthenticatedEncryptionAlgorithms.ql failed the constraint of precision (not present).
[2026-09-08 18:55:47] [SPAMMIER] resolve queries> Query Filter: C:\Users\rafar\.codeql\packages\codeql\python-queries\1.8.9\experimental\cryptography\inventory\new_models\BlockModeAlgorithms.ql failed the constraint of precision (not present).
[2026-09-08 18:55:47] [SPAMMIER] resolve queries> Query Filter: C:\Users\rafar\.codeql\packages\codeql\python-queries\1.8.9\experimental\cryptography\inventory\new_models\BlockModeKnownIVsOrNonces.ql failed the constraint of precision (not present).
[2026-09-08 18:55:47] [SPAMMIER] resolve queries> Query Filter: C:\Users\rafar\.codeql\packages\codeql\python-queries\1.8.9\experimental\cryptography\inventory\new_models\BlockModeUnknownIVsOrNonces.ql failed the constraint of precision (not present).
[2026-09-08 18:55:47] [SPAMMIER] resolve queries> Query Filter: C:\Users\rafar\.codeql\packages\codeql\python-queries\1.8.9\experimental\cryptography\inventory\new_models\EllipticCurveAlgorithms.ql failed the constraint of precision (not present).
[2026-09-08 18:55:47] [SPAMMIER] resolve queries> Query Filter: C:\Users\rafar\.codeql\packages\codeql\python-queries\1.8.9\experimental\cryptography\inventory\new_models\HashingAlgorithms.ql failed the constraint of precision (not present).
[2026-09-08 18:55:47] [SPAMMIER] resolve queries> Query Filter: C:\Users\rafar\.codeql\packages\codeql\python-queries\1.8.9\experimental\cryptography\inventory\new_models\KeyDerivationAlgorithms.ql failed the constraint of precision (not present).
[2026-09-08 18:55:47] [SPAMMIER] resolve queries> Query Filter: C:\Users\rafar\.codeql\packages\codeql\python-queries\1.8.9\experimental\cryptography\inventory\new_models\KeyExchangeAlgorithms.ql failed the constraint of precision (not present).
[2026-09-08 18:55:47] [SPAMMIER] resolve queries> Query Filter: C:\Users\rafar\.codeql\packages\codeql\python-queries\1.8.9\experimental\cryptography\inventory\new_models\SigningAlgorithms.ql failed the constraint of precision (not present).
[2026-09-08 18:55:47] [SPAMMIER] resolve queries> Query Filter: C:\Users\rafar\.codeql\packages\codeql\python-queries\1.8.9\experimental\cryptography\inventory\new_models\SymmetricEncryptionAlgorithms.ql failed the constraint of precision (not present).
[2026-09-08 18:55:47] [SPAMMIER] resolve queries> Query Filter: C:\Users\rafar\.codeql\packages\codeql\python-queries\1.8.9\experimental\cryptography\inventory\new_models\SymmetricPaddingAlgorithms.ql failed the constraint of precision (not present).
[2026-09-08 18:55:47] [SPAMMIER] resolve queries> Query Filter: C:\Users\rafar\.codeql\packages\codeql\python-queries\1.8.9\experimental\cryptography\inventory\old_models\AllCryptoAlgorithms.ql failed the constraint of precision (not present).
[2026-09-08 18:55:47] [SPAMMIER] resolve queries> Query Filter: C:\Users\rafar\.codeql\packages\codeql\python-queries\1.8.9\experimental\cryptography\inventory\old_models\BlockModeAlgorithms.ql failed the constraint of precision (not present).
[2026-09-08 18:55:47] [SPAMMIER] resolve queries> Query Filter: C:\Users\rafar\.codeql\packages\codeql\python-queries\1.8.9\experimental\cryptography\inventory\old_models\HashingAlgorithms.ql failed the constraint of precision (not present).
[2026-09-08 18:55:47] [SPAMMIER] resolve queries> Query Filter: C:\Users\rafar\.codeql\packages\codeql\python-queries\1.8.9\experimental\Functions\NamingConventionsFunctions.ql failed the constraint of precision (not present).
[2026-09-08 18:55:47] [SPAMMY] resolve queries> Query Filter: Including C:\Users\rafar\.codeql\packages\codeql\python-queries\1.8.9\experimental\Security\CWE-022bis\UnsafeUnpack.ql.
[2026-09-08 18:55:47] [SPAMMIER] resolve queries> Query Filter: C:\Users\rafar\.codeql\packages\codeql\python-queries\1.8.9\experimental\Security\CWE-079\EmailXss.ql failed the constraint of precision (not present).
[2026-09-08 18:55:47] [SPAMMIER] resolve queries> Query Filter: C:\Users\rafar\.codeql\packages\codeql\python-queries\1.8.9\experimental\Security\CWE-1236\CsvInjection.ql failed the constraint of precision (not present).
[2026-09-08 18:55:47] [SPAMMIER] resolve queries> Query Filter: C:\Users\rafar\.codeql\packages\codeql\python-queries\1.8.9\experimental\Security\CWE-208\TimingAttackAgainstHash\PossibleTimingAttackAgainstHash.ql failed the constraint of precision (was low).
[2026-09-08 18:55:47] [SPAMMIER] resolve queries> Query Filter: C:\Users\rafar\.codeql\packages\codeql\python-queries\1.8.9\experimental\Security\CWE-208\TimingAttackAgainstHash\TimingAttackAgainstHash.ql failed the constraint of precision (was low).
[2026-09-08 18:55:47] [SPAMMIER] resolve queries> Query Filter: C:\Users\rafar\.codeql\packages\codeql\python-queries\1.8.9\experimental\Security\CWE-208\TimingAttackAgainstSensitiveInfo\PossibleTimingAttackAgainstSensitiveInfo.ql failed the constraint of precision (was low).
[2026-09-08 18:55:47] [SPAMMIER] resolve queries> Query Filter: C:\Users\rafar\.codeql\packages\codeql\python-queries\1.8.9\experimental\Security\CWE-208\TimingAttackAgainstSensitiveInfo\TimingAttackAgainstSensitiveInfo.ql failed the constraint of precision (was low).
[2026-09-08 18:55:47] [SPAMMIER] resolve queries> Query Filter: C:\Users\rafar\.codeql\packages\codeql\python-queries\1.8.9\experimental\Security\CWE-287\ImproperLdapAuth.ql failed the constraint of precision (not present).
[2026-09-08 18:55:47] [SPAMMY] resolve queries> Query Filter: Including C:\Users\rafar\.codeql\packages\codeql\python-queries\1.8.9\experimental\Security\CWE-327\Azure\UnsafeUsageOfClientSideEncryptionVersion.ql.
[2026-09-08 18:55:47] [SPAMMY] resolve queries> Query Filter: Including C:\Users\rafar\.codeql\packages\codeql\python-queries\1.8.9\experimental\Security\CWE-340\TokenBuiltFromUUID.ql.
[2026-09-08 18:55:47] [SPAMMIER] resolve queries> Query Filter: C:\Users\rafar\.codeql\packages\codeql\python-queries\1.8.9\experimental\Security\CWE-346\CorsBypass.ql failed the constraint of precision (not present).
[2026-09-08 18:55:47] [SPAMMIER] resolve queries> Query Filter: C:\Users\rafar\.codeql\packages\codeql\python-queries\1.8.9\experimental\Security\CWE-347\JWTEmptyKeyOrAlgorithm.ql failed the constraint of precision (not present).
[2026-09-08 18:55:47] [SPAMMIER] resolve queries> Query Filter: C:\Users\rafar\.codeql\packages\codeql\python-queries\1.8.9\experimental\Security\CWE-347\JWTMissingSecretOrPublicKeyVerification.ql failed the constraint of precision (not present).
[2026-09-08 18:55:47] [SPAMMIER] resolve queries> Query Filter: C:\Users\rafar\.codeql\packages\codeql\python-queries\1.8.9\experimental\Security\CWE-522\LdapInsecureAuth.ql failed the constraint of precision (not present).
[2026-09-08 18:55:47] [SPAMMIER] resolve queries> Query Filter: C:\Users\rafar\.codeql\packages\codeql\python-queries\1.8.9\Expressions\CallToSuperWrongClass.ql failed the constraint of precision (was high).
[2026-09-08 18:55:47] [SPAMMIER] resolve queries> Query Filter: C:\Users\rafar\.codeql\packages\codeql\python-queries\1.8.9\Expressions\CompareConstants.ql failed the constraint of precision (was very-high).
[2026-09-08 18:55:47] [SPAMMIER] resolve queries> Query Filter: C:\Users\rafar\.codeql\packages\codeql\python-queries\1.8.9\Expressions\CompareIdenticalValues.ql failed the constraint of precision (was very-high).
[2026-09-08 18:55:47] [SPAMMIER] resolve queries> Query Filter: C:\Users\rafar\.codeql\packages\codeql\python-queries\1.8.9\Expressions\CompareIdenticalValuesMissingSelf.ql failed the constraint of precision (was very-high).
[2026-09-08 18:55:47] [SPAMMIER] resolve queries> Query Filter: C:\Users\rafar\.codeql\packages\codeql\python-queries\1.8.9\Expressions\Comparisons\UselessComparisonTest.ql failed the constraint of precision (was high).
[2026-09-08 18:55:47] [SPAMMIER] resolve queries> Query Filter: C:\Users\rafar\.codeql\packages\codeql\python-queries\1.8.9\Expressions\ContainsNonContainer.ql failed the constraint of precision (was high).
[2026-09-08 18:55:47] [SPAMMIER] resolve queries> Query Filter: C:\Users\rafar\.codeql\packages\codeql\python-queries\1.8.9\Expressions\DuplicateKeyInDictionaryLiteral.ql failed the constraint of precision (was very-high).
[2026-09-08 18:55:47] [SPAMMIER] resolve queries> Query Filter: C:\Users\rafar\.codeql\packages\codeql\python-queries\1.8.9\Expressions\EqualsNone.ql failed the constraint of precision (was very-high).
[2026-09-08 18:55:47] [SPAMMIER] resolve queries> Query Filter: C:\Users\rafar\.codeql\packages\codeql\python-queries\1.8.9\Expressions\ExpectedMappingForFormatString.ql failed the constraint of precision (was high).
[2026-09-08 18:55:47] [SPAMMIER] resolve queries> Query Filter: C:\Users\rafar\.codeql\packages\codeql\python-queries\1.8.9\Expressions\ExplicitCallToDel.ql failed the constraint of precision (was very-high).
[2026-09-08 18:55:47] [SPAMMIER] resolve queries> Query Filter: C:\Users\rafar\.codeql\packages\codeql\python-queries\1.8.9\Expressions\Formatting\MixedExplicitImplicitIn3101Format.ql failed the constraint of precision (was high).
[2026-09-08 18:55:47] [SPAMMIER] resolve queries> Query Filter: C:\Users\rafar\.codeql\packages\codeql\python-queries\1.8.9\Expressions\Formatting\UnusedArgumentIn3101Format.ql failed the constraint of precision (was high).
[2026-09-08 18:55:47] [SPAMMIER] resolve queries> Query Filter: C:\Users\rafar\.codeql\packages\codeql\python-queries\1.8.9\Expressions\Formatting\UnusedNamedArgumentIn3101Format.ql failed the constraint of precision (was very-high).
[2026-09-08 18:55:47] [SPAMMIER] resolve queries> Query Filter: C:\Users\rafar\.codeql\packages\codeql\python-queries\1.8.9\Expressions\Formatting\WrongNameInArgumentsFor3101Format.ql failed the constraint of precision (was high).
[2026-09-08 18:55:47] [SPAMMIER] resolve queries> Query Filter: C:\Users\rafar\.codeql\packages\codeql\python-queries\1.8.9\Expressions\Formatting\WrongNumberArgumentsFor3101Format.ql failed the constraint of precision (was high).
[2026-09-08 18:55:47] [SPAMMIER] resolve queries> Query Filter: C:\Users\rafar\.codeql\packages\codeql\python-queries\1.8.9\Expressions\HashedButNoHash.ql failed the constraint of precision (was very-high).
[2026-09-08 18:55:47] [SPAMMIER] resolve queries> Query Filter: C:\Users\rafar\.codeql\packages\codeql\python-queries\1.8.9\Expressions\IncorrectComparisonUsingIs.ql failed the constraint of precision (was high).
[2026-09-08 18:55:47] [SPAMMIER] resolve queries> Query Filter: C:\Users\rafar\.codeql\packages\codeql\python-queries\1.8.9\Expressions\NonCallableCalled.ql failed the constraint of precision (was high).
[2026-09-08 18:55:47] [SPAMMIER] resolve queries> Query Filter: C:\Users\rafar\.codeql\packages\codeql\python-queries\1.8.9\Expressions\NonPortableComparisonUsingIs.ql failed the constraint of problem.severity (was recommendation).
[2026-09-08 18:55:47] [SPAMMIER] resolve queries> Query Filter: C:\Users\rafar\.codeql\packages\codeql\python-queries\1.8.9\Expressions\Regex\BackspaceEscape.ql failed the constraint of precision (was very-high).
[2026-09-08 18:55:47] [SPAMMIER] resolve queries> Query Filter: C:\Users\rafar\.codeql\packages\codeql\python-queries\1.8.9\Expressions\Regex\DuplicateCharacterInSet.ql failed the constraint of precision (was very-high).
[2026-09-08 18:55:47] [SPAMMIER] resolve queries> Query Filter: C:\Users\rafar\.codeql\packages\codeql\python-queries\1.8.9\Expressions\Regex\MissingPartSpecialGroup.ql failed the constraint of precision (was high).
[2026-09-08 18:55:47] [SPAMMIER] resolve queries> Query Filter: C:\Users\rafar\.codeql\packages\codeql\python-queries\1.8.9\Expressions\Regex\UnmatchableCaret.ql failed the constraint of precision (was high).
[2026-09-08 18:55:47] [SPAMMIER] resolve queries> Query Filter: C:\Users\rafar\.codeql\packages\codeql\python-queries\1.8.9\Expressions\Regex\UnmatchableDollar.ql failed the constraint of precision (was high).
[2026-09-08 18:55:47] [SPAMMIER] resolve queries> Query Filter: C:\Users\rafar\.codeql\packages\codeql\python-queries\1.8.9\Expressions\TruncatedDivision.ql failed the constraint of precision (was very-high).
[2026-09-08 18:55:47] [SPAMMIER] resolve queries> Query Filter: C:\Users\rafar\.codeql\packages\codeql\python-queries\1.8.9\Expressions\UnintentionalImplicitStringConcatenation.ql failed the constraint of precision (was high).
[2026-09-08 18:55:47] [SPAMMIER] resolve queries> Query Filter: C:\Users\rafar\.codeql\packages\codeql\python-queries\1.8.9\Expressions\UnnecessaryLambda.ql failed the constraint of precision (was high).
[2026-09-08 18:55:47] [SPAMMIER] resolve queries> Query Filter: C:\Users\rafar\.codeql\packages\codeql\python-queries\1.8.9\Expressions\UnsupportedFormatCharacter.ql failed the constraint of precision (was high).
[2026-09-08 18:55:47] [SPAMMIER] resolve queries> Query Filter: C:\Users\rafar\.codeql\packages\codeql\python-queries\1.8.9\Expressions\UseofApply.ql failed the constraint of precision (was very-high).
[2026-09-08 18:55:47] [SPAMMIER] resolve queries> Query Filter: C:\Users\rafar\.codeql\packages\codeql\python-queries\1.8.9\Expressions\WrongNameForArgumentInCall.ql failed the constraint of precision (was very-high).
[2026-09-08 18:55:47] [SPAMMIER] resolve queries> Query Filter: C:\Users\rafar\.codeql\packages\codeql\python-queries\1.8.9\Expressions\WrongNumberArgumentsForFormat.ql failed the constraint of precision (was very-high).
[2026-09-08 18:55:47] [SPAMMIER] resolve queries> Query Filter: C:\Users\rafar\.codeql\packages\codeql\python-queries\1.8.9\Expressions\WrongNumberArgumentsInCall.ql failed the constraint of precision (was very-high).
[2026-09-08 18:55:47] [SPAMMIER] resolve queries> Query Filter: C:\Users\rafar\.codeql\packages\codeql\python-queries\1.8.9\external\DuplicateBlock.ql failed the constraint of problem.severity (was recommendation).
[2026-09-08 18:55:47] [SPAMMIER] resolve queries> Query Filter: C:\Users\rafar\.codeql\packages\codeql\python-queries\1.8.9\external\DuplicateFunction.ql failed the constraint of precision (was high).
[2026-09-08 18:55:47] [SPAMMIER] resolve queries> Query Filter: C:\Users\rafar\.codeql\packages\codeql\python-queries\1.8.9\external\MostlyDuplicateClass.ql failed the constraint of precision (was high).
[2026-09-08 18:55:47] [SPAMMIER] resolve queries> Query Filter: C:\Users\rafar\.codeql\packages\codeql\python-queries\1.8.9\external\MostlyDuplicateFile.ql failed the constraint of precision (was high).
[2026-09-08 18:55:47] [SPAMMIER] resolve queries> Query Filter: C:\Users\rafar\.codeql\packages\codeql\python-queries\1.8.9\external\MostlySimilarFile.ql failed the constraint of precision (was high).
[2026-09-08 18:55:47] [SPAMMIER] resolve queries> Query Filter: C:\Users\rafar\.codeql\packages\codeql\python-queries\1.8.9\external\SimilarFunction.ql failed the constraint of precision (was very-high).
[2026-09-08 18:55:47] [SPAMMIER] resolve queries> Query Filter: C:\Users\rafar\.codeql\packages\codeql\python-queries\1.8.9\Filters\ClassifyFiles.ql failed the constraint of kind (was file-classifier).
[2026-09-08 18:55:47] [SPAMMIER] resolve queries> Query Filter: C:\Users\rafar\.codeql\packages\codeql\python-queries\1.8.9\Functions\ConsistentReturns.ql failed the constraint of precision (was high).
[2026-09-08 18:55:47] [SPAMMIER] resolve queries> Query Filter: C:\Users\rafar\.codeql\packages\codeql\python-queries\1.8.9\Functions\DeprecatedSliceMethod.ql failed the constraint of precision (was very-high).
[2026-09-08 18:55:47] [SPAMMIER] resolve queries> Query Filter: C:\Users\rafar\.codeql\packages\codeql\python-queries\1.8.9\Functions\ExplicitReturnInInit.ql failed the constraint of precision (was very-high).
[2026-09-08 18:55:47] [SPAMMIER] resolve queries> Query Filter: C:\Users\rafar\.codeql\packages\codeql\python-queries\1.8.9\Functions\IncorrectlyOverriddenMethod.ql failed the constraint of precision (was high).
[2026-09-08 18:55:47] [SPAMMIER] resolve queries> Query Filter: C:\Users\rafar\.codeql\packages\codeql\python-queries\1.8.9\Functions\IncorrectlySpecifiedOverriddenMethod.ql failed the constraint of precision (was high).
[2026-09-08 18:55:47] [SPAMMIER] resolve queries> Query Filter: C:\Users\rafar\.codeql\packages\codeql\python-queries\1.8.9\Functions\IncorrectRaiseInSpecialMethod.ql failed the constraint of precision (was high).
[2026-09-08 18:55:47] [SPAMMIER] resolve queries> Query Filter: C:\Users\rafar\.codeql\packages\codeql\python-queries\1.8.9\Functions\InitIsGenerator.ql failed the constraint of precision (was very-high).
[2026-09-08 18:55:47] [SPAMMIER] resolve queries> Query Filter: C:\Users\rafar\.codeql\packages\codeql\python-queries\1.8.9\Functions\IterReturnsNonIterator.ql failed the constraint of precision (was high).
[2026-09-08 18:55:47] [SPAMMIER] resolve queries> Query Filter: C:\Users\rafar\.codeql\packages\codeql\python-queries\1.8.9\Functions\IterReturnsNonSelf.ql failed the constraint of precision (was high).
[2026-09-08 18:55:47] [SPAMMIER] resolve queries> Query Filter: C:\Users\rafar\.codeql\packages\codeql\python-queries\1.8.9\Functions\ModificationOfParameterWithDefault.ql failed the constraint of precision (was high).
[2026-09-08 18:55:47] [SPAMMIER] resolve queries> Query Filter: C:\Users\rafar\.codeql\packages\codeql\python-queries\1.8.9\Functions\NonCls.ql failed the constraint of precision (was high).
[2026-09-08 18:55:47] [SPAMMIER] resolve queries> Query Filter: C:\Users\rafar\.codeql\packages\codeql\python-queries\1.8.9\Functions\NonSelf.ql failed the constraint of precision (was very-high).
[2026-09-08 18:55:47] [SPAMMIER] resolve queries> Query Filter: C:\Users\rafar\.codeql\packages\codeql\python-queries\1.8.9\Functions\OverlyComplexDelMethod.ql failed the constraint of precision (was high).
[2026-09-08 18:55:47] [SPAMMIER] resolve queries> Query Filter: C:\Users\rafar\.codeql\packages\codeql\python-queries\1.8.9\Functions\ReturnConsistentTupleSizes.ql failed the constraint of precision (was high).
[2026-09-08 18:55:47] [SPAMMIER] resolve queries> Query Filter: C:\Users\rafar\.codeql\packages\codeql\python-queries\1.8.9\Functions\ReturnValueIgnored.ql failed the constraint of problem.severity (was recommendation).
[2026-09-08 18:55:47] [SPAMMIER] resolve queries> Query Filter: C:\Users\rafar\.codeql\packages\codeql\python-queries\1.8.9\Functions\SignatureOverriddenMethod.ql failed the constraint of precision (was very-high).
[2026-09-08 18:55:47] [SPAMMIER] resolve queries> Query Filter: C:\Users\rafar\.codeql\packages\codeql\python-queries\1.8.9\Functions\SignatureSpecialMethods.ql failed the constraint of precision (was high).
[2026-09-08 18:55:47] [SPAMMIER] resolve queries> Query Filter: C:\Users\rafar\.codeql\packages\codeql\python-queries\1.8.9\Functions\UseImplicitNoneReturnValue.ql failed the constraint of precision (was high).
[2026-09-08 18:55:47] [SPAMMIER] resolve queries> Query Filter: C:\Users\rafar\.codeql\packages\codeql\python-queries\1.8.9\Imports\CyclicImport.ql failed the constraint of precision (was high).
[2026-09-08 18:55:47] [SPAMMIER] resolve queries> Query Filter: C:\Users\rafar\.codeql\packages\codeql\python-queries\1.8.9\Imports\DeprecatedModule.ql failed the constraint of precision (was very-high).
[2026-09-08 18:55:47] [SPAMMIER] resolve queries> Query Filter: C:\Users\rafar\.codeql\packages\codeql\python-queries\1.8.9\Imports\EncodingError.ql failed the constraint of precision (was high).
[2026-09-08 18:55:47] [SPAMMIER] resolve queries> Query Filter: C:\Users\rafar\.codeql\packages\codeql\python-queries\1.8.9\Imports\FromImportOfMutableAttribute.ql failed 'tags contain` constraint [quality, reliability, correctness]
[2026-09-08 18:55:47] [SPAMMIER] resolve queries> Query Filter: C:\Users\rafar\.codeql\packages\codeql\python-queries\1.8.9\Imports\ImportandImportFrom.ql failed the constraint of precision (was very-high).
[2026-09-08 18:55:47] [SPAMMIER] resolve queries> Query Filter: C:\Users\rafar\.codeql\packages\codeql\python-queries\1.8.9\Imports\Imports.ql failed the constraint of problem.severity (was recommendation).
[2026-09-08 18:55:47] [SPAMMIER] resolve queries> Query Filter: C:\Users\rafar\.codeql\packages\codeql\python-queries\1.8.9\Imports\ImportShadowedByLoopVar.ql failed the constraint of precision (was very-high).
[2026-09-08 18:55:47] [SPAMMIER] resolve queries> Query Filter: C:\Users\rafar\.codeql\packages\codeql\python-queries\1.8.9\Imports\ImportStarUsed.ql failed the constraint of problem.severity (was recommendation).
[2026-09-08 18:55:47] [SPAMMIER] resolve queries> Query Filter: C:\Users\rafar\.codeql\packages\codeql\python-queries\1.8.9\Imports\ModuleImportsItself.ql failed the constraint of precision (was very-high).
[2026-09-08 18:55:47] [SPAMMIER] resolve queries> Query Filter: C:\Users\rafar\.codeql\packages\codeql\python-queries\1.8.9\Imports\ModuleLevelCyclicImport.ql failed the constraint of precision (was high).
[2026-09-08 18:55:47] [SPAMMIER] resolve queries> Query Filter: C:\Users\rafar\.codeql\packages\codeql\python-queries\1.8.9\Imports\MultipleImports.ql failed the constraint of precision (was very-high).
[2026-09-08 18:55:47] [SPAMMIER] resolve queries> Query Filter: C:\Users\rafar\.codeql\packages\codeql\python-queries\1.8.9\Imports\SyntaxError.ql failed the constraint of precision (was high).
[2026-09-08 18:55:47] [SPAMMIER] resolve queries> Query Filter: C:\Users\rafar\.codeql\packages\codeql\python-queries\1.8.9\Imports\UnintentionalImport.ql failed the constraint of precision (was very-high).
[2026-09-08 18:55:47] [SPAMMIER] resolve queries> Query Filter: C:\Users\rafar\.codeql\packages\codeql\python-queries\1.8.9\Imports\UnusedImport.ql failed the constraint of precision (was very-high).
[2026-09-08 18:55:47] [SPAMMIER] resolve queries> Query Filter: C:\Users\rafar\.codeql\packages\codeql\python-queries\1.8.9\Lexical\CommentedOutCode.ql failed the constraint of precision (was high).
[2026-09-08 18:55:47] [SPAMMIER] resolve queries> Query Filter: C:\Users\rafar\.codeql\packages\codeql\python-queries\1.8.9\Lexical\FCommentedOutCode.ql failed the constraint of kind (was treemap).
[2026-09-08 18:55:47] [SPAMMIER] resolve queries> Query Filter: C:\Users\rafar\.codeql\packages\codeql\python-queries\1.8.9\Lexical\OldOctalLiteral.ql failed the constraint of precision (was high).
[2026-09-08 18:55:47] [SPAMMIER] resolve queries> Query Filter: C:\Users\rafar\.codeql\packages\codeql\python-queries\1.8.9\Lexical\ToDoComment.ql failed the constraint of problem.severity (was recommendation).
[2026-09-08 18:55:47] [SPAMMIER] resolve queries> Query Filter: C:\Users\rafar\.codeql\packages\codeql\python-queries\1.8.9\meta\alerts\InterestingTaintSinks.ql failed the constraint of precision (was very-low).
[2026-09-08 18:55:47] [SPAMMIER] resolve queries> Query Filter: C:\Users\rafar\.codeql\packages\codeql\python-queries\1.8.9\meta\alerts\RemoteFlowSources.ql failed the constraint of precision (was very-low).
[2026-09-08 18:55:47] [SPAMMIER] resolve queries> Query Filter: C:\Users\rafar\.codeql\packages\codeql\python-queries\1.8.9\meta\alerts\RemoteFlowSourcesReach.ql failed the constraint of precision (was very-low).
[2026-09-08 18:55:47] [SPAMMIER] resolve queries> Query Filter: C:\Users\rafar\.codeql\packages\codeql\python-queries\1.8.9\meta\alerts\RequestHandlers.ql failed the constraint of precision (was very-low).
[2026-09-08 18:55:47] [SPAMMIER] resolve queries> Query Filter: C:\Users\rafar\.codeql\packages\codeql\python-queries\1.8.9\meta\alerts\TaintSinks.ql failed the constraint of precision (was very-low).
[2026-09-08 18:55:47] [SPAMMIER] resolve queries> Query Filter: C:\Users\rafar\.codeql\packages\codeql\python-queries\1.8.9\meta\analysis-quality\CallGraph.ql failed the constraint of precision (was very-low).
[2026-09-08 18:55:47] [SPAMMIER] resolve queries> Query Filter: C:\Users\rafar\.codeql\packages\codeql\python-queries\1.8.9\meta\analysis-quality\PointsToResolvableCallRatio.ql failed the constraint of kind (was metric).
[2026-09-08 18:55:47] [SPAMMIER] resolve queries> Query Filter: C:\Users\rafar\.codeql\packages\codeql\python-queries\1.8.9\meta\analysis-quality\PointsToResolvableCalls.ql failed the constraint of kind (was metric).
[2026-09-08 18:55:47] [SPAMMIER] resolve queries> Query Filter: C:\Users\rafar\.codeql\packages\codeql\python-queries\1.8.9\meta\analysis-quality\PointsToResolvableCallsRelevantTarget.ql failed the constraint of kind (was metric).
[2026-09-08 18:55:47] [SPAMMIER] resolve queries> Query Filter: C:\Users\rafar\.codeql\packages\codeql\python-queries\1.8.9\meta\analysis-quality\ResolvableCallCandidates.ql failed the constraint of kind (was metric).
[2026-09-08 18:55:47] [SPAMMIER] resolve queries> Query Filter: C:\Users\rafar\.codeql\packages\codeql\python-queries\1.8.9\meta\analysis-quality\SummarizedCallableCallSites.ql failed the constraint of precision (was very-low).
[2026-09-08 18:55:47] [SPAMMIER] resolve queries> Query Filter: C:\Users\rafar\.codeql\packages\codeql\python-queries\1.8.9\meta\analysis-quality\TTCallGraph.ql failed the constraint of precision (was very-low).
[2026-09-08 18:55:47] [SPAMMIER] resolve queries> Query Filter: C:\Users\rafar\.codeql\packages\codeql\python-queries\1.8.9\meta\analysis-quality\TTCallGraphMissing.ql failed the constraint of precision (was very-low).
[2026-09-08 18:55:47] [SPAMMIER] resolve queries> Query Filter: C:\Users\rafar\.codeql\packages\codeql\python-queries\1.8.9\meta\analysis-quality\TTCallGraphNew.ql failed the constraint of precision (was very-low).
[2026-09-08 18:55:47] [SPAMMIER] resolve queries> Query Filter: C:\Users\rafar\.codeql\packages\codeql\python-queries\1.8.9\meta\analysis-quality\TTCallGraphNewAmbiguous.ql failed the constraint of precision (was very-low).
[2026-09-08 18:55:47] [SPAMMIER] resolve queries> Query Filter: C:\Users\rafar\.codeql\packages\codeql\python-queries\1.8.9\meta\analysis-quality\TTCallGraphOverview.ql failed the constraint of kind (not present).
[2026-09-08 18:55:47] [SPAMMIER] resolve queries> Query Filter: C:\Users\rafar\.codeql\packages\codeql\python-queries\1.8.9\meta\analysis-quality\TTCallGraphShared.ql failed the constraint of precision (was very-low).
[2026-09-08 18:55:47] [SPAMMIER] resolve queries> Query Filter: C:\Users\rafar\.codeql\packages\codeql\python-queries\1.8.9\meta\ClassHierarchy\Find.ql failed the constraint of kind (was table).
[2026-09-08 18:55:47] [SPAMMIER] resolve queries> Query Filter: C:\Users\rafar\.codeql\packages\codeql\python-queries\1.8.9\meta\debug\DebugStats.ql failed the constraint of kind (not present).
[2026-09-08 18:55:47] [SPAMMIER] resolve queries> Query Filter: C:\Users\rafar\.codeql\packages\codeql\python-queries\1.8.9\meta\debug\SimpleClassDebug.ql failed the constraint of kind (not present).
[2026-09-08 18:55:47] [SPAMMIER] resolve queries> Query Filter: C:\Users\rafar\.codeql\packages\codeql\python-queries\1.8.9\Metrics\ClassAfferentCoupling.ql failed the constraint of kind (was treemap).
[2026-09-08 18:55:47] [SPAMMIER] resolve queries> Query Filter: C:\Users\rafar\.codeql\packages\codeql\python-queries\1.8.9\Metrics\ClassEfferentCoupling.ql failed the constraint of kind (was treemap).
[2026-09-08 18:55:47] [SPAMMIER] resolve queries> Query Filter: C:\Users\rafar\.codeql\packages\codeql\python-queries\1.8.9\Metrics\CLinesOfCode.ql failed the constraint of kind (was treemap).
[2026-09-08 18:55:47] [SPAMMIER] resolve queries> Query Filter: C:\Users\rafar\.codeql\packages\codeql\python-queries\1.8.9\Metrics\CommentRatio.ql failed the constraint of kind (was treemap).
[2026-09-08 18:55:47] [SPAMMIER] resolve queries> Query Filter: C:\Users\rafar\.codeql\packages\codeql\python-queries\1.8.9\Metrics\CyclomaticComplexity.ql failed the constraint of kind (was treemap).
[2026-09-08 18:55:47] [SPAMMIER] resolve queries> Query Filter: C:\Users\rafar\.codeql\packages\codeql\python-queries\1.8.9\Metrics\Dependencies\ExternalDependencies.ql failed the constraint of kind (was treemap).
[2026-09-08 18:55:47] [SPAMMIER] resolve queries> Query Filter: C:\Users\rafar\.codeql\packages\codeql\python-queries\1.8.9\Metrics\Dependencies\ExternalDependenciesSourceLinks.ql failed the constraint of kind (was source-link).
[2026-09-08 18:55:47] [SPAMMIER] resolve queries> Query Filter: C:\Users\rafar\.codeql\packages\codeql\python-queries\1.8.9\Metrics\DirectImports.ql failed the constraint of kind (was treemap).
[2026-09-08 18:55:47] [SPAMMIER] resolve queries> Query Filter: C:\Users\rafar\.codeql\packages\codeql\python-queries\1.8.9\Metrics\DocStringRatio.ql failed the constraint of kind (was treemap).
[2026-09-08 18:55:47] [SPAMMIER] resolve queries> Query Filter: C:\Users\rafar\.codeql\packages\codeql\python-queries\1.8.9\Metrics\External\CommitDisplayStrings.ql failed the constraint of kind (was display-string).
[2026-09-08 18:55:47] [SPAMMIER] resolve queries> Query Filter: C:\Users\rafar\.codeql\packages\codeql\python-queries\1.8.9\Metrics\External\CommitSourceLinks.ql failed the constraint of kind (was source-link).
[2026-09-08 18:55:47] [SPAMMIER] resolve queries> Query Filter: C:\Users\rafar\.codeql\packages\codeql\python-queries\1.8.9\Metrics\FClasses.ql failed the constraint of kind (was treemap).
[2026-09-08 18:55:47] [SPAMMIER] resolve queries> Query Filter: C:\Users\rafar\.codeql\packages\codeql\python-queries\1.8.9\Metrics\FFunctionsAndMethods.ql failed the constraint of kind (was treemap).
[2026-09-08 18:55:47] [SPAMMIER] resolve queries> Query Filter: C:\Users\rafar\.codeql\packages\codeql\python-queries\1.8.9\Metrics\FLines.ql failed the constraint of kind (was treemap).
[2026-09-08 18:55:47] [SPAMMIER] resolve queries> Query Filter: C:\Users\rafar\.codeql\packages\codeql\python-queries\1.8.9\Metrics\FLinesOfCode.ql failed the constraint of kind (was treemap).
[2026-09-08 18:55:47] [SPAMMIER] resolve queries> Query Filter: C:\Users\rafar\.codeql\packages\codeql\python-queries\1.8.9\Metrics\FLinesOfComments.ql failed the constraint of kind (was treemap).
[2026-09-08 18:55:47] [SPAMMIER] resolve queries> Query Filter: C:\Users\rafar\.codeql\packages\codeql\python-queries\1.8.9\Metrics\FLinesOfDuplicatedCode.ql failed the constraint of kind (was treemap).
[2026-09-08 18:55:47] [SPAMMIER] resolve queries> Query Filter: C:\Users\rafar\.codeql\packages\codeql\python-queries\1.8.9\Metrics\FLinesOfSimilarCode.ql failed the constraint of kind (was treemap).
[2026-09-08 18:55:47] [SPAMMIER] resolve queries> Query Filter: C:\Users\rafar\.codeql\packages\codeql\python-queries\1.8.9\Metrics\FNumberOfTests.ql failed the constraint of kind (was treemap).
[2026-09-08 18:55:47] [SPAMMIER] resolve queries> Query Filter: C:\Users\rafar\.codeql\packages\codeql\python-queries\1.8.9\Metrics\FunctionNumberOfCalls.ql failed the constraint of kind (was treemap).
[2026-09-08 18:55:47] [SPAMMIER] resolve queries> Query Filter: C:\Users\rafar\.codeql\packages\codeql\python-queries\1.8.9\Metrics\FunctionStatementNestingDepth.ql failed the constraint of kind (was treemap).
[2026-09-08 18:55:47] [SPAMMIER] resolve queries> Query Filter: C:\Users\rafar\.codeql\packages\codeql\python-queries\1.8.9\Metrics\History\HChurn.ql failed the constraint of kind (was treemap).
[2026-09-08 18:55:47] [SPAMMIER] resolve queries> Query Filter: C:\Users\rafar\.codeql\packages\codeql\python-queries\1.8.9\Metrics\History\HLinesAdded.ql failed the constraint of kind (was treemap).
[2026-09-08 18:55:47] [SPAMMIER] resolve queries> Query Filter: C:\Users\rafar\.codeql\packages\codeql\python-queries\1.8.9\Metrics\History\HLinesDeleted.ql failed the constraint of kind (was treemap).
[2026-09-08 18:55:47] [SPAMMIER] resolve queries> Query Filter: C:\Users\rafar\.codeql\packages\codeql\python-queries\1.8.9\Metrics\History\HNumberOfAuthors.ql failed the constraint of kind (was treemap).
[2026-09-08 18:55:47] [SPAMMIER] resolve queries> Query Filter: C:\Users\rafar\.codeql\packages\codeql\python-queries\1.8.9\Metrics\History\HNumberOfCoCommits.ql failed the constraint of kind (was treemap).
[2026-09-08 18:55:47] [SPAMMIER] resolve queries> Query Filter: C:\Users\rafar\.codeql\packages\codeql\python-queries\1.8.9\Metrics\History\HNumberOfCommits.ql failed the constraint of kind (was treemap).
[2026-09-08 18:55:47] [SPAMMIER] resolve queries> Query Filter: C:\Users\rafar\.codeql\packages\codeql\python-queries\1.8.9\Metrics\History\HNumberOfRecentAuthors.ql failed the constraint of kind (was treemap).
[2026-09-08 18:55:47] [SPAMMIER] resolve queries> Query Filter: C:\Users\rafar\.codeql\packages\codeql\python-queries\1.8.9\Metrics\History\HNumberOfRecentChangedFiles.ql failed the constraint of kind (was treemap).
[2026-09-08 18:55:47] [SPAMMIER] resolve queries> Query Filter: C:\Users\rafar\.codeql\packages\codeql\python-queries\1.8.9\Metrics\History\HNumberOfRecentCommits.ql failed the constraint of kind (was treemap).
[2026-09-08 18:55:47] [SPAMMIER] resolve queries> Query Filter: C:\Users\rafar\.codeql\packages\codeql\python-queries\1.8.9\Metrics\History\HNumberOfReCommits.ql failed the constraint of kind (was treemap).
[2026-09-08 18:55:47] [SPAMMIER] resolve queries> Query Filter: C:\Users\rafar\.codeql\packages\codeql\python-queries\1.8.9\Metrics\Internal\CallableDisplayStrings.ql failed the constraint of kind (was display-string).
[2026-09-08 18:55:47] [SPAMMIER] resolve queries> Query Filter: C:\Users\rafar\.codeql\packages\codeql\python-queries\1.8.9\Metrics\Internal\CallableExtents.ql failed the constraint of kind (was extent).
[2026-09-08 18:55:47] [SPAMMIER] resolve queries> Query Filter: C:\Users\rafar\.codeql\packages\codeql\python-queries\1.8.9\Metrics\Internal\CallableSourceLinks.ql failed the constraint of kind (was source-link).
[2026-09-08 18:55:47] [SPAMMIER] resolve queries> Query Filter: C:\Users\rafar\.codeql\packages\codeql\python-queries\1.8.9\Metrics\Internal\ClassDisplayStrings.ql failed the constraint of kind (was display-string).
[2026-09-08 18:55:47] [SPAMMIER] resolve queries> Query Filter: C:\Users\rafar\.codeql\packages\codeql\python-queries\1.8.9\Metrics\Internal\ClassExtents.ql failed the constraint of kind (was extent).
[2026-09-08 18:55:47] [SPAMMIER] resolve queries> Query Filter: C:\Users\rafar\.codeql\packages\codeql\python-queries\1.8.9\Metrics\Internal\ClassSourceLinks.ql failed the constraint of kind (was source-link).
[2026-09-08 18:55:47] [SPAMMIER] resolve queries> Query Filter: C:\Users\rafar\.codeql\packages\codeql\python-queries\1.8.9\Metrics\Internal\TypeAnnotations.ql failed the constraint of kind (was table).
[2026-09-08 18:55:47] [SPAMMIER] resolve queries> Query Filter: C:\Users\rafar\.codeql\packages\codeql\python-queries\1.8.9\Metrics\LackofCohesionInMethodsCK.ql failed the constraint of kind (was treemap).
[2026-09-08 18:55:47] [SPAMMIER] resolve queries> Query Filter: C:\Users\rafar\.codeql\packages\codeql\python-queries\1.8.9\Metrics\LackofCohesionInMethodsHM.ql failed the constraint of kind (was treemap).
[2026-09-08 18:55:47] [SPAMMIER] resolve queries> Query Filter: C:\Users\rafar\.codeql\packages\codeql\python-queries\1.8.9\Metrics\ModuleAfferentCoupling.ql failed the constraint of kind (was treemap).
[2026-09-08 18:55:47] [SPAMMIER] resolve queries> Query Filter: C:\Users\rafar\.codeql\packages\codeql\python-queries\1.8.9\Metrics\ModuleEfferentCoupling.ql failed the constraint of kind (was treemap).
[2026-09-08 18:55:47] [SPAMMIER] resolve queries> Query Filter: C:\Users\rafar\.codeql\packages\codeql\python-queries\1.8.9\Metrics\NumberOfParametersWithoutDefault.ql failed the constraint of kind (was treemap).
[2026-09-08 18:55:47] [SPAMMIER] resolve queries> Query Filter: C:\Users\rafar\.codeql\packages\codeql\python-queries\1.8.9\Metrics\NumberOfStatements.ql failed the constraint of kind (was treemap).
[2026-09-08 18:55:47] [SPAMMIER] resolve queries> Query Filter: C:\Users\rafar\.codeql\packages\codeql\python-queries\1.8.9\Metrics\TransitiveImports.ql failed the constraint of kind (was treemap).
[2026-09-08 18:55:47] [SPAMMIER] resolve queries> Query Filter: C:\Users\rafar\.codeql\packages\codeql\python-queries\1.8.9\Numerics\Pythagorean.ql failed 'tags contain` constraint [accuracy]
[2026-09-08 18:55:47] [SPAMMIER] resolve queries> Query Filter: C:\Users\rafar\.codeql\packages\codeql\python-queries\1.8.9\Resources\FileNotAlwaysClosed.ql failed the constraint of precision (was high).
[2026-09-08 18:55:47] [SPAMMIER] resolve queries> Query Filter: C:\Users\rafar\.codeql\packages\codeql\python-queries\1.8.9\Security\CWE-020-ExternalAPIs\ExternalAPIsUsedWithUntrustedData.ql failed the constraint of kind (was table).
[2026-09-08 18:55:47] [SPAMMIER] resolve queries> Query Filter: C:\Users\rafar\.codeql\packages\codeql\python-queries\1.8.9\Security\CWE-020-ExternalAPIs\UntrustedDataToExternalAPI.ql failed the constraint of precision (was low).
[2026-09-08 18:55:47] [SPAMMY] resolve queries> Query Filter: Including C:\Users\rafar\.codeql\packages\codeql\python-queries\1.8.9\Security\CWE-022\TarSlip.ql.
[2026-09-08 18:55:47] [SPAMMY] resolve queries> Query Filter: Including C:\Users\rafar\.codeql\packages\codeql\python-queries\1.8.9\Security\CWE-078\UnsafeShellCommandConstruction.ql.
[2026-09-08 18:55:47] [SPAMMY] resolve queries> Query Filter: Including C:\Users\rafar\.codeql\packages\codeql\python-queries\1.8.9\Security\CWE-079\Jinja2WithoutEscaping.ql.
[2026-09-08 18:55:47] [SPAMMY] resolve queries> Query Filter: Including C:\Users\rafar\.codeql\packages\codeql\python-queries\1.8.9\Security\CWE-117\LogInjection.ql.
[2026-09-08 18:55:47] [SPAMMY] resolve queries> Query Filter: Including C:\Users\rafar\.codeql\packages\codeql\python-queries\1.8.9\Security\CWE-295\RequestWithoutValidation.ql.
[2026-09-08 18:55:47] [SPAMMY] resolve queries> Query Filter: Including C:\Users\rafar\.codeql\packages\codeql\python-queries\1.8.9\Security\CWE-732\WeakFilePermissions.ql.
[2026-09-08 18:55:47] [SPAMMIER] resolve queries> Query Filter: C:\Users\rafar\.codeql\packages\codeql\python-queries\1.8.9\Security\CWE-798\HardcodedCredentials.ql failed the constraint of precision (was low).
[2026-09-08 18:55:47] [SPAMMY] resolve queries> Query Filter: Including C:\Users\rafar\.codeql\packages\codeql\python-queries\1.8.9\Security\CWE-918\PartialServerSideRequestForgery.ql.
[2026-09-08 18:55:47] [SPAMMIER] resolve queries> Query Filter: C:\Users\rafar\.codeql\packages\codeql\python-queries\1.8.9\Statements\AssertLiteralConstant.ql failed the constraint of problem.severity (was recommendation).
[2026-09-08 18:55:47] [SPAMMIER] resolve queries> Query Filter: C:\Users\rafar\.codeql\packages\codeql\python-queries\1.8.9\Statements\AssertOnTuple.ql failed the constraint of precision (was very-high).
[2026-09-08 18:55:47] [SPAMMIER] resolve queries> Query Filter: C:\Users\rafar\.codeql\packages\codeql\python-queries\1.8.9\Statements\BreakOrReturnInFinally.ql failed 'tags contain` constraint [quality, reliability, error-handling, correctness, external/cwe/cwe-584]
[2026-09-08 18:55:47] [SPAMMIER] resolve queries> Query Filter: C:\Users\rafar\.codeql\packages\codeql\python-queries\1.8.9\Statements\ConstantInConditional.ql failed the constraint of precision (was very-high).
[2026-09-08 18:55:47] [SPAMMIER] resolve queries> Query Filter: C:\Users\rafar\.codeql\packages\codeql\python-queries\1.8.9\Statements\C_StyleParentheses.ql failed the constraint of precision (was very-high).
[2026-09-08 18:55:47] [SPAMMIER] resolve queries> Query Filter: C:\Users\rafar\.codeql\packages\codeql\python-queries\1.8.9\Statements\DocStrings.ql failed the constraint of problem.severity (was recommendation).
[2026-09-08 18:55:47] [SPAMMIER] resolve queries> Query Filter: C:\Users\rafar\.codeql\packages\codeql\python-queries\1.8.9\Statements\ExecUsed.ql failed the constraint of precision (was low).
[2026-09-08 18:55:47] [SPAMMIER] resolve queries> Query Filter: C:\Users\rafar\.codeql\packages\codeql\python-queries\1.8.9\Statements\IterableStringOrSequence.ql failed the constraint of precision (was high).
[2026-09-08 18:55:47] [SPAMMIER] resolve queries> Query Filter: C:\Users\rafar\.codeql\packages\codeql\python-queries\1.8.9\Statements\MismatchInMultipleAssignment.ql failed the constraint of precision (was very-high).
[2026-09-08 18:55:47] [SPAMMIER] resolve queries> Query Filter: C:\Users\rafar\.codeql\packages\codeql\python-queries\1.8.9\Statements\ModificationOfLocals.ql failed the constraint of precision (was very-high).
[2026-09-08 18:55:47] [SPAMMIER] resolve queries> Query Filter: C:\Users\rafar\.codeql\packages\codeql\python-queries\1.8.9\Statements\NestedLoopsSameVariable.ql failed the constraint of precision (was very-high).
[2026-09-08 18:55:47] [SPAMMIER] resolve queries> Query Filter: C:\Users\rafar\.codeql\packages\codeql\python-queries\1.8.9\Statements\NestedLoopsSameVariableWithReuse.ql failed the constraint of precision (was very-high).
[2026-09-08 18:55:47] [SPAMMIER] resolve queries> Query Filter: C:\Users\rafar\.codeql\packages\codeql\python-queries\1.8.9\Statements\NonIteratorInForLoop.ql failed the constraint of precision (was high).
[2026-09-08 18:55:47] [SPAMMIER] resolve queries> Query Filter: C:\Users\rafar\.codeql\packages\codeql\python-queries\1.8.9\Statements\RedundantAssignment.ql failed the constraint of precision (was very-high).
[2026-09-08 18:55:47] [SPAMMIER] resolve queries> Query Filter: C:\Users\rafar\.codeql\packages\codeql\python-queries\1.8.9\Statements\ReturnOrYieldOutsideFunction.ql failed 'tags contain` constraint [quality, reliability, correctness]
[2026-09-08 18:55:47] [SPAMMIER] resolve queries> Query Filter: C:\Users\rafar\.codeql\packages\codeql\python-queries\1.8.9\Statements\ShouldUseWithStatement.ql failed the constraint of precision (was very-high).
[2026-09-08 18:55:47] [SPAMMIER] resolve queries> Query Filter: C:\Users\rafar\.codeql\packages\codeql\python-queries\1.8.9\Statements\SideEffectInAssert.ql failed the constraint of precision (was high).
[2026-09-08 18:55:47] [SPAMMIER] resolve queries> Query Filter: C:\Users\rafar\.codeql\packages\codeql\python-queries\1.8.9\Statements\StatementNoEffect.ql failed the constraint of precision (was high).
[2026-09-08 18:55:47] [SPAMMIER] resolve queries> Query Filter: C:\Users\rafar\.codeql\packages\codeql\python-queries\1.8.9\Statements\StringConcatenationInLoop.ql failed the constraint of precision (was low).
[2026-09-08 18:55:47] [SPAMMIER] resolve queries> Query Filter: C:\Users\rafar\.codeql\packages\codeql\python-queries\1.8.9\Statements\TopLevelPrint.ql failed the constraint of precision (was high).
[2026-09-08 18:55:47] [SPAMMIER] resolve queries> Query Filter: C:\Users\rafar\.codeql\packages\codeql\python-queries\1.8.9\Statements\UnnecessaryDelete.ql failed the constraint of precision (was high).
[2026-09-08 18:55:47] [SPAMMIER] resolve queries> Query Filter: C:\Users\rafar\.codeql\packages\codeql\python-queries\1.8.9\Statements\UnnecessaryElseClause.ql failed the constraint of precision (was very-high).
[2026-09-08 18:55:47] [SPAMMIER] resolve queries> Query Filter: C:\Users\rafar\.codeql\packages\codeql\python-queries\1.8.9\Statements\UnnecessaryPass.ql failed the constraint of precision (was very-high).
[2026-09-08 18:55:47] [SPAMMIER] resolve queries> Query Filter: C:\Users\rafar\.codeql\packages\codeql\python-queries\1.8.9\Statements\UnreachableCode.ql failed the constraint of precision (was very-high).
[2026-09-08 18:55:47] [SPAMMIER] resolve queries> Query Filter: C:\Users\rafar\.codeql\packages\codeql\python-queries\1.8.9\Statements\UnusedExceptionObject.ql failed the constraint of precision (was very-high).
[2026-09-08 18:55:47] [SPAMMIER] resolve queries> Query Filter: C:\Users\rafar\.codeql\packages\codeql\python-queries\1.8.9\Statements\UseOfExit.ql failed the constraint of precision (was very-high).
[2026-09-08 18:55:47] [SPAMMIER] resolve queries> Query Filter: C:\Users\rafar\.codeql\packages\codeql\python-queries\1.8.9\Summary\LinesOfCode.ql failed the constraint of kind (was metric).
[2026-09-08 18:55:47] [SPAMMIER] resolve queries> Query Filter: C:\Users\rafar\.codeql\packages\codeql\python-queries\1.8.9\Summary\LinesOfUserCode.ql failed the constraint of kind (was metric).
[2026-09-08 18:55:47] [SPAMMIER] resolve queries> Query Filter: C:\Users\rafar\.codeql\packages\codeql\python-queries\1.8.9\Testing\ImpreciseAssert.ql failed the constraint of precision (was very-high).
[2026-09-08 18:55:47] [SPAMMIER] resolve queries> Query Filter: C:\Users\rafar\.codeql\packages\codeql\python-queries\1.8.9\utils\modeleditor\FrameworkModeEndpoints.ql failed the constraint of kind (was table).
[2026-09-08 18:55:47] [SPAMMIER] resolve queries> Query Filter: C:\Users\rafar\.codeql\packages\codeql\python-queries\1.8.9\Variables\Global.ql failed the constraint of precision (was very-high).
[2026-09-08 18:55:47] [SPAMMIER] resolve queries> Query Filter: C:\Users\rafar\.codeql\packages\codeql\python-queries\1.8.9\Variables\GlobalAtModuleLevel.ql failed the constraint of precision (was very-high).
[2026-09-08 18:55:47] [SPAMMIER] resolve queries> Query Filter: C:\Users\rafar\.codeql\packages\codeql\python-queries\1.8.9\Variables\LeakingListComprehension.ql failed the constraint of precision (was very-high).
[2026-09-08 18:55:47] [SPAMMIER] resolve queries> Query Filter: C:\Users\rafar\.codeql\packages\codeql\python-queries\1.8.9\Variables\LoopVariableCapture\LoopVariableCapture.ql failed the constraint of precision (was high).
[2026-09-08 18:55:47] [SPAMMIER] resolve queries> Query Filter: C:\Users\rafar\.codeql\packages\codeql\python-queries\1.8.9\Variables\MultiplyDefined.ql failed the constraint of precision (was very-high).
[2026-09-08 18:55:47] [SPAMMIER] resolve queries> Query Filter: C:\Users\rafar\.codeql\packages\codeql\python-queries\1.8.9\Variables\ShadowBuiltin.ql failed the constraint of problem.severity (was recommendation).
[2026-09-08 18:55:47] [SPAMMIER] resolve queries> Query Filter: C:\Users\rafar\.codeql\packages\codeql\python-queries\1.8.9\Variables\ShadowGlobal.ql failed the constraint of problem.severity (was recommendation).
[2026-09-08 18:55:47] [SPAMMIER] resolve queries> Query Filter: C:\Users\rafar\.codeql\packages\codeql\python-queries\1.8.9\Variables\SuspiciousUnusedLoopIterationVariable.ql failed the constraint of precision (was high).
[2026-09-08 18:55:47] [SPAMMIER] resolve queries> Query Filter: C:\Users\rafar\.codeql\packages\codeql\python-queries\1.8.9\Variables\UndefinedExport.ql failed the constraint of precision (was high).
[2026-09-08 18:55:47] [SPAMMIER] resolve queries> Query Filter: C:\Users\rafar\.codeql\packages\codeql\python-queries\1.8.9\Variables\UndefinedGlobal.ql failed the constraint of precision (was low).
[2026-09-08 18:55:47] [SPAMMIER] resolve queries> Query Filter: C:\Users\rafar\.codeql\packages\codeql\python-queries\1.8.9\Variables\UndefinedPlaceHolder.ql failed 'tags contain` constraint [quality, reliability, correctness]
[2026-09-08 18:55:47] [SPAMMIER] resolve queries> Query Filter: C:\Users\rafar\.codeql\packages\codeql\python-queries\1.8.9\Variables\UninitializedLocal.ql failed 'tags contain` constraint [quality, reliability, correctness]
[2026-09-08 18:55:47] [SPAMMIER] resolve queries> Query Filter: C:\Users\rafar\.codeql\packages\codeql\python-queries\1.8.9\Variables\UnusedLocalVariable.ql failed the constraint of precision (was very-high).
[2026-09-08 18:55:47] [SPAMMIER] resolve queries> Query Filter: C:\Users\rafar\.codeql\packages\codeql\python-queries\1.8.9\Variables\UnusedModuleVariable.ql failed the constraint of precision (was high).
[2026-09-08 18:55:47] [SPAMMIER] resolve queries> Query Filter: C:\Users\rafar\.codeql\packages\codeql\python-queries\1.8.9\Variables\UnusedParameter.ql failed the constraint of problem.severity (was recommendation).
[2026-09-08 18:55:47] [SPAMMIER] resolve queries> Resolution instruction: include.
[2026-09-08 18:55:47] [SPAMMY] resolve queries> Query Filter: Including by constraints kind=diagnostic.
[2026-09-08 18:55:47] [SPAMMIER] resolve queries> Query Filter: C:\Users\rafar\.codeql\packages\codeql\python-queries\1.8.9\AlertSuppression.ql failed the constraint of kind (was alert-suppression).
[2026-09-08 18:55:47] [SPAMMIER] resolve queries> Query Filter: C:\Users\rafar\.codeql\packages\codeql\python-queries\1.8.9\analysis\CallGraphEfficiency.ql failed the constraint of kind (not present).
[2026-09-08 18:55:47] [SPAMMIER] resolve queries> Query Filter: C:\Users\rafar\.codeql\packages\codeql\python-queries\1.8.9\analysis\CallGraphMarginalEfficiency.ql failed the constraint of kind (not present).
[2026-09-08 18:55:47] [SPAMMIER] resolve queries> Query Filter: C:\Users\rafar\.codeql\packages\codeql\python-queries\1.8.9\analysis\Consistency.ql failed the constraint of kind (not present).
[2026-09-08 18:55:47] [SPAMMIER] resolve queries> Query Filter: C:\Users\rafar\.codeql\packages\codeql\python-queries\1.8.9\analysis\ContextEfficiency.ql failed the constraint of kind (not present).
[2026-09-08 18:55:47] [SPAMMIER] resolve queries> Query Filter: C:\Users\rafar\.codeql\packages\codeql\python-queries\1.8.9\analysis\ContextMarginalEfficiency.ql failed the constraint of kind (not present).
[2026-09-08 18:55:47] [SPAMMIER] resolve queries> Query Filter: C:\Users\rafar\.codeql\packages\codeql\python-queries\1.8.9\analysis\Definitions.ql failed the constraint of kind (was definitions).
[2026-09-08 18:55:47] [SPAMMIER] resolve queries> Query Filter: C:\Users\rafar\.codeql\packages\codeql\python-queries\1.8.9\analysis\Efficiency.ql failed the constraint of kind (not present).
[2026-09-08 18:55:47] [SPAMMIER] resolve queries> Query Filter: C:\Users\rafar\.codeql\packages\codeql\python-queries\1.8.9\analysis\FailedInference.ql failed the constraint of kind (not present).
[2026-09-08 18:55:47] [SPAMMIER] resolve queries> Query Filter: C:\Users\rafar\.codeql\packages\codeql\python-queries\1.8.9\analysis\ImportFailure.ql failed the constraint of kind (was problem).
[2026-09-08 18:55:47] [SPAMMIER] resolve queries> Query Filter: C:\Users\rafar\.codeql\packages\codeql\python-queries\1.8.9\analysis\KeyPointsToFailure.ql failed the constraint of kind (was problem).
[2026-09-08 18:55:47] [SPAMMIER] resolve queries> Query Filter: C:\Users\rafar\.codeql\packages\codeql\python-queries\1.8.9\analysis\PointsToFailure.ql failed the constraint of kind (was problem).
[2026-09-08 18:55:47] [SPAMMIER] resolve queries> Query Filter: C:\Users\rafar\.codeql\packages\codeql\python-queries\1.8.9\analysis\Pruned.ql failed the constraint of kind (not present).
[2026-09-08 18:55:47] [SPAMMIER] resolve queries> Query Filter: C:\Users\rafar\.codeql\packages\codeql\python-queries\1.8.9\analysis\RatioOfDefinitions.ql failed the constraint of kind (not present).
[2026-09-08 18:55:47] [SPAMMIER] resolve queries> Query Filter: C:\Users\rafar\.codeql\packages\codeql\python-queries\1.8.9\analysis\Summary.ql failed the constraint of kind (not present).
[2026-09-08 18:55:47] [SPAMMIER] resolve queries> Query Filter: C:\Users\rafar\.codeql\packages\codeql\python-queries\1.8.9\analysis\TypeHierarchyFailure.ql failed the constraint of kind (was problem).
[2026-09-08 18:55:47] [SPAMMIER] resolve queries> Query Filter: C:\Users\rafar\.codeql\packages\codeql\python-queries\1.8.9\analysis\TypeInferenceFailure.ql failed the constraint of kind (was problem).
[2026-09-08 18:55:47] [SPAMMIER] resolve queries> Query Filter: C:\Users\rafar\.codeql\packages\codeql\python-queries\1.8.9\Classes\CallsToInitDel\MissingCallToDel.ql failed the constraint of kind (was problem).
[2026-09-08 18:55:47] [SPAMMIER] resolve queries> Query Filter: C:\Users\rafar\.codeql\packages\codeql\python-queries\1.8.9\Classes\CallsToInitDel\MissingCallToInit.ql failed the constraint of kind (was problem).
[2026-09-08 18:55:47] [SPAMMIER] resolve queries> Query Filter: C:\Users\rafar\.codeql\packages\codeql\python-queries\1.8.9\Classes\CallsToInitDel\SuperclassDelCalledMultipleTimes.ql failed the constraint of kind (was problem).
[2026-09-08 18:55:47] [SPAMMIER] resolve queries> Query Filter: C:\Users\rafar\.codeql\packages\codeql\python-queries\1.8.9\Classes\CallsToInitDel\SuperclassInitCalledMultipleTimes.ql failed the constraint of kind (was problem).
[2026-09-08 18:55:47] [SPAMMIER] resolve queries> Query Filter: C:\Users\rafar\.codeql\packages\codeql\python-queries\1.8.9\Classes\Comparisons\EqualsOrHash.ql failed the constraint of kind (was problem).
[2026-09-08 18:55:47] [SPAMMIER] resolve queries> Query Filter: C:\Users\rafar\.codeql\packages\codeql\python-queries\1.8.9\Classes\Comparisons\EqualsOrNotEquals.ql failed the constraint of kind (was problem).
[2026-09-08 18:55:47] [SPAMMIER] resolve queries> Query Filter: C:\Users\rafar\.codeql\packages\codeql\python-queries\1.8.9\Classes\Comparisons\IncompleteOrdering.ql failed the constraint of kind (was problem).
[2026-09-08 18:55:47] [SPAMMIER] resolve queries> Query Filter: C:\Users\rafar\.codeql\packages\codeql\python-queries\1.8.9\Classes\ConflictingAttributesInBaseClasses.ql failed the constraint of kind (was problem).
[2026-09-08 18:55:47] [SPAMMIER] resolve queries> Query Filter: C:\Users\rafar\.codeql\packages\codeql\python-queries\1.8.9\Classes\DefineEqualsWhenAddingAttributes.ql failed the constraint of kind (was problem).
[2026-09-08 18:55:47] [SPAMMIER] resolve queries> Query Filter: C:\Users\rafar\.codeql\packages\codeql\python-queries\1.8.9\Classes\InconsistentMRO.ql failed the constraint of kind (was problem).
[2026-09-08 18:55:47] [SPAMMIER] resolve queries> Query Filter: C:\Users\rafar\.codeql\packages\codeql\python-queries\1.8.9\Classes\InitCallsSubclass\InitCallsSubclassMethod.ql failed the constraint of kind (was problem).
[2026-09-08 18:55:47] [SPAMMIER] resolve queries> Query Filter: C:\Users\rafar\.codeql\packages\codeql\python-queries\1.8.9\Classes\MaybeUndefinedClassAttribute.ql failed the constraint of kind (was problem).
[2026-09-08 18:55:47] [SPAMMIER] resolve queries> Query Filter: C:\Users\rafar\.codeql\packages\codeql\python-queries\1.8.9\Classes\MutatingDescriptor.ql failed the constraint of kind (was problem).
[2026-09-08 18:55:47] [SPAMMIER] resolve queries> Query Filter: C:\Users\rafar\.codeql\packages\codeql\python-queries\1.8.9\Classes\OverwritingAttributeInSuperClass.ql failed the constraint of kind (was problem).
[2026-09-08 18:55:47] [SPAMMIER] resolve queries> Query Filter: C:\Users\rafar\.codeql\packages\codeql\python-queries\1.8.9\Classes\PropertyInOldStyleClass.ql failed the constraint of kind (was problem).
[2026-09-08 18:55:47] [SPAMMIER] resolve queries> Query Filter: C:\Users\rafar\.codeql\packages\codeql\python-queries\1.8.9\Classes\ShouldBeContextManager.ql failed the constraint of kind (was problem).
[2026-09-08 18:55:47] [SPAMMIER] resolve queries> Query Filter: C:\Users\rafar\.codeql\packages\codeql\python-queries\1.8.9\Classes\SlotsInOldStyleClass.ql failed the constraint of kind (was problem).
[2026-09-08 18:55:47] [SPAMMIER] resolve queries> Query Filter: C:\Users\rafar\.codeql\packages\codeql\python-queries\1.8.9\Classes\SubclassShadowing\SubclassShadowing.ql failed the constraint of kind (was problem).
[2026-09-08 18:55:47] [SPAMMIER] resolve queries> Query Filter: C:\Users\rafar\.codeql\packages\codeql\python-queries\1.8.9\Classes\SuperInOldStyleClass.ql failed the constraint of kind (was problem).
[2026-09-08 18:55:47] [SPAMMIER] resolve queries> Query Filter: C:\Users\rafar\.codeql\packages\codeql\python-queries\1.8.9\Classes\UndefinedClassAttribute.ql failed the constraint of kind (was problem).
[2026-09-08 18:55:47] [SPAMMIER] resolve queries> Query Filter: C:\Users\rafar\.codeql\packages\codeql\python-queries\1.8.9\Classes\UselessClass.ql failed the constraint of kind (was problem).
[2026-09-08 18:55:47] [SPAMMIER] resolve queries> Query Filter: C:\Users\rafar\.codeql\packages\codeql\python-queries\1.8.9\Classes\WrongNameForArgumentInClassInstantiation.ql failed the constraint of kind (was problem).
[2026-09-08 18:55:47] [SPAMMIER] resolve queries> Query Filter: C:\Users\rafar\.codeql\packages\codeql\python-queries\1.8.9\Classes\WrongNumberArgumentsInClassInstantiation.ql failed the constraint of kind (was problem).
[2026-09-08 18:55:47] [SPAMMY] resolve queries> Query Filter: Including C:\Users\rafar\.codeql\packages\codeql\python-queries\1.8.9\Diagnostics\ExtractedFiles.ql.
[2026-09-08 18:55:47] [SPAMMY] resolve queries> Query Filter: Including C:\Users\rafar\.codeql\packages\codeql\python-queries\1.8.9\Diagnostics\ExtractionWarnings.ql.
[2026-09-08 18:55:47] [SPAMMIER] resolve queries> Query Filter: C:\Users\rafar\.codeql\packages\codeql\python-queries\1.8.9\Exceptions\CatchingBaseException.ql failed the constraint of kind (was problem).
[2026-09-08 18:55:47] [SPAMMIER] resolve queries> Query Filter: C:\Users\rafar\.codeql\packages\codeql\python-queries\1.8.9\Exceptions\EmptyExcept.ql failed the constraint of kind (was problem).
[2026-09-08 18:55:47] [SPAMMIER] resolve queries> Query Filter: C:\Users\rafar\.codeql\packages\codeql\python-queries\1.8.9\Exceptions\IllegalExceptionHandlerType.ql failed the constraint of kind (was problem).
[2026-09-08 18:55:47] [SPAMMIER] resolve queries> Query Filter: C:\Users\rafar\.codeql\packages\codeql\python-queries\1.8.9\Exceptions\IllegalRaise.ql failed the constraint of kind (was problem).
[2026-09-08 18:55:47] [SPAMMIER] resolve queries> Query Filter: C:\Users\rafar\.codeql\packages\codeql\python-queries\1.8.9\Exceptions\IncorrectExceptOrder.ql failed the constraint of kind (was problem).
[2026-09-08 18:55:47] [SPAMMIER] resolve queries> Query Filter: C:\Users\rafar\.codeql\packages\codeql\python-queries\1.8.9\Exceptions\NotImplementedIsNotAnException.ql failed the constraint of kind (was problem).
[2026-09-08 18:55:47] [SPAMMIER] resolve queries> Query Filter: C:\Users\rafar\.codeql\packages\codeql\python-queries\1.8.9\Exceptions\RaisingTuple.ql failed the constraint of kind (was problem).
[2026-09-08 18:55:47] [SPAMMIER] resolve queries> Query Filter: C:\Users\rafar\.codeql\packages\codeql\python-queries\1.8.9\Exceptions\UnguardedNextInGenerator.ql failed the constraint of kind (was problem).
[2026-09-08 18:55:47] [SPAMMIER] resolve queries> Query Filter: C:\Users\rafar\.codeql\packages\codeql\python-queries\1.8.9\experimental\Classes\NamingConventionsClasses.ql failed the constraint of kind (was problem).
[2026-09-08 18:55:47] [SPAMMIER] resolve queries> Query Filter: C:\Users\rafar\.codeql\packages\codeql\python-queries\1.8.9\experimental\cryptography\example_alerts\UnknownAsymmetricKeyGen.ql failed the constraint of kind (was problem).
[2026-09-08 18:55:47] [SPAMMIER] resolve queries> Query Filter: C:\Users\rafar\.codeql\packages\codeql\python-queries\1.8.9\experimental\cryptography\example_alerts\WeakAsymmetricKeyGen.ql failed the constraint of kind (was problem).
[2026-09-08 18:55:47] [SPAMMIER] resolve queries> Query Filter: C:\Users\rafar\.codeql\packages\codeql\python-queries\1.8.9\experimental\cryptography\example_alerts\WeakAsymmetricPadding.ql failed the constraint of kind (was problem).
[2026-09-08 18:55:47] [SPAMMIER] resolve queries> Query Filter: C:\Users\rafar\.codeql\packages\codeql\python-queries\1.8.9\experimental\cryptography\example_alerts\WeakBlockMode.ql failed the constraint of kind (was problem).
[2026-09-08 18:55:47] [SPAMMIER] resolve queries> Query Filter: C:\Users\rafar\.codeql\packages\codeql\python-queries\1.8.9\experimental\cryptography\example_alerts\WeakBlockModeIVorNonce.ql failed the constraint of kind (was problem).
[2026-09-08 18:55:47] [SPAMMIER] resolve queries> Query Filter: C:\Users\rafar\.codeql\packages\codeql\python-queries\1.8.9\experimental\cryptography\example_alerts\WeakEllipticCurve.ql failed the constraint of kind (was problem).
[2026-09-08 18:55:47] [SPAMMIER] resolve queries> Query Filter: C:\Users\rafar\.codeql\packages\codeql\python-queries\1.8.9\experimental\cryptography\example_alerts\WeakHashes.ql failed the constraint of kind (was problem).
[2026-09-08 18:55:47] [SPAMMIER] resolve queries> Query Filter: C:\Users\rafar\.codeql\packages\codeql\python-queries\1.8.9\experimental\cryptography\example_alerts\WeakKDFAlgorithm.ql failed the constraint of kind (was problem).
[2026-09-08 18:55:47] [SPAMMIER] resolve queries> Query Filter: C:\Users\rafar\.codeql\packages\codeql\python-queries\1.8.9\experimental\cryptography\example_alerts\WeakKDFIteration.ql failed the constraint of kind (was problem).
[2026-09-08 18:55:47] [SPAMMIER] resolve queries> Query Filter: C:\Users\rafar\.codeql\packages\codeql\python-queries\1.8.9\experimental\cryptography\example_alerts\WeakKDFKeyLength.ql failed the constraint of kind (was problem).
[2026-09-08 18:55:47] [SPAMMIER] resolve queries> Query Filter: C:\Users\rafar\.codeql\packages\codeql\python-queries\1.8.9\experimental\cryptography\example_alerts\WeakKDFMode.ql failed the constraint of kind (was problem).
[2026-09-08 18:55:47] [SPAMMIER] resolve queries> Query Filter: C:\Users\rafar\.codeql\packages\codeql\python-queries\1.8.9\experimental\cryptography\example_alerts\WeakKDFSaltGen.ql failed the constraint of kind (was problem).
[2026-09-08 18:55:47] [SPAMMIER] resolve queries> Query Filter: C:\Users\rafar\.codeql\packages\codeql\python-queries\1.8.9\experimental\cryptography\example_alerts\WeakKDFSaltSize.ql failed the constraint of kind (was problem).
[2026-09-08 18:55:47] [SPAMMIER] resolve queries> Query Filter: C:\Users\rafar\.codeql\packages\codeql\python-queries\1.8.9\experimental\cryptography\example_alerts\WeakSymmetricEncryption.ql failed the constraint of kind (was problem).
[2026-09-08 18:55:47] [SPAMMIER] resolve queries> Query Filter: C:\Users\rafar\.codeql\packages\codeql\python-queries\1.8.9\experimental\cryptography\inventory\new_models\AllAsymmetricAlgorithms.ql failed the constraint of kind (was problem).
[2026-09-08 18:55:47] [SPAMMIER] resolve queries> Query Filter: C:\Users\rafar\.codeql\packages\codeql\python-queries\1.8.9\experimental\cryptography\inventory\new_models\AllCryptoAlgorithms.ql failed the constraint of kind (was problem).
[2026-09-08 18:55:47] [SPAMMIER] resolve queries> Query Filter: C:\Users\rafar\.codeql\packages\codeql\python-queries\1.8.9\experimental\cryptography\inventory\new_models\AsymmetricEncryptionAlgorithms.ql failed the constraint of kind (was problem).
[2026-09-08 18:55:47] [SPAMMIER] resolve queries> Query Filter: C:\Users\rafar\.codeql\packages\codeql\python-queries\1.8.9\experimental\cryptography\inventory\new_models\AsymmetricKeyGenOperation.ql failed the constraint of kind (was problem).
[2026-09-08 18:55:47] [SPAMMIER] resolve queries> Query Filter: C:\Users\rafar\.codeql\packages\codeql\python-queries\1.8.9\experimental\cryptography\inventory\new_models\AsymmetricPaddingAlgorithms.ql failed the constraint of kind (was problem).
[2026-09-08 18:55:47] [SPAMMIER] resolve queries> Query Filter: C:\Users\rafar\.codeql\packages\codeql\python-queries\1.8.9\experimental\cryptography\inventory\new_models\AuthenticatedEncryptionAlgorithms.ql failed the constraint of kind (was problem).
[2026-09-08 18:55:47] [SPAMMIER] resolve queries> Query Filter: C:\Users\rafar\.codeql\packages\codeql\python-queries\1.8.9\experimental\cryptography\inventory\new_models\BlockModeAlgorithms.ql failed the constraint of kind (was problem).
[2026-09-08 18:55:47] [SPAMMIER] resolve queries> Query Filter: C:\Users\rafar\.codeql\packages\codeql\python-queries\1.8.9\experimental\cryptography\inventory\new_models\BlockModeKnownIVsOrNonces.ql failed the constraint of kind (was problem).
[2026-09-08 18:55:47] [SPAMMIER] resolve queries> Query Filter: C:\Users\rafar\.codeql\packages\codeql\python-queries\1.8.9\experimental\cryptography\inventory\new_models\BlockModeUnknownIVsOrNonces.ql failed the constraint of kind (was problem).
[2026-09-08 18:55:47] [SPAMMIER] resolve queries> Query Filter: C:\Users\rafar\.codeql\packages\codeql\python-queries\1.8.9\experimental\cryptography\inventory\new_models\EllipticCurveAlgorithms.ql failed the constraint of kind (was problem).
[2026-09-08 18:55:47] [SPAMMIER] resolve queries> Query Filter: C:\Users\rafar\.codeql\packages\codeql\python-queries\1.8.9\experimental\cryptography\inventory\new_models\HashingAlgorithms.ql failed the constraint of kind (was problem).
[2026-09-08 18:55:47] [SPAMMIER] resolve queries> Query Filter: C:\Users\rafar\.codeql\packages\codeql\python-queries\1.8.9\experimental\cryptography\inventory\new_models\KeyDerivationAlgorithms.ql failed the constraint of kind (was problem).
[2026-09-08 18:55:47] [SPAMMIER] resolve queries> Query Filter: C:\Users\rafar\.codeql\packages\codeql\python-queries\1.8.9\experimental\cryptography\inventory\new_models\KeyExchangeAlgorithms.ql failed the constraint of kind (was problem).
[2026-09-08 18:55:47] [SPAMMIER] resolve queries> Query Filter: C:\Users\rafar\.codeql\packages\codeql\python-queries\1.8.9\experimental\cryptography\inventory\new_models\SigningAlgorithms.ql failed the constraint of kind (was problem).
[2026-09-08 18:55:47] [SPAMMIER] resolve queries> Query Filter: C:\Users\rafar\.codeql\packages\codeql\python-queries\1.8.9\experimental\cryptography\inventory\new_models\SymmetricEncryptionAlgorithms.ql failed the constraint of kind (was problem).
[2026-09-08 18:55:47] [SPAMMIER] resolve queries> Query Filter: C:\Users\rafar\.codeql\packages\codeql\python-queries\1.8.9\experimental\cryptography\inventory\new_models\SymmetricPaddingAlgorithms.ql failed the constraint of kind (was problem).
[2026-09-08 18:55:47] [SPAMMIER] resolve queries> Query Filter: C:\Users\rafar\.codeql\packages\codeql\python-queries\1.8.9\experimental\cryptography\inventory\old_models\AllCryptoAlgorithms.ql failed the constraint of kind (was problem).
[2026-09-08 18:55:47] [SPAMMIER] resolve queries> Query Filter: C:\Users\rafar\.codeql\packages\codeql\python-queries\1.8.9\experimental\cryptography\inventory\old_models\BlockModeAlgorithms.ql failed the constraint of kind (was problem).
[2026-09-08 18:55:47] [SPAMMIER] resolve queries> Query Filter: C:\Users\rafar\.codeql\packages\codeql\python-queries\1.8.9\experimental\cryptography\inventory\old_models\HashingAlgorithms.ql failed the constraint of kind (was problem).
[2026-09-08 18:55:47] [SPAMMIER] resolve queries> Query Filter: C:\Users\rafar\.codeql\packages\codeql\python-queries\1.8.9\experimental\Functions\NamingConventionsFunctions.ql failed the constraint of kind (was problem).
[2026-09-08 18:55:47] [SPAMMIER] resolve queries> Query Filter: C:\Users\rafar\.codeql\packages\codeql\python-queries\1.8.9\experimental\Security\CWE-079\EmailXss.ql failed the constraint of kind (was path-problem).
[2026-09-08 18:55:47] [SPAMMIER] resolve queries> Query Filter: C:\Users\rafar\.codeql\packages\codeql\python-queries\1.8.9\experimental\Security\CWE-1236\CsvInjection.ql failed the constraint of kind (was path-problem).
[2026-09-08 18:55:47] [SPAMMIER] resolve queries> Query Filter: C:\Users\rafar\.codeql\packages\codeql\python-queries\1.8.9\experimental\Security\CWE-208\TimingAttackAgainstHash\PossibleTimingAttackAgainstHash.ql failed the constraint of kind (was path-problem).
[2026-09-08 18:55:47] [SPAMMIER] resolve queries> Query Filter: C:\Users\rafar\.codeql\packages\codeql\python-queries\1.8.9\experimental\Security\CWE-208\TimingAttackAgainstHash\TimingAttackAgainstHash.ql failed the constraint of kind (was path-problem).
[2026-09-08 18:55:47] [SPAMMIER] resolve queries> Query Filter: C:\Users\rafar\.codeql\packages\codeql\python-queries\1.8.9\experimental\Security\CWE-208\TimingAttackAgainstSensitiveInfo\PossibleTimingAttackAgainstSensitiveInfo.ql failed the constraint of kind (was path-problem).
[2026-09-08 18:55:47] [SPAMMIER] resolve queries> Query Filter: C:\Users\rafar\.codeql\packages\codeql\python-queries\1.8.9\experimental\Security\CWE-208\TimingAttackAgainstSensitiveInfo\TimingAttackAgainstSensitiveInfo.ql failed the constraint of kind (was path-problem).
[2026-09-08 18:55:47] [SPAMMIER] resolve queries> Query Filter: C:\Users\rafar\.codeql\packages\codeql\python-queries\1.8.9\experimental\Security\CWE-287\ImproperLdapAuth.ql failed the constraint of kind (was problem).
[2026-09-08 18:55:47] [SPAMMIER] resolve queries> Query Filter: C:\Users\rafar\.codeql\packages\codeql\python-queries\1.8.9\experimental\Security\CWE-346\CorsBypass.ql failed the constraint of kind (was path-problem).
[2026-09-08 18:55:47] [SPAMMIER] resolve queries> Query Filter: C:\Users\rafar\.codeql\packages\codeql\python-queries\1.8.9\experimental\Security\CWE-347\JWTEmptyKeyOrAlgorithm.ql failed the constraint of kind (was problem).
[2026-09-08 18:55:47] [SPAMMIER] resolve queries> Query Filter: C:\Users\rafar\.codeql\packages\codeql\python-queries\1.8.9\experimental\Security\CWE-347\JWTMissingSecretOrPublicKeyVerification.ql failed the constraint of kind (was problem).
[2026-09-08 18:55:47] [SPAMMIER] resolve queries> Query Filter: C:\Users\rafar\.codeql\packages\codeql\python-queries\1.8.9\experimental\Security\CWE-522\LdapInsecureAuth.ql failed the constraint of kind (was path-problem).
[2026-09-08 18:55:47] [SPAMMIER] resolve queries> Query Filter: C:\Users\rafar\.codeql\packages\codeql\python-queries\1.8.9\Expressions\CallToSuperWrongClass.ql failed the constraint of kind (was problem).
[2026-09-08 18:55:47] [SPAMMIER] resolve queries> Query Filter: C:\Users\rafar\.codeql\packages\codeql\python-queries\1.8.9\Expressions\CompareConstants.ql failed the constraint of kind (was problem).
[2026-09-08 18:55:47] [SPAMMIER] resolve queries> Query Filter: C:\Users\rafar\.codeql\packages\codeql\python-queries\1.8.9\Expressions\CompareIdenticalValues.ql failed the constraint of kind (was problem).
[2026-09-08 18:55:47] [SPAMMIER] resolve queries> Query Filter: C:\Users\rafar\.codeql\packages\codeql\python-queries\1.8.9\Expressions\CompareIdenticalValuesMissingSelf.ql failed the constraint of kind (was problem).
[2026-09-08 18:55:47] [SPAMMIER] resolve queries> Query Filter: C:\Users\rafar\.codeql\packages\codeql\python-queries\1.8.9\Expressions\Comparisons\UselessComparisonTest.ql failed the constraint of kind (was problem).
[2026-09-08 18:55:47] [SPAMMIER] resolve queries> Query Filter: C:\Users\rafar\.codeql\packages\codeql\python-queries\1.8.9\Expressions\ContainsNonContainer.ql failed the constraint of kind (was problem).
[2026-09-08 18:55:47] [SPAMMIER] resolve queries> Query Filter: C:\Users\rafar\.codeql\packages\codeql\python-queries\1.8.9\Expressions\DuplicateKeyInDictionaryLiteral.ql failed the constraint of kind (was problem).
[2026-09-08 18:55:47] [SPAMMIER] resolve queries> Query Filter: C:\Users\rafar\.codeql\packages\codeql\python-queries\1.8.9\Expressions\EqualsNone.ql failed the constraint of kind (was problem).
[2026-09-08 18:55:47] [SPAMMIER] resolve queries> Query Filter: C:\Users\rafar\.codeql\packages\codeql\python-queries\1.8.9\Expressions\ExpectedMappingForFormatString.ql failed the constraint of kind (was problem).
[2026-09-08 18:55:47] [SPAMMIER] resolve queries> Query Filter: C:\Users\rafar\.codeql\packages\codeql\python-queries\1.8.9\Expressions\ExplicitCallToDel.ql failed the constraint of kind (was problem).
[2026-09-08 18:55:47] [SPAMMIER] resolve queries> Query Filter: C:\Users\rafar\.codeql\packages\codeql\python-queries\1.8.9\Expressions\Formatting\MixedExplicitImplicitIn3101Format.ql failed the constraint of kind (was problem).
[2026-09-08 18:55:47] [SPAMMIER] resolve queries> Query Filter: C:\Users\rafar\.codeql\packages\codeql\python-queries\1.8.9\Expressions\Formatting\UnusedArgumentIn3101Format.ql failed the constraint of kind (was problem).
[2026-09-08 18:55:47] [SPAMMIER] resolve queries> Query Filter: C:\Users\rafar\.codeql\packages\codeql\python-queries\1.8.9\Expressions\Formatting\UnusedNamedArgumentIn3101Format.ql failed the constraint of kind (was problem).
[2026-09-08 18:55:47] [SPAMMIER] resolve queries> Query Filter: C:\Users\rafar\.codeql\packages\codeql\python-queries\1.8.9\Expressions\Formatting\WrongNameInArgumentsFor3101Format.ql failed the constraint of kind (was problem).
[2026-09-08 18:55:47] [SPAMMIER] resolve queries> Query Filter: C:\Users\rafar\.codeql\packages\codeql\python-queries\1.8.9\Expressions\Formatting\WrongNumberArgumentsFor3101Format.ql failed the constraint of kind (was problem).
[2026-09-08 18:55:47] [SPAMMIER] resolve queries> Query Filter: C:\Users\rafar\.codeql\packages\codeql\python-queries\1.8.9\Expressions\HashedButNoHash.ql failed the constraint of kind (was problem).
[2026-09-08 18:55:47] [SPAMMIER] resolve queries> Query Filter: C:\Users\rafar\.codeql\packages\codeql\python-queries\1.8.9\Expressions\IncorrectComparisonUsingIs.ql failed the constraint of kind (was problem).
[2026-09-08 18:55:47] [SPAMMIER] resolve queries> Query Filter: C:\Users\rafar\.codeql\packages\codeql\python-queries\1.8.9\Expressions\NonCallableCalled.ql failed the constraint of kind (was problem).
[2026-09-08 18:55:47] [SPAMMIER] resolve queries> Query Filter: C:\Users\rafar\.codeql\packages\codeql\python-queries\1.8.9\Expressions\NonPortableComparisonUsingIs.ql failed the constraint of kind (was problem).
[2026-09-08 18:55:47] [SPAMMIER] resolve queries> Query Filter: C:\Users\rafar\.codeql\packages\codeql\python-queries\1.8.9\Expressions\Regex\BackspaceEscape.ql failed the constraint of kind (was problem).
[2026-09-08 18:55:47] [SPAMMIER] resolve queries> Query Filter: C:\Users\rafar\.codeql\packages\codeql\python-queries\1.8.9\Expressions\Regex\DuplicateCharacterInSet.ql failed the constraint of kind (was problem).
[2026-09-08 18:55:47] [SPAMMIER] resolve queries> Query Filter: C:\Users\rafar\.codeql\packages\codeql\python-queries\1.8.9\Expressions\Regex\MissingPartSpecialGroup.ql failed the constraint of kind (was problem).
[2026-09-08 18:55:47] [SPAMMIER] resolve queries> Query Filter: C:\Users\rafar\.codeql\packages\codeql\python-queries\1.8.9\Expressions\Regex\UnmatchableCaret.ql failed the constraint of kind (was problem).
[2026-09-08 18:55:47] [SPAMMIER] resolve queries> Query Filter: C:\Users\rafar\.codeql\packages\codeql\python-queries\1.8.9\Expressions\Regex\UnmatchableDollar.ql failed the constraint of kind (was problem).
[2026-09-08 18:55:47] [SPAMMIER] resolve queries> Query Filter: C:\Users\rafar\.codeql\packages\codeql\python-queries\1.8.9\Expressions\TruncatedDivision.ql failed the constraint of kind (was problem).
[2026-09-08 18:55:47] [SPAMMIER] resolve queries> Query Filter: C:\Users\rafar\.codeql\packages\codeql\python-queries\1.8.9\Expressions\UnintentionalImplicitStringConcatenation.ql failed the constraint of kind (was problem).
[2026-09-08 18:55:47] [SPAMMIER] resolve queries> Query Filter: C:\Users\rafar\.codeql\packages\codeql\python-queries\1.8.9\Expressions\UnnecessaryLambda.ql failed the constraint of kind (was problem).
[2026-09-08 18:55:47] [SPAMMIER] resolve queries> Query Filter: C:\Users\rafar\.codeql\packages\codeql\python-queries\1.8.9\Expressions\UnsupportedFormatCharacter.ql failed the constraint of kind (was problem).
[2026-09-08 18:55:47] [SPAMMIER] resolve queries> Query Filter: C:\Users\rafar\.codeql\packages\codeql\python-queries\1.8.9\Expressions\UseofApply.ql failed the constraint of kind (was problem).
[2026-09-08 18:55:47] [SPAMMIER] resolve queries> Query Filter: C:\Users\rafar\.codeql\packages\codeql\python-queries\1.8.9\Expressions\WrongNameForArgumentInCall.ql failed the constraint of kind (was problem).
[2026-09-08 18:55:47] [SPAMMIER] resolve queries> Query Filter: C:\Users\rafar\.codeql\packages\codeql\python-queries\1.8.9\Expressions\WrongNumberArgumentsForFormat.ql failed the constraint of kind (was problem).
[2026-09-08 18:55:47] [SPAMMIER] resolve queries> Query Filter: C:\Users\rafar\.codeql\packages\codeql\python-queries\1.8.9\Expressions\WrongNumberArgumentsInCall.ql failed the constraint of kind (was problem).
[2026-09-08 18:55:47] [SPAMMIER] resolve queries> Query Filter: C:\Users\rafar\.codeql\packages\codeql\python-queries\1.8.9\external\DuplicateBlock.ql failed the constraint of kind (was problem).
[2026-09-08 18:55:47] [SPAMMIER] resolve queries> Query Filter: C:\Users\rafar\.codeql\packages\codeql\python-queries\1.8.9\external\DuplicateFunction.ql failed the constraint of kind (was problem).
[2026-09-08 18:55:47] [SPAMMIER] resolve queries> Query Filter: C:\Users\rafar\.codeql\packages\codeql\python-queries\1.8.9\external\MostlyDuplicateClass.ql failed the constraint of kind (was problem).
[2026-09-08 18:55:47] [SPAMMIER] resolve queries> Query Filter: C:\Users\rafar\.codeql\packages\codeql\python-queries\1.8.9\external\MostlyDuplicateFile.ql failed the constraint of kind (was problem).
[2026-09-08 18:55:47] [SPAMMIER] resolve queries> Query Filter: C:\Users\rafar\.codeql\packages\codeql\python-queries\1.8.9\external\MostlySimilarFile.ql failed the constraint of kind (was problem).
[2026-09-08 18:55:47] [SPAMMIER] resolve queries> Query Filter: C:\Users\rafar\.codeql\packages\codeql\python-queries\1.8.9\external\SimilarFunction.ql failed the constraint of kind (was problem).
[2026-09-08 18:55:47] [SPAMMIER] resolve queries> Query Filter: C:\Users\rafar\.codeql\packages\codeql\python-queries\1.8.9\Filters\ClassifyFiles.ql failed the constraint of kind (was file-classifier).
[2026-09-08 18:55:47] [SPAMMIER] resolve queries> Query Filter: C:\Users\rafar\.codeql\packages\codeql\python-queries\1.8.9\Functions\ConsistentReturns.ql failed the constraint of kind (was problem).
[2026-09-08 18:55:47] [SPAMMIER] resolve queries> Query Filter: C:\Users\rafar\.codeql\packages\codeql\python-queries\1.8.9\Functions\DeprecatedSliceMethod.ql failed the constraint of kind (was problem).
[2026-09-08 18:55:47] [SPAMMIER] resolve queries> Query Filter: C:\Users\rafar\.codeql\packages\codeql\python-queries\1.8.9\Functions\ExplicitReturnInInit.ql failed the constraint of kind (was problem).
[2026-09-08 18:55:47] [SPAMMIER] resolve queries> Query Filter: C:\Users\rafar\.codeql\packages\codeql\python-queries\1.8.9\Functions\IncorrectlyOverriddenMethod.ql failed the constraint of kind (was problem).
[2026-09-08 18:55:47] [SPAMMIER] resolve queries> Query Filter: C:\Users\rafar\.codeql\packages\codeql\python-queries\1.8.9\Functions\IncorrectlySpecifiedOverriddenMethod.ql failed the constraint of kind (was problem).
[2026-09-08 18:55:47] [SPAMMIER] resolve queries> Query Filter: C:\Users\rafar\.codeql\packages\codeql\python-queries\1.8.9\Functions\IncorrectRaiseInSpecialMethod.ql failed the constraint of kind (was problem).
[2026-09-08 18:55:47] [SPAMMIER] resolve queries> Query Filter: C:\Users\rafar\.codeql\packages\codeql\python-queries\1.8.9\Functions\InitIsGenerator.ql failed the constraint of kind (was problem).
[2026-09-08 18:55:47] [SPAMMIER] resolve queries> Query Filter: C:\Users\rafar\.codeql\packages\codeql\python-queries\1.8.9\Functions\IterReturnsNonIterator.ql failed the constraint of kind (was problem).
[2026-09-08 18:55:47] [SPAMMIER] resolve queries> Query Filter: C:\Users\rafar\.codeql\packages\codeql\python-queries\1.8.9\Functions\IterReturnsNonSelf.ql failed the constraint of kind (was problem).
[2026-09-08 18:55:47] [SPAMMIER] resolve queries> Query Filter: C:\Users\rafar\.codeql\packages\codeql\python-queries\1.8.9\Functions\ModificationOfParameterWithDefault.ql failed the constraint of kind (was path-problem).
[2026-09-08 18:55:47] [SPAMMIER] resolve queries> Query Filter: C:\Users\rafar\.codeql\packages\codeql\python-queries\1.8.9\Functions\NonCls.ql failed the constraint of kind (was problem).
[2026-09-08 18:55:47] [SPAMMIER] resolve queries> Query Filter: C:\Users\rafar\.codeql\packages\codeql\python-queries\1.8.9\Functions\NonSelf.ql failed the constraint of kind (was problem).
[2026-09-08 18:55:47] [SPAMMIER] resolve queries> Query Filter: C:\Users\rafar\.codeql\packages\codeql\python-queries\1.8.9\experimental\cryptography\example_alerts\WeakKDFSaltGen.ql failed the constraint of kind (was problem).
[2026-09-08 18:55:47] [SPAMMIER] resolve queries> Query Filter: C:\Users\rafar\.codeql\packages\codeql\python-queries\1.8.9\experimental\cryptography\example_alerts\WeakKDFSaltSize.ql failed the constraint of kind (was problem).
[2026-09-08 18:55:47] [SPAMMIER] resolve queries> Query Filter: C:\Users\rafar\.codeql\packages\codeql\python-queries\1.8.9\experimental\cryptography\example_alerts\WeakSymmetricEncryption.ql failed the constraint of kind (was problem).
[2026-09-08 18:55:47] [SPAMMIER] resolve queries> Query Filter: C:\Users\rafar\.codeql\packages\codeql\python-queries\1.8.9\experimental\cryptography\inventory\new_models\AllAsymmetricAlgorithms.ql failed the constraint of kind (was problem).
[2026-09-08 18:55:47] [SPAMMIER] resolve queries> Query Filter: C:\Users\rafar\.codeql\packages\codeql\python-queries\1.8.9\experimental\cryptography\inventory\new_models\AllCryptoAlgorithms.ql failed the constraint of kind (was problem).
[2026-09-08 18:55:47] [SPAMMIER] resolve queries> Query Filter: C:\Users\rafar\.codeql\packages\codeql\python-queries\1.8.9\experimental\cryptography\inventory\new_models\AsymmetricEncryptionAlgorithms.ql failed the constraint of kind (was problem).
[2026-09-08 18:55:47] [SPAMMIER] resolve queries> Query Filter: C:\Users\rafar\.codeql\packages\codeql\python-queries\1.8.9\experimental\cryptography\inventory\new_models\AsymmetricKeyGenOperation.ql failed the constraint of kind (was problem).
[2026-09-08 18:55:47] [SPAMMIER] resolve queries> Query Filter: C:\Users\rafar\.codeql\packages\codeql\python-queries\1.8.9\experimental\cryptography\inventory\new_models\AsymmetricPaddingAlgorithms.ql failed the constraint of kind (was problem).
[2026-09-08 18:55:47] [SPAMMIER] resolve queries> Query Filter: C:\Users\rafar\.codeql\packages\codeql\python-queries\1.8.9\experimental\cryptography\inventory\new_models\AuthenticatedEncryptionAlgorithms.ql failed the constraint of kind (was problem).
[2026-09-08 18:55:47] [SPAMMIER] resolve queries> Query Filter: C:\Users\rafar\.codeql\packages\codeql\python-queries\1.8.9\experimental\cryptography\inventory\new_models\BlockModeAlgorithms.ql failed the constraint of kind (was problem).
[2026-09-08 18:55:47] [SPAMMIER] resolve queries> Query Filter: C:\Users\rafar\.codeql\packages\codeql\python-queries\1.8.9\experimental\cryptography\inventory\new_models\BlockModeKnownIVsOrNonces.ql failed the constraint of kind (was problem).
[2026-09-08 18:55:47] [SPAMMIER] resolve queries> Query Filter: C:\Users\rafar\.codeql\packages\codeql\python-queries\1.8.9\experimental\cryptography\inventory\new_models\BlockModeUnknownIVsOrNonces.ql failed the constraint of kind (was problem).
[2026-09-08 18:55:47] [SPAMMIER] resolve queries> Query Filter: C:\Users\rafar\.codeql\packages\codeql\python-queries\1.8.9\experimental\cryptography\inventory\new_models\EllipticCurveAlgorithms.ql failed the constraint of kind (was problem).
[2026-09-08 18:55:47] [SPAMMIER] resolve queries> Query Filter: C:\Users\rafar\.codeql\packages\codeql\python-queries\1.8.9\experimental\cryptography\inventory\new_models\HashingAlgorithms.ql failed the constraint of kind (was problem).
[2026-09-08 18:55:47] [SPAMMIER] resolve queries> Query Filter: C:\Users\rafar\.codeql\packages\codeql\python-queries\1.8.9\experimental\cryptography\inventory\new_models\KeyDerivationAlgorithms.ql failed the constraint of kind (was problem).
[2026-09-08 18:55:47] [SPAMMIER] resolve queries> Query Filter: C:\Users\rafar\.codeql\packages\codeql\python-queries\1.8.9\experimental\cryptography\inventory\new_models\KeyExchangeAlgorithms.ql failed the constraint of kind (was problem).
[2026-09-08 18:55:47] [SPAMMIER] resolve queries> Query Filter: C:\Users\rafar\.codeql\packages\codeql\python-queries\1.8.9\experimental\cryptography\inventory\new_models\SigningAlgorithms.ql failed the constraint of kind (was problem).
[2026-09-08 18:55:47] [SPAMMIER] resolve queries> Query Filter: C:\Users\rafar\.codeql\packages\codeql\python-queries\1.8.9\experimental\cryptography\inventory\new_models\SymmetricEncryptionAlgorithms.ql failed the constraint of kind (was problem).
[2026-09-08 18:55:47] [SPAMMIER] resolve queries> Query Filter: C:\Users\rafar\.codeql\packages\codeql\python-queries\1.8.9\experimental\cryptography\inventory\new_models\SymmetricPaddingAlgorithms.ql failed the constraint of kind (was problem).
[2026-09-08 18:55:47] [SPAMMIER] resolve queries> Query Filter: C:\Users\rafar\.codeql\packages\codeql\python-queries\1.8.9\experimental\cryptography\inventory\old_models\AllCryptoAlgorithms.ql failed the constraint of kind (was problem).
[2026-09-08 18:55:47] [SPAMMIER] resolve queries> Query Filter: C:\Users\rafar\.codeql\packages\codeql\python-queries\1.8.9\experimental\cryptography\inventory\old_models\BlockModeAlgorithms.ql failed the constraint of kind (was problem).
[2026-09-08 18:55:47] [SPAMMIER] resolve queries> Query Filter: C:\Users\rafar\.codeql\packages\codeql\python-queries\1.8.9\experimental\cryptography\inventory\old_models\HashingAlgorithms.ql failed the constraint of kind (was problem).
[2026-09-08 18:55:47] [SPAMMIER] resolve queries> Query Filter: C:\Users\rafar\.codeql\packages\codeql\python-queries\1.8.9\experimental\Functions\NamingConventionsFunctions.ql failed the constraint of kind (was problem).
[2026-09-08 18:55:47] [SPAMMIER] resolve queries> Query Filter: C:\Users\rafar\.codeql\packages\codeql\python-queries\1.8.9\experimental\Security\CWE-079\EmailXss.ql failed the constraint of kind (was path-problem).
[2026-09-08 18:55:47] [SPAMMIER] resolve queries> Query Filter: C:\Users\rafar\.codeql\packages\codeql\python-queries\1.8.9\experimental\Security\CWE-1236\CsvInjection.ql failed the constraint of kind (was path-problem).
[2026-09-08 18:55:47] [SPAMMIER] resolve queries> Query Filter: C:\Users\rafar\.codeql\packages\codeql\python-queries\1.8.9\experimental\Security\CWE-208\TimingAttackAgainstHash\PossibleTimingAttackAgainstHash.ql failed the constraint of kind (was path-problem).
[2026-09-08 18:55:47] [SPAMMIER] resolve queries> Query Filter: C:\Users\rafar\.codeql\packages\codeql\python-queries\1.8.9\experimental\Security\CWE-208\TimingAttackAgainstHash\TimingAttackAgainstHash.ql failed the constraint of kind (was path-problem).
[2026-09-08 18:55:47] [SPAMMIER] resolve queries> Query Filter: C:\Users\rafar\.codeql\packages\codeql\python-queries\1.8.9\experimental\Security\CWE-208\TimingAttackAgainstSensitiveInfo\PossibleTimingAttackAgainstSensitiveInfo.ql failed the constraint of kind (was path-problem).
[2026-09-08 18:55:47] [SPAMMIER] resolve queries> Query Filter: C:\Users\rafar\.codeql\packages\codeql\python-queries\1.8.9\experimental\Security\CWE-208\TimingAttackAgainstSensitiveInfo\TimingAttackAgainstSensitiveInfo.ql failed the constraint of kind (was path-problem).
[2026-09-08 18:55:47] [SPAMMIER] resolve queries> Query Filter: C:\Users\rafar\.codeql\packages\codeql\python-queries\1.8.9\experimental\Security\CWE-287\ImproperLdapAuth.ql failed the constraint of kind (was problem).
[2026-09-08 18:55:47] [SPAMMIER] resolve queries> Query Filter: C:\Users\rafar\.codeql\packages\codeql\python-queries\1.8.9\experimental\Security\CWE-346\CorsBypass.ql failed the constraint of kind (was path-problem).
[2026-09-08 18:55:47] [SPAMMIER] resolve queries> Query Filter: C:\Users\rafar\.codeql\packages\codeql\python-queries\1.8.9\experimental\Security\CWE-347\JWTEmptyKeyOrAlgorithm.ql failed the constraint of kind (was problem).
[2026-09-08 18:55:47] [SPAMMIER] resolve queries> Query Filter: C:\Users\rafar\.codeql\packages\codeql\python-queries\1.8.9\experimental\Security\CWE-347\JWTMissingSecretOrPublicKeyVerification.ql failed the constraint of kind (was problem).
[2026-09-08 18:55:47] [SPAMMIER] resolve queries> Query Filter: C:\Users\rafar\.codeql\packages\codeql\python-queries\1.8.9\experimental\Security\CWE-522\LdapInsecureAuth.ql failed the constraint of kind (was path-problem).
[2026-09-08 18:55:47] [SPAMMIER] resolve queries> Query Filter: C:\Users\rafar\.codeql\packages\codeql\python-queries\1.8.9\Expressions\CallToSuperWrongClass.ql failed the constraint of kind (was problem).
[2026-09-08 18:55:47] [SPAMMIER] resolve queries> Query Filter: C:\Users\rafar\.codeql\packages\codeql\python-queries\1.8.9\Expressions\CompareConstants.ql failed the constraint of kind (was problem).
[2026-09-08 18:55:47] [SPAMMIER] resolve queries> Query Filter: C:\Users\rafar\.codeql\packages\codeql\python-queries\1.8.9\Expressions\CompareIdenticalValues.ql failed the constraint of kind (was problem).
[2026-09-08 18:55:47] [SPAMMIER] resolve queries> Query Filter: C:\Users\rafar\.codeql\packages\codeql\python-queries\1.8.9\Expressions\CompareIdenticalValuesMissingSelf.ql failed the constraint of kind (was problem).
[2026-09-08 18:55:47] [SPAMMIER] resolve queries> Query Filter: C:\Users\rafar\.codeql\packages\codeql\python-queries\1.8.9\Expressions\Comparisons\UselessComparisonTest.ql failed the constraint of kind (was problem).
[2026-09-08 18:55:47] [SPAMMIER] resolve queries> Query Filter: C:\Users\rafar\.codeql\packages\codeql\python-queries\1.8.9\Expressions\ContainsNonContainer.ql failed the constraint of kind (was problem).
[2026-09-08 18:55:47] [SPAMMIER] resolve queries> Query Filter: C:\Users\rafar\.codeql\packages\codeql\python-queries\1.8.9\Expressions\DuplicateKeyInDictionaryLiteral.ql failed the constraint of kind (was problem).
[2026-09-08 18:55:47] [SPAMMIER] resolve queries> Query Filter: C:\Users\rafar\.codeql\packages\codeql\python-queries\1.8.9\Expressions\EqualsNone.ql failed the constraint of kind (was problem).
[2026-09-08 18:55:47] [SPAMMIER] resolve queries> Query Filter: C:\Users\rafar\.codeql\packages\codeql\python-queries\1.8.9\Expressions\ExpectedMappingForFormatString.ql failed the constraint of kind (was problem).
[2026-09-08 18:55:47] [SPAMMIER] resolve queries> Query Filter: C:\Users\rafar\.codeql\packages\codeql\python-queries\1.8.9\Expressions\ExplicitCallToDel.ql failed the constraint of kind (was problem).
[2026-09-08 18:55:47] [SPAMMIER] resolve queries> Query Filter: C:\Users\rafar\.codeql\packages\codeql\python-queries\1.8.9\Expressions\Formatting\MixedExplicitImplicitIn3101Format.ql failed the constraint of kind (was problem).
[2026-09-08 18:55:47] [SPAMMIER] resolve queries> Query Filter: C:\Users\rafar\.codeql\packages\codeql\python-queries\1.8.9\Expressions\Formatting\UnusedArgumentIn3101Format.ql failed the constraint of kind (was problem).
[2026-09-08 18:55:47] [SPAMMIER] resolve queries> Query Filter: C:\Users\rafar\.codeql\packages\codeql\python-queries\1.8.9\Expressions\Formatting\UnusedNamedArgumentIn3101Format.ql failed the constraint of kind (was problem).
[2026-09-08 18:55:47] [SPAMMIER] resolve queries> Query Filter: C:\Users\rafar\.codeql\packages\codeql\python-queries\1.8.9\Expressions\Formatting\WrongNameInArgumentsFor3101Format.ql failed the constraint of kind (was problem).
[2026-09-08 18:55:47] [SPAMMIER] resolve queries> Query Filter: C:\Users\rafar\.codeql\packages\codeql\python-queries\1.8.9\Expressions\Formatting\WrongNumberArgumentsFor3101Format.ql failed the constraint of kind (was problem).
[2026-09-08 18:55:47] [SPAMMIER] resolve queries> Query Filter: C:\Users\rafar\.codeql\packages\codeql\python-queries\1.8.9\Expressions\HashedButNoHash.ql failed the constraint of kind (was problem).
[2026-09-08 18:55:47] [SPAMMIER] resolve queries> Query Filter: C:\Users\rafar\.codeql\packages\codeql\python-queries\1.8.9\Expressions\IncorrectComparisonUsingIs.ql failed the constraint of kind (was problem).
[2026-09-08 18:55:47] [SPAMMIER] resolve queries> Query Filter: C:\Users\rafar\.codeql\packages\codeql\python-queries\1.8.9\Expressions\NonCallableCalled.ql failed the constraint of kind (was problem).
[2026-09-08 18:55:47] [SPAMMIER] resolve queries> Query Filter: C:\Users\rafar\.codeql\packages\codeql\python-queries\1.8.9\Expressions\NonPortableComparisonUsingIs.ql failed the constraint of kind (was problem).
[2026-09-08 18:55:47] [SPAMMIER] resolve queries> Query Filter: C:\Users\rafar\.codeql\packages\codeql\python-queries\1.8.9\Expressions\Regex\BackspaceEscape.ql failed the constraint of kind (was problem).
[2026-09-08 18:55:47] [SPAMMIER] resolve queries> Query Filter: C:\Users\rafar\.codeql\packages\codeql\python-queries\1.8.9\Expressions\Regex\DuplicateCharacterInSet.ql failed the constraint of kind (was problem).
[2026-09-08 18:55:47] [SPAMMIER] resolve queries> Query Filter: C:\Users\rafar\.codeql\packages\codeql\python-queries\1.8.9\Expressions\Regex\MissingPartSpecialGroup.ql failed the constraint of kind (was problem).
[2026-09-08 18:55:47] [SPAMMIER] resolve queries> Query Filter: C:\Users\rafar\.codeql\packages\codeql\python-queries\1.8.9\Expressions\Regex\UnmatchableCaret.ql failed the constraint of kind (was problem).
[2026-09-08 18:55:47] [SPAMMIER] resolve queries> Query Filter: C:\Users\rafar\.codeql\packages\codeql\python-queries\1.8.9\Expressions\Regex\UnmatchableDollar.ql failed the constraint of kind (was problem).
[2026-09-08 18:55:47] [SPAMMIER] resolve queries> Query Filter: C:\Users\rafar\.codeql\packages\codeql\python-queries\1.8.9\Expressions\TruncatedDivision.ql failed the constraint of kind (was problem).
[2026-09-08 18:55:47] [SPAMMIER] resolve queries> Query Filter: C:\Users\rafar\.codeql\packages\codeql\python-queries\1.8.9\Expressions\UnintentionalImplicitStringConcatenation.ql failed the constraint of kind (was problem).
[2026-09-08 18:55:47] [SPAMMIER] resolve queries> Query Filter: C:\Users\rafar\.codeql\packages\codeql\python-queries\1.8.9\Expressions\UnnecessaryLambda.ql failed the constraint of kind (was problem).
[2026-09-08 18:55:47] [SPAMMIER] resolve queries> Query Filter: C:\Users\rafar\.codeql\packages\codeql\python-queries\1.8.9\Expressions\UnsupportedFormatCharacter.ql failed the constraint of kind (was problem).
[2026-09-08 18:55:47] [SPAMMIER] resolve queries> Query Filter: C:\Users\rafar\.codeql\packages\codeql\python-queries\1.8.9\Expressions\UseofApply.ql failed the constraint of kind (was problem).
[2026-09-08 18:55:47] [SPAMMIER] resolve queries> Query Filter: C:\Users\rafar\.codeql\packages\codeql\python-queries\1.8.9\Expressions\WrongNameForArgumentInCall.ql failed the constraint of kind (was problem).
[2026-09-08 18:55:47] [SPAMMIER] resolve queries> Query Filter: C:\Users\rafar\.codeql\packages\codeql\python-queries\1.8.9\Expressions\WrongNumberArgumentsForFormat.ql failed the constraint of kind (was problem).
[2026-09-08 18:55:47] [SPAMMIER] resolve queries> Query Filter: C:\Users\rafar\.codeql\packages\codeql\python-queries\1.8.9\Expressions\WrongNumberArgumentsInCall.ql failed the constraint of kind (was problem).
[2026-09-08 18:55:47] [SPAMMIER] resolve queries> Query Filter: C:\Users\rafar\.codeql\packages\codeql\python-queries\1.8.9\external\DuplicateBlock.ql failed the constraint of kind (was problem).
[2026-09-08 18:55:47] [SPAMMIER] resolve queries> Query Filter: C:\Users\rafar\.codeql\packages\codeql\python-queries\1.8.9\external\DuplicateFunction.ql failed the constraint of kind (was problem).
[2026-09-08 18:55:47] [SPAMMIER] resolve queries> Query Filter: C:\Users\rafar\.codeql\packages\codeql\python-queries\1.8.9\external\MostlyDuplicateClass.ql failed the constraint of kind (was problem).
[2026-09-08 18:55:47] [SPAMMIER] resolve queries> Query Filter: C:\Users\rafar\.codeql\packages\codeql\python-queries\1.8.9\external\MostlyDuplicateFile.ql failed the constraint of kind (was problem).
[2026-09-08 18:55:47] [SPAMMIER] resolve queries> Query Filter: C:\Users\rafar\.codeql\packages\codeql\python-queries\1.8.9\external\MostlySimilarFile.ql failed the constraint of kind (was problem).
[2026-09-08 18:55:47] [SPAMMIER] resolve queries> Query Filter: C:\Users\rafar\.codeql\packages\codeql\python-queries\1.8.9\external\SimilarFunction.ql failed the constraint of kind (was problem).
[2026-09-08 18:55:47] [SPAMMIER] resolve queries> Query Filter: C:\Users\rafar\.codeql\packages\codeql\python-queries\1.8.9\Filters\ClassifyFiles.ql failed the constraint of kind (was file-classifier).
[2026-09-08 18:55:47] [SPAMMIER] resolve queries> Query Filter: C:\Users\rafar\.codeql\packages\codeql\python-queries\1.8.9\Functions\ConsistentReturns.ql failed the constraint of kind (was problem).
[2026-09-08 18:55:47] [SPAMMIER] resolve queries> Query Filter: C:\Users\rafar\.codeql\packages\codeql\python-queries\1.8.9\Functions\DeprecatedSliceMethod.ql failed the constraint of kind (was problem).
[2026-09-08 18:55:47] [SPAMMIER] resolve queries> Query Filter: C:\Users\rafar\.codeql\packages\codeql\python-queries\1.8.9\Functions\ExplicitReturnInInit.ql failed the constraint of kind (was problem).
[2026-09-08 18:55:47] [SPAMMIER] resolve queries> Query Filter: C:\Users\rafar\.codeql\packages\codeql\python-queries\1.8.9\Functions\IncorrectlyOverriddenMethod.ql failed the constraint of kind (was problem).
[2026-09-08 18:55:47] [SPAMMIER] resolve queries> Query Filter: C:\Users\rafar\.codeql\packages\codeql\python-queries\1.8.9\Functions\IncorrectlySpecifiedOverriddenMethod.ql failed the constraint of kind (was problem).
[2026-09-08 18:55:47] [SPAMMIER] resolve queries> Query Filter: C:\Users\rafar\.codeql\packages\codeql\python-queries\1.8.9\Functions\IncorrectRaiseInSpecialMethod.ql failed the constraint of kind (was problem).
[2026-09-08 18:55:47] [SPAMMIER] resolve queries> Query Filter: C:\Users\rafar\.codeql\packages\codeql\python-queries\1.8.9\Functions\InitIsGenerator.ql failed the constraint of kind (was problem).
[2026-09-08 18:55:47] [SPAMMIER] resolve queries> Query Filter: C:\Users\rafar\.codeql\packages\codeql\python-queries\1.8.9\Functions\IterReturnsNonIterator.ql failed the constraint of kind (was problem).
[2026-09-08 18:55:47] [SPAMMIER] resolve queries> Query Filter: C:\Users\rafar\.codeql\packages\codeql\python-queries\1.8.9\Functions\IterReturnsNonSelf.ql failed the constraint of kind (was problem).
[2026-09-08 18:55:47] [SPAMMIER] resolve queries> Query Filter: C:\Users\rafar\.codeql\packages\codeql\python-queries\1.8.9\Functions\ModificationOfParameterWithDefault.ql failed the constraint of kind (was path-problem).
[2026-09-08 18:55:47] [SPAMMIER] resolve queries> Query Filter: C:\Users\rafar\.codeql\packages\codeql\python-queries\1.8.9\Functions\NonCls.ql failed the constraint of kind (was problem).
[2026-09-08 18:55:47] [SPAMMIER] resolve queries> Query Filter: C:\Users\rafar\.codeql\packages\codeql\python-queries\1.8.9\Functions\NonSelf.ql failed the constraint of kind (was problem).
[2026-09-08 18:55:47] [SPAMMIER] resolve queries> Query Filter: C:\Users\rafar\.codeql\packages\codeql\python-queries\1.8.9\Functions\OverlyComplexDelMethod.ql failed the constraint of kind (was problem).
[2026-09-08 18:55:47] [SPAMMIER] resolve queries> Query Filter: C:\Users\rafar\.codeql\packages\codeql\python-queries\1.8.9\Functions\ReturnConsistentTupleSizes.ql failed the constraint of kind (was problem).
[2026-09-08 18:55:47] [SPAMMIER] resolve queries> Query Filter: C:\Users\rafar\.codeql\packages\codeql\python-queries\1.8.9\Functions\ReturnValueIgnored.ql failed the constraint of kind (was problem).
[2026-09-08 18:55:47] [SPAMMIER] resolve queries> Query Filter: C:\Users\rafar\.codeql\packages\codeql\python-queries\1.8.9\Functions\SignatureOverriddenMethod.ql failed the constraint of kind (was problem).
[2026-09-08 18:55:47] [SPAMMIER] resolve queries> Query Filter: C:\Users\rafar\.codeql\packages\codeql\python-queries\1.8.9\Functions\SignatureSpecialMethods.ql failed the constraint of kind (was problem).
[2026-09-08 18:55:47] [SPAMMIER] resolve queries> Query Filter: C:\Users\rafar\.codeql\packages\codeql\python-queries\1.8.9\Functions\UseImplicitNoneReturnValue.ql failed the constraint of kind (was problem).
[2026-09-08 18:55:47] [SPAMMIER] resolve queries> Query Filter: C:\Users\rafar\.codeql\packages\codeql\python-queries\1.8.9\Imports\CyclicImport.ql failed the constraint of kind (was problem).
[2026-09-08 18:55:47] [SPAMMIER] resolve queries> Query Filter: C:\Users\rafar\.codeql\packages\codeql\python-queries\1.8.9\Imports\DeprecatedModule.ql failed the constraint of kind (was problem).
[2026-09-08 18:55:47] [SPAMMIER] resolve queries> Query Filter: C:\Users\rafar\.codeql\packages\codeql\python-queries\1.8.9\Imports\EncodingError.ql failed the constraint of kind (was problem).
[2026-09-08 18:55:47] [SPAMMIER] resolve queries> Query Filter: C:\Users\rafar\.codeql\packages\codeql\python-queries\1.8.9\Imports\FromImportOfMutableAttribute.ql failed the constraint of kind (was problem).
[2026-09-08 18:55:47] [SPAMMIER] resolve queries> Query Filter: C:\Users\rafar\.codeql\packages\codeql\python-queries\1.8.9\Imports\ImportandImportFrom.ql failed the constraint of kind (was problem).
[2026-09-08 18:55:47] [SPAMMIER] resolve queries> Query Filter: C:\Users\rafar\.codeql\packages\codeql\python-queries\1.8.9\Imports\Imports.ql failed the constraint of kind (was problem).
[2026-09-08 18:55:47] [SPAMMIER] resolve queries> Query Filter: C:\Users\rafar\.codeql\packages\codeql\python-queries\1.8.9\Imports\ImportShadowedByLoopVar.ql failed the constraint of kind (was problem).
[2026-09-08 18:55:47] [SPAMMIER] resolve queries> Query Filter: C:\Users\rafar\.codeql\packages\codeql\python-queries\1.8.9\Imports\ImportStarUsed.ql failed the constraint of kind (was problem).
[2026-09-08 18:55:47] [SPAMMIER] resolve queries> Query Filter: C:\Users\rafar\.codeql\packages\codeql\python-queries\1.8.9\Imports\ModuleImportsItself.ql failed the constraint of kind (was problem).
[2026-09-08 18:55:47] [SPAMMIER] resolve queries> Query Filter: C:\Users\rafar\.codeql\packages\codeql\python-queries\1.8.9\Imports\ModuleLevelCyclicImport.ql failed the constraint of kind (was problem).
[2026-09-08 18:55:47] [SPAMMIER] resolve queries> Query Filter: C:\Users\rafar\.codeql\packages\codeql\python-queries\1.8.9\Imports\MultipleImports.ql failed the constraint of kind (was problem).
[2026-09-08 18:55:47] [SPAMMIER] resolve queries> Query Filter: C:\Users\rafar\.codeql\packages\codeql\python-queries\1.8.9\Imports\SyntaxError.ql failed the constraint of kind (was problem).
[2026-09-08 18:55:47] [SPAMMIER] resolve queries> Query Filter: C:\Users\rafar\.codeql\packages\codeql\python-queries\1.8.9\Imports\UnintentionalImport.ql failed the constraint of kind (was problem).
[2026-09-08 18:55:47] [SPAMMIER] resolve queries> Query Filter: C:\Users\rafar\.codeql\packages\codeql\python-queries\1.8.9\Imports\UnusedImport.ql failed the constraint of kind (was problem).
[2026-09-08 18:55:47] [SPAMMIER] resolve queries> Query Filter: C:\Users\rafar\.codeql\packages\codeql\python-queries\1.8.9\Lexical\CommentedOutCode.ql failed the constraint of kind (was problem).
[2026-09-08 18:55:47] [SPAMMIER] resolve queries> Query Filter: C:\Users\rafar\.codeql\packages\codeql\python-queries\1.8.9\Lexical\FCommentedOutCode.ql failed the constraint of kind (was treemap).
[2026-09-08 18:55:47] [SPAMMIER] resolve queries> Query Filter: C:\Users\rafar\.codeql\packages\codeql\python-queries\1.8.9\Lexical\OldOctalLiteral.ql failed the constraint of kind (was problem).
[2026-09-08 18:55:47] [SPAMMIER] resolve queries> Query Filter: C:\Users\rafar\.codeql\packages\codeql\python-queries\1.8.9\Lexical\ToDoComment.ql failed the constraint of kind (was problem).
[2026-09-08 18:55:47] [SPAMMIER] resolve queries> Query Filter: C:\Users\rafar\.codeql\packages\codeql\python-queries\1.8.9\meta\alerts\InterestingTaintSinks.ql failed the constraint of kind (was problem).
[2026-09-08 18:55:47] [SPAMMIER] resolve queries> Query Filter: C:\Users\rafar\.codeql\packages\codeql\python-queries\1.8.9\meta\alerts\RemoteFlowSources.ql failed the constraint of kind (was problem).
[2026-09-08 18:55:47] [SPAMMIER] resolve queries> Query Filter: C:\Users\rafar\.codeql\packages\codeql\python-queries\1.8.9\meta\alerts\RemoteFlowSourcesReach.ql failed the constraint of kind (was problem).
[2026-09-08 18:55:47] [SPAMMIER] resolve queries> Query Filter: C:\Users\rafar\.codeql\packages\codeql\python-queries\1.8.9\meta\alerts\RequestHandlers.ql failed the constraint of kind (was problem).
[2026-09-08 18:55:47] [SPAMMIER] resolve queries> Query Filter: C:\Users\rafar\.codeql\packages\codeql\python-queries\1.8.9\meta\alerts\TaintSinks.ql failed the constraint of kind (was problem).
[2026-09-08 18:55:47] [SPAMMIER] resolve queries> Query Filter: C:\Users\rafar\.codeql\packages\codeql\python-queries\1.8.9\meta\analysis-quality\CallGraph.ql failed the constraint of kind (was problem).
[2026-09-08 18:55:47] [SPAMMIER] resolve queries> Query Filter: C:\Users\rafar\.codeql\packages\codeql\python-queries\1.8.9\meta\analysis-quality\PointsToResolvableCallRatio.ql failed 'tags contain` constraint [meta]
[2026-09-08 18:55:47] [SPAMMIER] resolve queries> Query Filter: C:\Users\rafar\.codeql\packages\codeql\python-queries\1.8.9\meta\analysis-quality\PointsToResolvableCalls.ql failed 'tags contain` constraint [meta]
[2026-09-08 18:55:47] [SPAMMIER] resolve queries> Query Filter: C:\Users\rafar\.codeql\packages\codeql\python-queries\1.8.9\meta\analysis-quality\PointsToResolvableCallsRelevantTarget.ql failed 'tags contain` constraint [meta]
[2026-09-08 18:55:47] [SPAMMIER] resolve queries> Query Filter: C:\Users\rafar\.codeql\packages\codeql\python-queries\1.8.9\meta\analysis-quality\ResolvableCallCandidates.ql failed 'tags contain` constraint [meta]
[2026-09-08 18:55:47] [SPAMMIER] resolve queries> Query Filter: C:\Users\rafar\.codeql\packages\codeql\python-queries\1.8.9\meta\analysis-quality\SummarizedCallableCallSites.ql failed the constraint of kind (was problem).
[2026-09-08 18:55:47] [SPAMMIER] resolve queries> Query Filter: C:\Users\rafar\.codeql\packages\codeql\python-queries\1.8.9\meta\analysis-quality\TTCallGraph.ql failed the constraint of kind (was problem).
[2026-09-08 18:55:47] [SPAMMIER] resolve queries> Query Filter: C:\Users\rafar\.codeql\packages\codeql\python-queries\1.8.9\meta\analysis-quality\TTCallGraphMissing.ql failed the constraint of kind (was problem).
[2026-09-08 18:55:47] [SPAMMIER] resolve queries> Query Filter: C:\Users\rafar\.codeql\packages\codeql\python-queries\1.8.9\meta\analysis-quality\TTCallGraphNew.ql failed the constraint of kind (was problem).
[2026-09-08 18:55:47] [SPAMMIER] resolve queries> Query Filter: C:\Users\rafar\.codeql\packages\codeql\python-queries\1.8.9\meta\analysis-quality\TTCallGraphNewAmbiguous.ql failed the constraint of kind (was problem).
[2026-09-08 18:55:47] [SPAMMIER] resolve queries> Query Filter: C:\Users\rafar\.codeql\packages\codeql\python-queries\1.8.9\meta\analysis-quality\TTCallGraphOverview.ql failed the constraint of kind (not present).
[2026-09-08 18:55:47] [SPAMMIER] resolve queries> Query Filter: C:\Users\rafar\.codeql\packages\codeql\python-queries\1.8.9\meta\analysis-quality\TTCallGraphShared.ql failed the constraint of kind (was problem).
[2026-09-08 18:55:47] [SPAMMIER] resolve queries> Query Filter: C:\Users\rafar\.codeql\packages\codeql\python-queries\1.8.9\meta\ClassHierarchy\Find.ql failed the constraint of kind (was table).
[2026-09-08 18:55:47] [SPAMMIER] resolve queries> Query Filter: C:\Users\rafar\.codeql\packages\codeql\python-queries\1.8.9\meta\debug\DebugStats.ql failed the constraint of kind (not present).
[2026-09-08 18:55:47] [SPAMMIER] resolve queries> Query Filter: C:\Users\rafar\.codeql\packages\codeql\python-queries\1.8.9\meta\debug\SimpleClassDebug.ql failed the constraint of kind (not present).
[2026-09-08 18:55:47] [SPAMMIER] resolve queries> Query Filter: C:\Users\rafar\.codeql\packages\codeql\python-queries\1.8.9\Metrics\ClassAfferentCoupling.ql failed the constraint of kind (was treemap).
[2026-09-08 18:55:47] [SPAMMIER] resolve queries> Query Filter: C:\Users\rafar\.codeql\packages\codeql\python-queries\1.8.9\Metrics\ClassEfferentCoupling.ql failed the constraint of kind (was treemap).
[2026-09-08 18:55:47] [SPAMMIER] resolve queries> Query Filter: C:\Users\rafar\.codeql\packages\codeql\python-queries\1.8.9\Metrics\CLinesOfCode.ql failed the constraint of kind (was treemap).
[2026-09-08 18:55:47] [SPAMMIER] resolve queries> Query Filter: C:\Users\rafar\.codeql\packages\codeql\python-queries\1.8.9\Metrics\CommentRatio.ql failed the constraint of kind (was treemap).
[2026-09-08 18:55:47] [SPAMMIER] resolve queries> Query Filter: C:\Users\rafar\.codeql\packages\codeql\python-queries\1.8.9\Metrics\CyclomaticComplexity.ql failed the constraint of kind (was treemap).
[2026-09-08 18:55:47] [SPAMMIER] resolve queries> Query Filter: C:\Users\rafar\.codeql\packages\codeql\python-queries\1.8.9\Metrics\Dependencies\ExternalDependencies.ql failed the constraint of kind (was treemap).
[2026-09-08 18:55:47] [SPAMMIER] resolve queries> Query Filter: C:\Users\rafar\.codeql\packages\codeql\python-queries\1.8.9\Metrics\Dependencies\ExternalDependenciesSourceLinks.ql failed the constraint of kind (was source-link).
[2026-09-08 18:55:47] [SPAMMIER] resolve queries> Query Filter: C:\Users\rafar\.codeql\packages\codeql\python-queries\1.8.9\Metrics\DirectImports.ql failed the constraint of kind (was treemap).
[2026-09-08 18:55:47] [SPAMMIER] resolve queries> Query Filter: C:\Users\rafar\.codeql\packages\codeql\python-queries\1.8.9\Metrics\DocStringRatio.ql failed the constraint of kind (was treemap).
[2026-09-08 18:55:47] [SPAMMIER] resolve queries> Query Filter: C:\Users\rafar\.codeql\packages\codeql\python-queries\1.8.9\Metrics\External\CommitDisplayStrings.ql failed the constraint of kind (was display-string).
[2026-09-08 18:55:47] [SPAMMIER] resolve queries> Query Filter: C:\Users\rafar\.codeql\packages\codeql\python-queries\1.8.9\Metrics\External\CommitSourceLinks.ql failed the constraint of kind (was source-link).
[2026-09-08 18:55:47] [SPAMMIER] resolve queries> Query Filter: C:\Users\rafar\.codeql\packages\codeql\python-queries\1.8.9\Metrics\FClasses.ql failed the constraint of kind (was treemap).
[2026-09-08 18:55:47] [SPAMMIER] resolve queries> Query Filter: C:\Users\rafar\.codeql\packages\codeql\python-queries\1.8.9\Metrics\FFunctionsAndMethods.ql failed the constraint of kind (was treemap).
[2026-09-08 18:55:47] [SPAMMIER] resolve queries> Query Filter: C:\Users\rafar\.codeql\packages\codeql\python-queries\1.8.9\Metrics\FLines.ql failed the constraint of kind (was treemap).
[2026-09-08 18:55:47] [SPAMMIER] resolve queries> Query Filter: C:\Users\rafar\.codeql\packages\codeql\python-queries\1.8.9\Metrics\FLinesOfCode.ql failed the constraint of kind (was treemap).
[2026-09-08 18:55:47] [SPAMMIER] resolve queries> Query Filter: C:\Users\rafar\.codeql\packages\codeql\python-queries\1.8.9\Metrics\FLinesOfComments.ql failed the constraint of kind (was treemap).
[2026-09-08 18:55:47] [SPAMMIER] resolve queries> Query Filter: C:\Users\rafar\.codeql\packages\codeql\python-queries\1.8.9\Metrics\FLinesOfDuplicatedCode.ql failed the constraint of kind (was treemap).
[2026-09-08 18:55:47] [SPAMMIER] resolve queries> Query Filter: C:\Users\rafar\.codeql\packages\codeql\python-queries\1.8.9\Metrics\FLinesOfSimilarCode.ql failed the constraint of kind (was treemap).
[2026-09-08 18:55:47] [SPAMMIER] resolve queries> Query Filter: C:\Users\rafar\.codeql\packages\codeql\python-queries\1.8.9\Metrics\FNumberOfTests.ql failed the constraint of kind (was treemap).
[2026-09-08 18:55:47] [SPAMMIER] resolve queries> Query Filter: C:\Users\rafar\.codeql\packages\codeql\python-queries\1.8.9\Metrics\FunctionNumberOfCalls.ql failed the constraint of kind (was treemap).
[2026-09-08 18:55:47] [SPAMMIER] resolve queries> Query Filter: C:\Users\rafar\.codeql\packages\codeql\python-queries\1.8.9\Metrics\FunctionStatementNestingDepth.ql failed the constraint of kind (was treemap).
[2026-09-08 18:55:47] [SPAMMIER] resolve queries> Query Filter: C:\Users\rafar\.codeql\packages\codeql\python-queries\1.8.9\Metrics\History\HChurn.ql failed the constraint of kind (was treemap).
[2026-09-08 18:55:47] [SPAMMIER] resolve queries> Query Filter: C:\Users\rafar\.codeql\packages\codeql\python-queries\1.8.9\Metrics\History\HLinesAdded.ql failed the constraint of kind (was treemap).
[2026-09-08 18:55:47] [SPAMMIER] resolve queries> Query Filter: C:\Users\rafar\.codeql\packages\codeql\python-queries\1.8.9\Metrics\History\HLinesDeleted.ql failed the constraint of kind (was treemap).
[2026-09-08 18:55:47] [SPAMMIER] resolve queries> Query Filter: C:\Users\rafar\.codeql\packages\codeql\python-queries\1.8.9\Metrics\History\HNumberOfAuthors.ql failed the constraint of kind (was treemap).
[2026-09-08 18:55:47] [SPAMMIER] resolve queries> Query Filter: C:\Users\rafar\.codeql\packages\codeql\python-queries\1.8.9\Metrics\History\HNumberOfCoCommits.ql failed the constraint of kind (was treemap).
[2026-09-08 18:55:47] [SPAMMIER] resolve queries> Query Filter: C:\Users\rafar\.codeql\packages\codeql\python-queries\1.8.9\Metrics\History\HNumberOfCommits.ql failed the constraint of kind (was treemap).
[2026-09-08 18:55:47] [SPAMMIER] resolve queries> Query Filter: C:\Users\rafar\.codeql\packages\codeql\python-queries\1.8.9\Metrics\History\HNumberOfRecentAuthors.ql failed the constraint of kind (was treemap).
[2026-09-08 18:55:47] [SPAMMIER] resolve queries> Query Filter: C:\Users\rafar\.codeql\packages\codeql\python-queries\1.8.9\Metrics\History\HNumberOfRecentChangedFiles.ql failed the constraint of kind (was treemap).
[2026-09-08 18:55:47] [SPAMMIER] resolve queries> Query Filter: C:\Users\rafar\.codeql\packages\codeql\python-queries\1.8.9\Metrics\History\HNumberOfRecentCommits.ql failed the constraint of kind (was treemap).
[2026-09-08 18:55:47] [SPAMMIER] resolve queries> Query Filter: C:\Users\rafar\.codeql\packages\codeql\python-queries\1.8.9\Metrics\History\HNumberOfReCommits.ql failed the constraint of kind (was treemap).
[2026-09-08 18:55:47] [SPAMMIER] resolve queries> Query Filter: C:\Users\rafar\.codeql\packages\codeql\python-queries\1.8.9\Metrics\Internal\CallableDisplayStrings.ql failed the constraint of kind (was display-string).
[2026-09-08 18:55:47] [SPAMMIER] resolve queries> Query Filter: C:\Users\rafar\.codeql\packages\codeql\python-queries\1.8.9\Metrics\Internal\CallableExtents.ql failed the constraint of kind (was extent).
[2026-09-08 18:55:47] [SPAMMIER] resolve queries> Query Filter: C:\Users\rafar\.codeql\packages\codeql\python-queries\1.8.9\Metrics\Internal\CallableSourceLinks.ql failed the constraint of kind (was source-link).
[2026-09-08 18:55:47] [SPAMMIER] resolve queries> Query Filter: C:\Users\rafar\.codeql\packages\codeql\python-queries\1.8.9\Metrics\Internal\ClassDisplayStrings.ql failed the constraint of kind (was display-string).
[2026-09-08 18:55:47] [SPAMMIER] resolve queries> Query Filter: C:\Users\rafar\.codeql\packages\codeql\python-queries\1.8.9\Metrics\Internal\ClassExtents.ql failed the constraint of kind (was extent).
[2026-09-08 18:55:47] [SPAMMIER] resolve queries> Query Filter: C:\Users\rafar\.codeql\packages\codeql\python-queries\1.8.9\Metrics\Internal\ClassSourceLinks.ql failed the constraint of kind (was source-link).
[2026-09-08 18:55:47] [SPAMMIER] resolve queries> Query Filter: C:\Users\rafar\.codeql\packages\codeql\python-queries\1.8.9\Metrics\Internal\TypeAnnotations.ql failed the constraint of kind (was table).
[2026-09-08 18:55:47] [SPAMMIER] resolve queries> Query Filter: C:\Users\rafar\.codeql\packages\codeql\python-queries\1.8.9\Metrics\LackofCohesionInMethodsCK.ql failed the constraint of kind (was treemap).
[2026-09-08 18:55:47] [SPAMMIER] resolve queries> Query Filter: C:\Users\rafar\.codeql\packages\codeql\python-queries\1.8.9\Metrics\LackofCohesionInMethodsHM.ql failed the constraint of kind (was treemap).
[2026-09-08 18:55:47] [SPAMMIER] resolve queries> Query Filter: C:\Users\rafar\.codeql\packages\codeql\python-queries\1.8.9\Metrics\ModuleAfferentCoupling.ql failed the constraint of kind (was treemap).
[2026-09-08 18:55:47] [SPAMMIER] resolve queries> Query Filter: C:\Users\rafar\.codeql\packages\codeql\python-queries\1.8.9\Metrics\ModuleEfferentCoupling.ql failed the constraint of kind (was treemap).
[2026-09-08 18:55:47] [SPAMMIER] resolve queries> Query Filter: C:\Users\rafar\.codeql\packages\codeql\python-queries\1.8.9\Metrics\NumberOfParametersWithoutDefault.ql failed the constraint of kind (was treemap).
[2026-09-08 18:55:47] [SPAMMIER] resolve queries> Query Filter: C:\Users\rafar\.codeql\packages\codeql\python-queries\1.8.9\Metrics\NumberOfStatements.ql failed the constraint of kind (was treemap).
[2026-09-08 18:55:47] [SPAMMIER] resolve queries> Query Filter: C:\Users\rafar\.codeql\packages\codeql\python-queries\1.8.9\Metrics\TransitiveImports.ql failed the constraint of kind (was treemap).
[2026-09-08 18:55:47] [SPAMMIER] resolve queries> Query Filter: C:\Users\rafar\.codeql\packages\codeql\python-queries\1.8.9\Numerics\Pythagorean.ql failed the constraint of kind (was problem).
[2026-09-08 18:55:47] [SPAMMIER] resolve queries> Query Filter: C:\Users\rafar\.codeql\packages\codeql\python-queries\1.8.9\Resources\FileNotAlwaysClosed.ql failed the constraint of kind (was problem).
[2026-09-08 18:55:47] [SPAMMIER] resolve queries> Query Filter: C:\Users\rafar\.codeql\packages\codeql\python-queries\1.8.9\Security\CWE-020-ExternalAPIs\ExternalAPIsUsedWithUntrustedData.ql failed the constraint of kind (was table).
[2026-09-08 18:55:47] [SPAMMIER] resolve queries> Query Filter: C:\Users\rafar\.codeql\packages\codeql\python-queries\1.8.9\Security\CWE-020-ExternalAPIs\UntrustedDataToExternalAPI.ql failed the constraint of kind (was path-problem).
[2026-09-08 18:55:47] [SPAMMIER] resolve queries> Query Filter: C:\Users\rafar\.codeql\packages\codeql\python-queries\1.8.9\Security\CWE-798\HardcodedCredentials.ql failed the constraint of kind (was path-problem).
[2026-09-08 18:55:47] [SPAMMIER] resolve queries> Query Filter: C:\Users\rafar\.codeql\packages\codeql\python-queries\1.8.9\Statements\AssertLiteralConstant.ql failed the constraint of kind (was problem).
[2026-09-08 18:55:47] [SPAMMIER] resolve queries> Query Filter: C:\Users\rafar\.codeql\packages\codeql\python-queries\1.8.9\Statements\AssertOnTuple.ql failed the constraint of kind (was problem).
[2026-09-08 18:55:47] [SPAMMIER] resolve queries> Query Filter: C:\Users\rafar\.codeql\packages\codeql\python-queries\1.8.9\Statements\BreakOrReturnInFinally.ql failed the constraint of kind (was problem).
[2026-09-08 18:55:47] [SPAMMIER] resolve queries> Query Filter: C:\Users\rafar\.codeql\packages\codeql\python-queries\1.8.9\Statements\ConstantInConditional.ql failed the constraint of kind (was problem).
[2026-09-08 18:55:47] [SPAMMIER] resolve queries> Query Filter: C:\Users\rafar\.codeql\packages\codeql\python-queries\1.8.9\Statements\C_StyleParentheses.ql failed the constraint of kind (was problem).
[2026-09-08 18:55:47] [SPAMMIER] resolve queries> Query Filter: C:\Users\rafar\.codeql\packages\codeql\python-queries\1.8.9\Statements\DocStrings.ql failed the constraint of kind (was problem).
[2026-09-08 18:55:47] [SPAMMIER] resolve queries> Query Filter: C:\Users\rafar\.codeql\packages\codeql\python-queries\1.8.9\Statements\ExecUsed.ql failed the constraint of kind (was problem).
[2026-09-08 18:55:47] [SPAMMIER] resolve queries> Query Filter: C:\Users\rafar\.codeql\packages\codeql\python-queries\1.8.9\Statements\IterableStringOrSequence.ql failed the constraint of kind (was problem).
[2026-09-08 18:55:47] [SPAMMIER] resolve queries> Query Filter: C:\Users\rafar\.codeql\packages\codeql\python-queries\1.8.9\Statements\MismatchInMultipleAssignment.ql failed the constraint of kind (was problem).
[2026-09-08 18:55:47] [SPAMMIER] resolve queries> Query Filter: C:\Users\rafar\.codeql\packages\codeql\python-queries\1.8.9\Statements\ModificationOfLocals.ql failed the constraint of kind (was problem).
[2026-09-08 18:55:47] [SPAMMIER] resolve queries> Query Filter: C:\Users\rafar\.codeql\packages\codeql\python-queries\1.8.9\Statements\NestedLoopsSameVariable.ql failed the constraint of kind (was problem).
[2026-09-08 18:55:47] [SPAMMIER] resolve queries> Query Filter: C:\Users\rafar\.codeql\packages\codeql\python-queries\1.8.9\Statements\NestedLoopsSameVariableWithReuse.ql failed the constraint of kind (was problem).
[2026-09-08 18:55:47] [SPAMMIER] resolve queries> Query Filter: C:\Users\rafar\.codeql\packages\codeql\python-queries\1.8.9\Statements\NonIteratorInForLoop.ql failed the constraint of kind (was problem).
[2026-09-08 18:55:47] [SPAMMIER] resolve queries> Query Filter: C:\Users\rafar\.codeql\packages\codeql\python-queries\1.8.9\Statements\RedundantAssignment.ql failed the constraint of kind (was problem).
[2026-09-08 18:55:47] [SPAMMIER] resolve queries> Query Filter: C:\Users\rafar\.codeql\packages\codeql\python-queries\1.8.9\Statements\ReturnOrYieldOutsideFunction.ql failed the constraint of kind (was problem).
[2026-09-08 18:55:47] [SPAMMIER] resolve queries> Query Filter: C:\Users\rafar\.codeql\packages\codeql\python-queries\1.8.9\Statements\ShouldUseWithStatement.ql failed the constraint of kind (was problem).
[2026-09-08 18:55:47] [SPAMMIER] resolve queries> Query Filter: C:\Users\rafar\.codeql\packages\codeql\python-queries\1.8.9\Statements\SideEffectInAssert.ql failed the constraint of kind (was problem).
[2026-09-08 18:55:47] [SPAMMIER] resolve queries> Query Filter: C:\Users\rafar\.codeql\packages\codeql\python-queries\1.8.9\Statements\StatementNoEffect.ql failed the constraint of kind (was problem).
[2026-09-08 18:55:47] [SPAMMIER] resolve queries> Query Filter: C:\Users\rafar\.codeql\packages\codeql\python-queries\1.8.9\Statements\StringConcatenationInLoop.ql failed the constraint of kind (was problem).
[2026-09-08 18:55:47] [SPAMMIER] resolve queries> Query Filter: C:\Users\rafar\.codeql\packages\codeql\python-queries\1.8.9\Statements\TopLevelPrint.ql failed the constraint of kind (was problem).
[2026-09-08 18:55:47] [SPAMMIER] resolve queries> Query Filter: C:\Users\rafar\.codeql\packages\codeql\python-queries\1.8.9\Statements\UnnecessaryDelete.ql failed the constraint of kind (was problem).
[2026-09-08 18:55:47] [SPAMMIER] resolve queries> Query Filter: C:\Users\rafar\.codeql\packages\codeql\python-queries\1.8.9\Statements\UnnecessaryElseClause.ql failed the constraint of kind (was problem).
[2026-09-08 18:55:47] [SPAMMIER] resolve queries> Query Filter: C:\Users\rafar\.codeql\packages\codeql\python-queries\1.8.9\Statements\UnnecessaryPass.ql failed the constraint of kind (was problem).
[2026-09-08 18:55:47] [SPAMMIER] resolve queries> Query Filter: C:\Users\rafar\.codeql\packages\codeql\python-queries\1.8.9\Statements\UnreachableCode.ql failed the constraint of kind (was problem).
[2026-09-08 18:55:47] [SPAMMIER] resolve queries> Query Filter: C:\Users\rafar\.codeql\packages\codeql\python-queries\1.8.9\Statements\UnusedExceptionObject.ql failed the constraint of kind (was problem).
[2026-09-08 18:55:47] [SPAMMIER] resolve queries> Query Filter: C:\Users\rafar\.codeql\packages\codeql\python-queries\1.8.9\Statements\UseOfExit.ql failed the constraint of kind (was problem).
[2026-09-08 18:55:47] [SPAMMY] resolve queries> Query Filter: Including C:\Users\rafar\.codeql\packages\codeql\python-queries\1.8.9\Summary\LinesOfCode.ql.
[2026-09-08 18:55:47] [SPAMMY] resolve queries> Query Filter: Excluding C:\Users\rafar\.codeql\packages\codeql\python-queries\1.8.9\experimental\Security\CWE-022\ZipSlip.ql.
[2026-09-08 18:55:47] [SPAMMY] resolve queries> Query Filter: Excluding C:\Users\rafar\.codeql\packages\codeql\python-queries\1.8.9\experimental\Security\CWE-022bis\TarSlipImprov.ql.
[2026-09-08 18:55:47] [SPAMMY] resolve queries> Query Filter: Excluding C:\Users\rafar\.codeql\packages\codeql\python-queries\1.8.9\experimental\Security\CWE-074\remoteCommandExecution\RemoteCommandExecution.ql.
[2026-09-08 18:55:47] [SPAMMY] resolve queries> Query Filter: Excluding C:\Users\rafar\.codeql\packages\codeql\python-queries\1.8.9\experimental\Security\CWE-091\XsltInjection.ql.
[2026-09-08 18:55:47] [SPAMMY] resolve queries> Query Filter: Excluding C:\Users\rafar\.codeql\packages\codeql\python-queries\1.8.9\experimental\Security\CWE-094\Js2Py.ql.
[2026-09-08 18:55:47] [SPAMMY] resolve queries> Query Filter: Excluding C:\Users\rafar\.codeql\packages\codeql\python-queries\1.8.9\experimental\Security\CWE-1427\PromptInjection.ql.
[2026-09-08 18:55:47] [SPAMMY] resolve queries> Query Filter: Excluding C:\Users\rafar\.codeql\packages\codeql\python-queries\1.8.9\experimental\Security\CWE-176\UnicodeBypassValidation.ql.
[2026-09-08 18:55:47] [SPAMMY] resolve queries> Query Filter: Excluding C:\Users\rafar\.codeql\packages\codeql\python-queries\1.8.9\experimental\Security\CWE-208\TimingAttackAgainstHeaderValue\TimingAttackAgainstHeaderValue.ql.
[2026-09-08 18:55:47] [SPAMMY] resolve queries> Query Filter: Excluding C:\Users\rafar\.codeql\packages\codeql\python-queries\1.8.9\experimental\Security\CWE-287-ConstantSecretKey\WebAppConstantSecretKey.ql.
[2026-09-08 18:55:47] [SPAMMY] resolve queries> Query Filter: Excluding C:\Users\rafar\.codeql\packages\codeql\python-queries\1.8.9\experimental\Security\CWE-338\InsecureRandomness.ql.
[2026-09-08 18:55:47] [SPAMMY] resolve queries> Query Filter: Excluding C:\Users\rafar\.codeql\packages\codeql\python-queries\1.8.9\experimental\Security\CWE-348\ClientSuppliedIpUsedInSecurityCheck.ql.
[2026-09-08 18:55:47] [SPAMMY] resolve queries> Query Filter: Excluding C:\Users\rafar\.codeql\packages\codeql\python-queries\1.8.9\experimental\Security\CWE-409\DecompressionBombs.ql.
[2026-09-08 18:55:47] [SPAMMY] resolve queries> Query Filter: Excluding C:\Users\rafar\.codeql\packages\codeql\python-queries\1.8.9\experimental\Security\CWE-611\SimpleXmlRpcServer.ql.
[2026-09-08 18:55:47] [SPAMMY] resolve queries> Query Filter: Excluding C:\Users\rafar\.codeql\packages\codeql\python-queries\1.8.9\experimental\Security\CWE-770\UnicodeDoS.ql.
[2026-09-08 18:55:47] [SPAMMY] resolve queries> Query Filter: Excluding C:\Users\rafar\.codeql\packages\codeql\python-queries\1.8.9\experimental\Security\CWE-942\CorsMisconfigurationMiddleware.ql.
[2026-09-08 18:55:47] [SPAMMIER] resolve queries> Query Filter: C:\Users\rafar\.codeql\packages\codeql\python-queries\1.8.9\Expressions\UseofInput.ql failed the constraint of query path (was Expressions/UseofInput.ql).
[2026-09-08 18:55:47] [SPAMMIER] resolve queries> Query Filter: C:\Users\rafar\.codeql\packages\codeql\python-queries\1.8.9\Security\CVE-2018-1281\BindToAllInterfaces.ql failed the constraint of query path (was Security/CVE-2018-1281/BindToAllInterfaces.ql).
[2026-09-08 18:55:47] [SPAMMIER] resolve queries> Query Filter: C:\Users\rafar\.codeql\packages\codeql\python-queries\1.8.9\Security\CWE-020\CookieInjection.ql failed the constraint of query path (was Security/CWE-020/CookieInjection.ql).
[2026-09-08 18:55:47] [SPAMMIER] resolve queries> Query Filter: C:\Users\rafar\.codeql\packages\codeql\python-queries\1.8.9\Security\CWE-020\IncompleteHostnameRegExp.ql failed the constraint of query path (was Security/CWE-020/IncompleteHostnameRegExp.ql).
[2026-09-08 18:55:47] [SPAMMIER] resolve queries> Query Filter: C:\Users\rafar\.codeql\packages\codeql\python-queries\1.8.9\Security\CWE-020\IncompleteUrlSubstringSanitization.ql failed the constraint of query path (was Security/CWE-020/IncompleteUrlSubstringSanitization.ql).
[2026-09-08 18:55:47] [SPAMMIER] resolve queries> Query Filter: C:\Users\rafar\.codeql\packages\codeql\python-queries\1.8.9\Security\CWE-020\OverlyLargeRange.ql failed the constraint of query path (was Security/CWE-020/OverlyLargeRange.ql).
[2026-09-08 18:55:47] [SPAMMIER] resolve queries> Query Filter: C:\Users\rafar\.codeql\packages\codeql\python-queries\1.8.9\Security\CWE-022\PathInjection.ql failed the constraint of query path (was Security/CWE-022/PathInjection.ql).
[2026-09-08 18:55:47] [SPAMMIER] resolve queries> Query Filter: C:\Users\rafar\.codeql\packages\codeql\python-queries\1.8.9\Security\CWE-074\TemplateInjection.ql failed the constraint of query path (was Security/CWE-074/TemplateInjection.ql).
[2026-09-08 18:55:47] [SPAMMIER] resolve queries> Query Filter: C:\Users\rafar\.codeql\packages\codeql\python-queries\1.8.9\Security\CWE-078\CommandInjection.ql failed the constraint of query path (was Security/CWE-078/CommandInjection.ql).
[2026-09-08 18:55:47] [SPAMMIER] resolve queries> Query Filter: C:\Users\rafar\.codeql\packages\codeql\python-queries\1.8.9\Security\CWE-079\ReflectedXss.ql failed the constraint of query path (was Security/CWE-079/ReflectedXss.ql).
[2026-09-08 18:55:47] [SPAMMIER] resolve queries> Query Filter: C:\Users\rafar\.codeql\packages\codeql\python-queries\1.8.9\Security\CWE-089\SqlInjection.ql failed the constraint of query path (was Security/CWE-089/SqlInjection.ql).
[2026-09-08 18:55:47] [SPAMMIER] resolve queries> Query Filter: C:\Users\rafar\.codeql\packages\codeql\python-queries\1.8.9\Security\CWE-090\LdapInjection.ql failed the constraint of query path (was Security/CWE-090/LdapInjection.ql).
[2026-09-08 18:55:47] [SPAMMIER] resolve queries> Query Filter: C:\Users\rafar\.codeql\packages\codeql\python-queries\1.8.9\Security\CWE-094\CodeInjection.ql failed the constraint of query path (was Security/CWE-094/CodeInjection.ql).
[2026-09-08 18:55:47] [SPAMMIER] resolve queries> Query Filter: C:\Users\rafar\.codeql\packages\codeql\python-queries\1.8.9\Security\CWE-1004\NonHttpOnlyCookie.ql failed the constraint of query path (was Security/CWE-1004/NonHttpOnlyCookie.ql).
[2026-09-08 18:55:47] [SPAMMIER] resolve queries> Query Filter: C:\Users\rafar\.codeql\packages\codeql\python-queries\1.8.9\Security\CWE-113\HeaderInjection.ql failed the constraint of query path (was Security/CWE-113/HeaderInjection.ql).
[2026-09-08 18:55:47] [SPAMMIER] resolve queries> Query Filter: C:\Users\rafar\.codeql\packages\codeql\python-queries\1.8.9\Security\CWE-116\BadTagFilter.ql failed the constraint of query path (was Security/CWE-116/BadTagFilter.ql).
[2026-09-08 18:55:47] [SPAMMIER] resolve queries> Query Filter: C:\Users\rafar\.codeql\packages\codeql\python-queries\1.8.9\Security\CWE-1275\SameSiteNoneCookie.ql failed the constraint of query path (was Security/CWE-1275/SameSiteNoneCookie.ql).
[2026-09-08 18:55:47] [SPAMMIER] resolve queries> Query Filter: C:\Users\rafar\.codeql\packages\codeql\python-queries\1.8.9\Security\CWE-209\StackTraceExposure.ql failed the constraint of query path (was Security/CWE-209/StackTraceExposure.ql).
[2026-09-08 18:55:47] [SPAMMIER] resolve queries> Query Filter: C:\Users\rafar\.codeql\packages\codeql\python-queries\1.8.9\Security\CWE-215\FlaskDebug.ql failed the constraint of query path (was Security/CWE-215/FlaskDebug.ql).
[2026-09-08 18:55:47] [SPAMMIER] resolve queries> Query Filter: C:\Users\rafar\.codeql\packages\codeql\python-queries\1.8.9\Security\CWE-285\PamAuthorization.ql failed the constraint of query path (was Security/CWE-285/PamAuthorization.ql).
[2026-09-08 18:55:47] [SPAMMIER] resolve queries> Query Filter: C:\Users\rafar\.codeql\packages\codeql\python-queries\1.8.9\Security\CWE-295\MissingHostKeyValidation.ql failed the constraint of query path (was Security/CWE-295/MissingHostKeyValidation.ql).
[2026-09-08 18:55:47] [SPAMMIER] resolve queries> Query Filter: C:\Users\rafar\.codeql\packages\codeql\python-queries\1.8.9\Security\CWE-312\CleartextLogging.ql failed the constraint of query path (was Security/CWE-312/CleartextLogging.ql).
[2026-09-08 18:55:47] [SPAMMIER] resolve queries> Query Filter: C:\Users\rafar\.codeql\packages\codeql\python-queries\1.8.9\Security\CWE-312\CleartextStorage.ql failed the constraint of query path (was Security/CWE-312/CleartextStorage.ql).
[2026-09-08 18:55:47] [SPAMMIER] resolve queries> Query Filter: C:\Users\rafar\.codeql\packages\codeql\python-queries\1.8.9\Security\CWE-326\WeakCryptoKey.ql failed the constraint of query path (was Security/CWE-326/WeakCryptoKey.ql).
[2026-09-08 18:55:47] [SPAMMIER] resolve queries> Query Filter: C:\Users\rafar\.codeql\packages\codeql\python-queries\1.8.9\Security\CWE-327\BrokenCryptoAlgorithm.ql failed the constraint of query path (was Security/CWE-327/BrokenCryptoAlgorithm.ql).
[2026-09-08 18:55:47] [SPAMMIER] resolve queries> Query Filter: C:\Users\rafar\.codeql\packages\codeql\python-queries\1.8.9\Security\CWE-327\InsecureDefaultProtocol.ql failed the constraint of query path (was Security/CWE-327/InsecureDefaultProtocol.ql).
[2026-09-08 18:55:47] [SPAMMIER] resolve queries> Query Filter: C:\Users\rafar\.codeql\packages\codeql\python-queries\1.8.9\Security\CWE-327\InsecureProtocol.ql failed the constraint of query path (was Security/CWE-327/InsecureProtocol.ql).
[2026-09-08 18:55:47] [SPAMMIER] resolve queries> Query Filter: C:\Users\rafar\.codeql\packages\codeql\python-queries\1.8.9\Security\CWE-327\WeakSensitiveDataHashing.ql failed the constraint of query path (was Security/CWE-327/WeakSensitiveDataHashing.ql).
[2026-09-08 18:55:47] [SPAMMIER] resolve queries> Query Filter: C:\Users\rafar\.codeql\packages\codeql\python-queries\1.8.9\Security\CWE-352\CSRFProtectionDisabled.ql failed the constraint of query path (was Security/CWE-352/CSRFProtectionDisabled.ql).
[2026-09-08 18:55:47] [SPAMMIER] resolve queries> Query Filter: C:\Users\rafar\.codeql\packages\codeql\python-queries\1.8.9\Security\CWE-377\InsecureTemporaryFile.ql failed the constraint of query path (was Security/CWE-377/InsecureTemporaryFile.ql).
[2026-09-08 18:55:47] [SPAMMIER] resolve queries> Query Filter: C:\Users\rafar\.codeql\packages\codeql\python-queries\1.8.9\Security\CWE-502\UnsafeDeserialization.ql failed the constraint of query path (was Security/CWE-502/UnsafeDeserialization.ql).
[2026-09-08 18:55:47] [SPAMMIER] resolve queries> Query Filter: C:\Users\rafar\.codeql\packages\codeql\python-queries\1.8.9\Security\CWE-601\UrlRedirect.ql failed the constraint of query path (was Security/CWE-601/UrlRedirect.ql).
[2026-09-08 18:55:47] [SPAMMIER] resolve queries> Query Filter: C:\Users\rafar\.codeql\packages\codeql\python-queries\1.8.9\Security\CWE-611\Xxe.ql failed the constraint of query path (was Security/CWE-611/Xxe.ql).
[2026-09-08 18:55:47] [SPAMMIER] resolve queries> Query Filter: C:\Users\rafar\.codeql\packages\codeql\python-queries\1.8.9\Security\CWE-614\InsecureCookie.ql failed the constraint of query path (was Security/CWE-614/InsecureCookie.ql).
[2026-09-08 18:55:47] [SPAMMIER] resolve queries> Query Filter: C:\Users\rafar\.codeql\packages\codeql\python-queries\1.8.9\Security\CWE-643\XpathInjection.ql failed the constraint of query path (was Security/CWE-643/XpathInjection.ql).
[2026-09-08 18:55:47] [SPAMMIER] resolve queries> Query Filter: C:\Users\rafar\.codeql\packages\codeql\python-queries\1.8.9\Security\CWE-730\PolynomialReDoS.ql failed the constraint of query path (was Security/CWE-730/PolynomialReDoS.ql).
[2026-09-08 18:55:47] [SPAMMIER] resolve queries> Query Filter: C:\Users\rafar\.codeql\packages\codeql\python-queries\1.8.9\Security\CWE-730\ReDoS.ql failed the constraint of query path (was Security/CWE-730/ReDoS.ql).
[2026-09-08 18:55:47] [SPAMMIER] resolve queries> Query Filter: C:\Users\rafar\.codeql\packages\codeql\python-queries\1.8.9\Security\CWE-730\RegexInjection.ql failed the constraint of query path (was Security/CWE-730/RegexInjection.ql).
[2026-09-08 18:55:47] [SPAMMIER] resolve queries> Query Filter: C:\Users\rafar\.codeql\packages\codeql\python-queries\1.8.9\Security\CWE-776\XmlBomb.ql failed the constraint of query path (was Security/CWE-776/XmlBomb.ql).
[2026-09-08 18:55:47] [SPAMMIER] resolve queries> Query Filter: C:\Users\rafar\.codeql\packages\codeql\python-queries\1.8.9\Security\CWE-918\FullServerSideRequestForgery.ql failed the constraint of query path (was Security/CWE-918/FullServerSideRequestForgery.ql).
[2026-09-08 18:55:47] [SPAMMIER] resolve queries> Query Filter: C:\Users\rafar\.codeql\packages\codeql\python-queries\1.8.9\Security\CWE-943\NoSqlInjection.ql failed the constraint of query path (was Security/CWE-943/NoSqlInjection.ql).
[2026-09-08 18:55:47] [SPAMMY] resolve queries> Query Filter: Excluding C:\Users\rafar\.codeql\packages\codeql\python-queries\1.8.9\experimental\Security\CWE-022bis\UnsafeUnpack.ql.
[2026-09-08 18:55:47] [SPAMMY] resolve queries> Query Filter: Excluding C:\Users\rafar\.codeql\packages\codeql\python-queries\1.8.9\experimental\Security\CWE-327\Azure\UnsafeUsageOfClientSideEncryptionVersion.ql.
[2026-09-08 18:55:47] [SPAMMY] resolve queries> Query Filter: Excluding C:\Users\rafar\.codeql\packages\codeql\python-queries\1.8.9\experimental\Security\CWE-340\TokenBuiltFromUUID.ql.
[2026-09-08 18:55:47] [SPAMMIER] resolve queries> Query Filter: C:\Users\rafar\.codeql\packages\codeql\python-queries\1.8.9\Security\CWE-022\TarSlip.ql failed the constraint of query path (was Security/CWE-022/TarSlip.ql).
[2026-09-08 18:55:47] [SPAMMIER] resolve queries> Query Filter: C:\Users\rafar\.codeql\packages\codeql\python-queries\1.8.9\Security\CWE-078\UnsafeShellCommandConstruction.ql failed the constraint of query path (was Security/CWE-078/UnsafeShellCommandConstruction.ql).
[2026-09-08 18:55:47] [SPAMMIER] resolve queries> Query Filter: C:\Users\rafar\.codeql\packages\codeql\python-queries\1.8.9\Security\CWE-079\Jinja2WithoutEscaping.ql failed the constraint of query path (was Security/CWE-079/Jinja2WithoutEscaping.ql).
[2026-09-08 18:55:47] [SPAMMIER] resolve queries> Query Filter: C:\Users\rafar\.codeql\packages\codeql\python-queries\1.8.9\Security\CWE-117\LogInjection.ql failed the constraint of query path (was Security/CWE-117/LogInjection.ql).
[2026-09-08 18:55:47] [SPAMMIER] resolve queries> Query Filter: C:\Users\rafar\.codeql\packages\codeql\python-queries\1.8.9\Security\CWE-295\RequestWithoutValidation.ql failed the constraint of query path (was Security/CWE-295/RequestWithoutValidation.ql).
[2026-09-08 18:55:47] [SPAMMIER] resolve queries> Query Filter: C:\Users\rafar\.codeql\packages\codeql\python-queries\1.8.9\Security\CWE-732\WeakFilePermissions.ql failed the constraint of query path (was Security/CWE-732/WeakFilePermissions.ql).
[2026-09-08 18:55:47] [SPAMMIER] resolve queries> Query Filter: C:\Users\rafar\.codeql\packages\codeql\python-queries\1.8.9\Security\CWE-918\PartialServerSideRequestForgery.ql failed the constraint of query path (was Security/CWE-918/PartialServerSideRequestForgery.ql).
[2026-09-08 18:55:47] [SPAMMIER] resolve queries> Query Filter: C:\Users\rafar\.codeql\packages\codeql\python-queries\1.8.9\Diagnostics\ExtractedFiles.ql failed the constraint of query path (was Diagnostics/ExtractedFiles.ql).
[2026-09-08 18:55:47] [SPAMMIER] resolve queries> Query Filter: C:\Users\rafar\.codeql\packages\codeql\python-queries\1.8.9\Diagnostics\ExtractionWarnings.ql failed the constraint of query path (was Diagnostics/ExtractionWarnings.ql).
[2026-09-08 18:55:47] [SPAMMIER] resolve queries> Query Filter: C:\Users\rafar\.codeql\packages\codeql\python-queries\1.8.9\Summary\LinesOfCode.ql failed the constraint of query path (was Summary/LinesOfCode.ql).
[2026-09-08 18:55:47] [SPAMMIER] resolve queries> Query Filter: C:\Users\rafar\.codeql\packages\codeql\python-queries\1.8.9\Summary\LinesOfUserCode.ql failed the constraint of query path (was Summary/LinesOfUserCode.ql).
[2026-09-08 18:55:47] [SPAMMIER] resolve queries> Resolution instruction: exclude.
[2026-09-08 18:55:47] [SPAMMY] resolve queries> Query Filter: Excluding by constraints tags contain=modeleditor|modelgenerator.
[2026-09-08 18:55:47] [SPAMMIER] resolve queries> Query Filter: C:\Users\rafar\.codeql\packages\codeql\python-queries\1.8.9\Expressions\UseofInput.ql failed 'tags contain` constraint [security, correctness, external/cwe/cwe-094, external/cwe/cwe-095]
[2026-09-08 18:55:47] [SPAMMIER] resolve queries> Query Filter: C:\Users\rafar\.codeql\packages\codeql\python-queries\1.8.9\Security\CVE-2018-1281\BindToAllInterfaces.ql failed 'tags contain` constraint [security, external/cwe/cwe-200]
[2026-09-08 18:55:47] [SPAMMIER] resolve queries> Query Filter: C:\Users\rafar\.codeql\packages\codeql\python-queries\1.8.9\Security\CWE-020\CookieInjection.ql failed 'tags contain` constraint [security, external/cwe/cwe-020]
[2026-09-08 18:55:47] [SPAMMIER] resolve queries> Query Filter: C:\Users\rafar\.codeql\packages\codeql\python-queries\1.8.9\Security\CWE-020\IncompleteHostnameRegExp.ql failed 'tags contain` constraint [correctness, security, external/cwe/cwe-020]
[2026-09-08 18:55:47] [SPAMMIER] resolve queries> Query Filter: C:\Users\rafar\.codeql\packages\codeql\python-queries\1.8.9\Security\CWE-020\IncompleteUrlSubstringSanitization.ql failed 'tags contain` constraint [correctness, security, external/cwe/cwe-020]
[2026-09-08 18:55:47] [SPAMMIER] resolve queries> Query Filter: C:\Users\rafar\.codeql\packages\codeql\python-queries\1.8.9\Security\CWE-020\OverlyLargeRange.ql failed 'tags contain` constraint [correctness, security, external/cwe/cwe-020]
[2026-09-08 18:55:47] [SPAMMIER] resolve queries> Query Filter: C:\Users\rafar\.codeql\packages\codeql\python-queries\1.8.9\Security\CWE-022\PathInjection.ql failed 'tags contain` constraint [correctness, security, external/cwe/cwe-022, external/cwe/cwe-023, external/cwe/cwe-036, external/cwe/cwe-073, external/cwe/cwe-099]
[2026-09-08 18:55:47] [SPAMMIER] resolve queries> Query Filter: C:\Users\rafar\.codeql\packages\codeql\python-queries\1.8.9\Security\CWE-074\TemplateInjection.ql failed 'tags contain` constraint [security, external/cwe/cwe-074]
[2026-09-08 18:55:47] [SPAMMIER] resolve queries> Query Filter: C:\Users\rafar\.codeql\packages\codeql\python-queries\1.8.9\Security\CWE-078\CommandInjection.ql failed 'tags contain` constraint [correctness, security, external/cwe/cwe-078, external/cwe/cwe-088]
[2026-09-08 18:55:47] [SPAMMIER] resolve queries> Query Filter: C:\Users\rafar\.codeql\packages\codeql\python-queries\1.8.9\Security\CWE-079\ReflectedXss.ql failed 'tags contain` constraint [security, external/cwe/cwe-079, external/cwe/cwe-116]
[2026-09-08 18:55:47] [SPAMMIER] resolve queries> Query Filter: C:\Users\rafar\.codeql\packages\codeql\python-queries\1.8.9\Security\CWE-089\SqlInjection.ql failed 'tags contain` constraint [security, external/cwe/cwe-089]
[2026-09-08 18:55:47] [SPAMMIER] resolve queries> Query Filter: C:\Users\rafar\.codeql\packages\codeql\python-queries\1.8.9\Security\CWE-090\LdapInjection.ql failed 'tags contain` constraint [security, external/cwe/cwe-090]
[2026-09-08 18:55:47] [SPAMMIER] resolve queries> Query Filter: C:\Users\rafar\.codeql\packages\codeql\python-queries\1.8.9\Security\CWE-094\CodeInjection.ql failed 'tags contain` constraint [security, external/cwe/cwe-094, external/cwe/cwe-095, external/cwe/cwe-116]
[2026-09-08 18:55:47] [SPAMMIER] resolve queries> Query Filter: C:\Users\rafar\.codeql\packages\codeql\python-queries\1.8.9\Security\CWE-1004\NonHttpOnlyCookie.ql failed 'tags contain` constraint [security, external/cwe/cwe-1004]
[2026-09-08 18:55:47] [SPAMMIER] resolve queries> Query Filter: C:\Users\rafar\.codeql\packages\codeql\python-queries\1.8.9\Security\CWE-113\HeaderInjection.ql failed 'tags contain` constraint [security, external/cwe/cwe-113, external/cwe/cwe-079]
[2026-09-08 18:55:47] [SPAMMIER] resolve queries> Query Filter: C:\Users\rafar\.codeql\packages\codeql\python-queries\1.8.9\Security\CWE-116\BadTagFilter.ql failed 'tags contain` constraint [correctness, security, external/cwe/cwe-116, external/cwe/cwe-020, external/cwe/cwe-185, external/cwe/cwe-186]
[2026-09-08 18:55:47] [SPAMMIER] resolve queries> Query Filter: C:\Users\rafar\.codeql\packages\codeql\python-queries\1.8.9\Security\CWE-1275\SameSiteNoneCookie.ql failed 'tags contain` constraint [security, external/cwe/cwe-1275]
[2026-09-08 18:55:47] [SPAMMIER] resolve queries> Query Filter: C:\Users\rafar\.codeql\packages\codeql\python-queries\1.8.9\Security\CWE-209\StackTraceExposure.ql failed 'tags contain` constraint [security, external/cwe/cwe-209, external/cwe/cwe-497]
[2026-09-08 18:55:47] [SPAMMIER] resolve queries> Query Filter: C:\Users\rafar\.codeql\packages\codeql\python-queries\1.8.9\Security\CWE-215\FlaskDebug.ql failed 'tags contain` constraint [security, external/cwe/cwe-215, external/cwe/cwe-489]
[2026-09-08 18:55:47] [SPAMMIER] resolve queries> Query Filter: C:\Users\rafar\.codeql\packages\codeql\python-queries\1.8.9\Security\CWE-285\PamAuthorization.ql failed 'tags contain` constraint [security, external/cwe/cwe-285]
[2026-09-08 18:55:47] [SPAMMIER] resolve queries> Query Filter: C:\Users\rafar\.codeql\packages\codeql\python-queries\1.8.9\Security\CWE-295\MissingHostKeyValidation.ql failed 'tags contain` constraint [security, external/cwe/cwe-295]
[2026-09-08 18:55:47] [SPAMMIER] resolve queries> Query Filter: C:\Users\rafar\.codeql\packages\codeql\python-queries\1.8.9\Security\CWE-312\CleartextLogging.ql failed 'tags contain` constraint [security, external/cwe/cwe-312, external/cwe/cwe-359, external/cwe/cwe-532]
[2026-09-08 18:55:47] [SPAMMIER] resolve queries> Query Filter: C:\Users\rafar\.codeql\packages\codeql\python-queries\1.8.9\Security\CWE-312\CleartextStorage.ql failed 'tags contain` constraint [security, external/cwe/cwe-312, external/cwe/cwe-315, external/cwe/cwe-359]
[2026-09-08 18:55:47] [SPAMMIER] resolve queries> Query Filter: C:\Users\rafar\.codeql\packages\codeql\python-queries\1.8.9\Security\CWE-326\WeakCryptoKey.ql failed 'tags contain` constraint [security, external/cwe/cwe-326]
[2026-09-08 18:55:47] [SPAMMIER] resolve queries> Query Filter: C:\Users\rafar\.codeql\packages\codeql\python-queries\1.8.9\Security\CWE-327\BrokenCryptoAlgorithm.ql failed 'tags contain` constraint [security, external/cwe/cwe-327]
[2026-09-08 18:55:47] [SPAMMIER] resolve queries> Query Filter: C:\Users\rafar\.codeql\packages\codeql\python-queries\1.8.9\Security\CWE-327\InsecureDefaultProtocol.ql failed 'tags contain` constraint [security, external/cwe/cwe-327]
[2026-09-08 18:55:47] [SPAMMIER] resolve queries> Query Filter: C:\Users\rafar\.codeql\packages\codeql\python-queries\1.8.9\Security\CWE-327\InsecureProtocol.ql failed 'tags contain` constraint [security, external/cwe/cwe-327]
[2026-09-08 18:55:47] [SPAMMIER] resolve queries> Query Filter: C:\Users\rafar\.codeql\packages\codeql\python-queries\1.8.9\Security\CWE-327\WeakSensitiveDataHashing.ql failed 'tags contain` constraint [security, external/cwe/cwe-327, external/cwe/cwe-328, external/cwe/cwe-916]
[2026-09-08 18:55:47] [SPAMMIER] resolve queries> Query Filter: C:\Users\rafar\.codeql\packages\codeql\python-queries\1.8.9\Security\CWE-352\CSRFProtectionDisabled.ql failed 'tags contain` constraint [security, external/cwe/cwe-352]
[2026-09-08 18:55:47] [SPAMMIER] resolve queries> Query Filter: C:\Users\rafar\.codeql\packages\codeql\python-queries\1.8.9\Security\CWE-377\InsecureTemporaryFile.ql failed 'tags contain` constraint [external/cwe/cwe-377, security]
[2026-09-08 18:55:47] [SPAMMIER] resolve queries> Query Filter: C:\Users\rafar\.codeql\packages\codeql\python-queries\1.8.9\Security\CWE-502\UnsafeDeserialization.ql failed 'tags contain` constraint [external/cwe/cwe-502, security, serialization]
[2026-09-08 18:55:47] [SPAMMIER] resolve queries> Query Filter: C:\Users\rafar\.codeql\packages\codeql\python-queries\1.8.9\Security\CWE-601\UrlRedirect.ql failed 'tags contain` constraint [security, external/cwe/cwe-601]
[2026-09-08 18:55:47] [SPAMMIER] resolve queries> Query Filter: C:\Users\rafar\.codeql\packages\codeql\python-queries\1.8.9\Security\CWE-611\Xxe.ql failed 'tags contain` constraint [security, external/cwe/cwe-611, external/cwe/cwe-827]
[2026-09-08 18:55:47] [SPAMMIER] resolve queries> Query Filter: C:\Users\rafar\.codeql\packages\codeql\python-queries\1.8.9\Security\CWE-614\InsecureCookie.ql failed 'tags contain` constraint [security, external/cwe/cwe-614]
[2026-09-08 18:55:47] [SPAMMIER] resolve queries> Query Filter: C:\Users\rafar\.codeql\packages\codeql\python-queries\1.8.9\Security\CWE-643\XpathInjection.ql failed 'tags contain` constraint [security, external/cwe/cwe-643]
[2026-09-08 18:55:47] [SPAMMIER] resolve queries> Query Filter: C:\Users\rafar\.codeql\packages\codeql\python-queries\1.8.9\Security\CWE-730\PolynomialReDoS.ql failed 'tags contain` constraint [security, external/cwe/cwe-1333, external/cwe/cwe-730, external/cwe/cwe-400]
[2026-09-08 18:55:47] [SPAMMIER] resolve queries> Query Filter: C:\Users\rafar\.codeql\packages\codeql\python-queries\1.8.9\Security\CWE-730\ReDoS.ql failed 'tags contain` constraint [security, external/cwe/cwe-1333, external/cwe/cwe-730, external/cwe/cwe-400]
[2026-09-08 18:55:47] [SPAMMIER] resolve queries> Query Filter: C:\Users\rafar\.codeql\packages\codeql\python-queries\1.8.9\Security\CWE-730\RegexInjection.ql failed 'tags contain` constraint [security, external/cwe/cwe-730, external/cwe/cwe-400]
[2026-09-08 18:55:47] [SPAMMIER] resolve queries> Query Filter: C:\Users\rafar\.codeql\packages\codeql\python-queries\1.8.9\Security\CWE-776\XmlBomb.ql failed 'tags contain` constraint [security, external/cwe/cwe-776, external/cwe/cwe-400]
[2026-09-08 18:55:47] [SPAMMIER] resolve queries> Query Filter: C:\Users\rafar\.codeql\packages\codeql\python-queries\1.8.9\Security\CWE-918\FullServerSideRequestForgery.ql failed 'tags contain` constraint [security, external/cwe/cwe-918]
[2026-09-08 18:55:47] [SPAMMIER] resolve queries> Query Filter: C:\Users\rafar\.codeql\packages\codeql\python-queries\1.8.9\Security\CWE-943\NoSqlInjection.ql failed 'tags contain` constraint [security, external/cwe/cwe-943]
[2026-09-08 18:55:47] [SPAMMIER] resolve queries> Query Filter: C:\Users\rafar\.codeql\packages\codeql\python-queries\1.8.9\Security\CWE-022\TarSlip.ql failed 'tags contain` constraint [security, external/cwe/cwe-022]
[2026-09-08 18:55:47] [SPAMMIER] resolve queries> Query Filter: C:\Users\rafar\.codeql\packages\codeql\python-queries\1.8.9\Security\CWE-078\UnsafeShellCommandConstruction.ql failed 'tags contain` constraint [correctness, security, external/cwe/cwe-078, external/cwe/cwe-088, external/cwe/cwe-073]
[2026-09-08 18:55:47] [SPAMMIER] resolve queries> Query Filter: C:\Users\rafar\.codeql\packages\codeql\python-queries\1.8.9\Security\CWE-079\Jinja2WithoutEscaping.ql failed 'tags contain` constraint [security, external/cwe/cwe-079]
[2026-09-08 18:55:47] [SPAMMIER] resolve queries> Query Filter: C:\Users\rafar\.codeql\packages\codeql\python-queries\1.8.9\Security\CWE-117\LogInjection.ql failed 'tags contain` constraint [security, external/cwe/cwe-117]
[2026-09-08 18:55:47] [SPAMMIER] resolve queries> Query Filter: C:\Users\rafar\.codeql\packages\codeql\python-queries\1.8.9\Security\CWE-295\RequestWithoutValidation.ql failed 'tags contain` constraint [security, external/cwe/cwe-295]
[2026-09-08 18:55:47] [SPAMMIER] resolve queries> Query Filter: C:\Users\rafar\.codeql\packages\codeql\python-queries\1.8.9\Security\CWE-732\WeakFilePermissions.ql failed 'tags contain` constraint [external/cwe/cwe-732, security]
[2026-09-08 18:55:47] [SPAMMIER] resolve queries> Query Filter: C:\Users\rafar\.codeql\packages\codeql\python-queries\1.8.9\Security\CWE-918\PartialServerSideRequestForgery.ql failed 'tags contain` constraint [security, external/cwe/cwe-918]
[2026-09-08 18:55:47] [SPAMMIER] resolve queries> Query Filter: C:\Users\rafar\.codeql\packages\codeql\python-queries\1.8.9\Diagnostics\ExtractedFiles.ql failed 'tags contain` constraint [successfully-extracted-files]
[2026-09-08 18:55:47] [SPAMMIER] resolve queries> Query Filter: C:\Users\rafar\.codeql\packages\codeql\python-queries\1.8.9\Diagnostics\ExtractionWarnings.ql failed 'tags contain` constraint []
[2026-09-08 18:55:47] [SPAMMIER] resolve queries> Query Filter: C:\Users\rafar\.codeql\packages\codeql\python-queries\1.8.9\Summary\LinesOfCode.ql failed 'tags contain` constraint [summary, telemetry]
[2026-09-08 18:55:47] [SPAMMIER] resolve queries> Query Filter: C:\Users\rafar\.codeql\packages\codeql\python-queries\1.8.9\Summary\LinesOfUserCode.ql failed 'tags contain` constraint [summary, lines-of-code, debug]
[2026-09-08 18:55:47] [SPAMMY] resolve queries> Applying nested suite file 'C:\Users\rafar\.codeql\packages\codeql\python-queries\1.8.9\.codeql\libraries\codeql\suite-helpers\1.0.56\security-extended-selectors.yml'.
[2026-09-08 18:55:47] [SPAMMY] resolve queries> Applying nested suite file 'C:\Users\rafar\.codeql\packages\codeql\python-queries\1.8.9\codeql-suites\python-security-extended.qls'.
[2026-09-08 18:55:47] [DETAILS] resolve queries> Got 52 queries from D:\Repositorios\VulnerableApp.
[2026-09-08 18:55:47] Plumbing command codeql resolve queries completed:
                      [
                        "C:\\Users\\rafar\\.codeql\\packages\\codeql\\python-queries\\1.8.9\\Expressions\\UseofInput.ql",
                        "C:\\Users\\rafar\\.codeql\\packages\\codeql\\python-queries\\1.8.9\\Security\\CVE-2018-1281\\BindToAllInterfaces.ql",
                        "C:\\Users\\rafar\\.codeql\\packages\\codeql\\python-queries\\1.8.9\\Security\\CWE-020\\CookieInjection.ql",
                        "C:\\Users\\rafar\\.codeql\\packages\\codeql\\python-queries\\1.8.9\\Security\\CWE-020\\IncompleteHostnameRegExp.ql",
                        "C:\\Users\\rafar\\.codeql\\packages\\codeql\\python-queries\\1.8.9\\Security\\CWE-020\\IncompleteUrlSubstringSanitization.ql",
                        "C:\\Users\\rafar\\.codeql\\packages\\codeql\\python-queries\\1.8.9\\Security\\CWE-020\\OverlyLargeRange.ql",
                        "C:\\Users\\rafar\\.codeql\\packages\\codeql\\python-queries\\1.8.9\\Security\\CWE-022\\PathInjection.ql",
                        "C:\\Users\\rafar\\.codeql\\packages\\codeql\\python-queries\\1.8.9\\Security\\CWE-074\\TemplateInjection.ql",
                        "C:\\Users\\rafar\\.codeql\\packages\\codeql\\python-queries\\1.8.9\\Security\\CWE-078\\CommandInjection.ql",
                        "C:\\Users\\rafar\\.codeql\\packages\\codeql\\python-queries\\1.8.9\\Security\\CWE-079\\ReflectedXss.ql",
                        "C:\\Users\\rafar\\.codeql\\packages\\codeql\\python-queries\\1.8.9\\Security\\CWE-089\\SqlInjection.ql",
                        "C:\\Users\\rafar\\.codeql\\packages\\codeql\\python-queries\\1.8.9\\Security\\CWE-090\\LdapInjection.ql",
                        "C:\\Users\\rafar\\.codeql\\packages\\codeql\\python-queries\\1.8.9\\Security\\CWE-094\\CodeInjection.ql",
                        "C:\\Users\\rafar\\.codeql\\packages\\codeql\\python-queries\\1.8.9\\Security\\CWE-1004\\NonHttpOnlyCookie.ql",
                        "C:\\Users\\rafar\\.codeql\\packages\\codeql\\python-queries\\1.8.9\\Security\\CWE-113\\HeaderInjection.ql",
                        "C:\\Users\\rafar\\.codeql\\packages\\codeql\\python-queries\\1.8.9\\Security\\CWE-116\\BadTagFilter.ql",
                        "C:\\Users\\rafar\\.codeql\\packages\\codeql\\python-queries\\1.8.9\\Security\\CWE-1275\\SameSiteNoneCookie.ql",
                        "C:\\Users\\rafar\\.codeql\\packages\\codeql\\python-queries\\1.8.9\\Security\\CWE-209\\StackTraceExposure.ql",
                        "C:\\Users\\rafar\\.codeql\\packages\\codeql\\python-queries\\1.8.9\\Security\\CWE-215\\FlaskDebug.ql",
                        "C:\\Users\\rafar\\.codeql\\packages\\codeql\\python-queries\\1.8.9\\Security\\CWE-285\\PamAuthorization.ql",
                        "C:\\Users\\rafar\\.codeql\\packages\\codeql\\python-queries\\1.8.9\\Security\\CWE-295\\MissingHostKeyValidation.ql",
                        "C:\\Users\\rafar\\.codeql\\packages\\codeql\\python-queries\\1.8.9\\Security\\CWE-312\\CleartextLogging.ql",
                        "C:\\Users\\rafar\\.codeql\\packages\\codeql\\python-queries\\1.8.9\\Security\\CWE-312\\CleartextStorage.ql",
                        "C:\\Users\\rafar\\.codeql\\packages\\codeql\\python-queries\\1.8.9\\Security\\CWE-326\\WeakCryptoKey.ql",
                        "C:\\Users\\rafar\\.codeql\\packages\\codeql\\python-queries\\1.8.9\\Security\\CWE-327\\BrokenCryptoAlgorithm.ql",
                        "C:\\Users\\rafar\\.codeql\\packages\\codeql\\python-queries\\1.8.9\\Security\\CWE-327\\InsecureDefaultProtocol.ql",
                        "C:\\Users\\rafar\\.codeql\\packages\\codeql\\python-queries\\1.8.9\\Security\\CWE-327\\InsecureProtocol.ql",
                        "C:\\Users\\rafar\\.codeql\\packages\\codeql\\python-queries\\1.8.9\\Security\\CWE-327\\WeakSensitiveDataHashing.ql",
                        "C:\\Users\\rafar\\.codeql\\packages\\codeql\\python-queries\\1.8.9\\Security\\CWE-352\\CSRFProtectionDisabled.ql",
                        "C:\\Users\\rafar\\.codeql\\packages\\codeql\\python-queries\\1.8.9\\Security\\CWE-377\\InsecureTemporaryFile.ql",
                        "C:\\Users\\rafar\\.codeql\\packages\\codeql\\python-queries\\1.8.9\\Security\\CWE-502\\UnsafeDeserialization.ql",
                        "C:\\Users\\rafar\\.codeql\\packages\\codeql\\python-queries\\1.8.9\\Security\\CWE-601\\UrlRedirect.ql",
                        "C:\\Users\\rafar\\.codeql\\packages\\codeql\\python-queries\\1.8.9\\Security\\CWE-611\\Xxe.ql",
                        "C:\\Users\\rafar\\.codeql\\packages\\codeql\\python-queries\\1.8.9\\Security\\CWE-614\\InsecureCookie.ql",
                        "C:\\Users\\rafar\\.codeql\\packages\\codeql\\python-queries\\1.8.9\\Security\\CWE-643\\XpathInjection.ql",
                        "C:\\Users\\rafar\\.codeql\\packages\\codeql\\python-queries\\1.8.9\\Security\\CWE-730\\PolynomialReDoS.ql",
                        "C:\\Users\\rafar\\.codeql\\packages\\codeql\\python-queries\\1.8.9\\Security\\CWE-730\\ReDoS.ql",
                        "C:\\Users\\rafar\\.codeql\\packages\\codeql\\python-queries\\1.8.9\\Security\\CWE-730\\RegexInjection.ql",
                        "C:\\Users\\rafar\\.codeql\\packages\\codeql\\python-queries\\1.8.9\\Security\\CWE-776\\XmlBomb.ql",
                        "C:\\Users\\rafar\\.codeql\\packages\\codeql\\python-queries\\1.8.9\\Security\\CWE-918\\FullServerSideRequestForgery.ql",
                        "C:\\Users\\rafar\\.codeql\\packages\\codeql\\python-queries\\1.8.9\\Security\\CWE-943\\NoSqlInjection.ql",
                        "C:\\Users\\rafar\\.codeql\\packages\\codeql\\python-queries\\1.8.9\\Security\\CWE-022\\TarSlip.ql",
                        "C:\\Users\\rafar\\.codeql\\packages\\codeql\\python-queries\\1.8.9\\Security\\CWE-078\\UnsafeShellCommandConstruction.ql",
                        "C:\\Users\\rafar\\.codeql\\packages\\codeql\\python-queries\\1.8.9\\Security\\CWE-079\\Jinja2WithoutEscaping.ql",
                        "C:\\Users\\rafar\\.codeql\\packages\\codeql\\python-queries\\1.8.9\\Security\\CWE-117\\LogInjection.ql",
                        "C:\\Users\\rafar\\.codeql\\packages\\codeql\\python-queries\\1.8.9\\Security\\CWE-295\\RequestWithoutValidation.ql",
                        "C:\\Users\\rafar\\.codeql\\packages\\codeql\\python-queries\\1.8.9\\Security\\CWE-732\\WeakFilePermissions.ql",
                        "C:\\Users\\rafar\\.codeql\\packages\\codeql\\python-queries\\1.8.9\\Security\\CWE-918\\PartialServerSideRequestForgery.ql",
                        "C:\\Users\\rafar\\.codeql\\packages\\codeql\\python-queries\\1.8.9\\Diagnostics\\ExtractedFiles.ql",
                        "C:\\Users\\rafar\\.codeql\\packages\\codeql\\python-queries\\1.8.9\\Diagnostics\\ExtractionWarnings.ql",
                        "C:\\Users\\rafar\\.codeql\\packages\\codeql\\python-queries\\1.8.9\\Summary\\LinesOfCode.ql",
                        "C:\\Users\\rafar\\.codeql\\packages\\codeql\\python-queries\\1.8.9\\Summary\\LinesOfUserCode.ql"
                      ]
[2026-09-08 18:55:47] [PROGRESS] database interpret-results> Resolving extensions
[2026-09-08 18:55:47] Calling plumbing command: codeql resolve extensions --qlconfig-file=D:\Repositorios\VulnerableApp\qlconfig.yml codeql/python-queries:codeql-suites/python-security-extended.qls
[2026-09-08 18:55:47] Calling plumbing command: codeql resolve queries --qlconfig-file=D:\Repositorios\VulnerableApp\qlconfig.yml --allow-library-packs --format startingpacks -- codeql/python-queries:codeql-suites/python-security-extended.qls
[2026-09-08 18:55:47] [PROGRESS] resolve queries> Recording pack reference codeql/python-queries at C:\Users\rafar\.codeql\packages\codeql\python-queries\1.8.9.
[2026-09-08 18:55:47] [SPAMMIER] resolve queries> Resolution instruction: apply 'codeql-suites\python-security-extended.qls'.
[2026-09-08 18:55:47] [SPAMMY] resolve queries> Applying nested suite file C:\Users\rafar\.codeql\packages\codeql\python-queries\1.8.9\codeql-suites\python-security-extended.qls from codeql/python-queries.
[2026-09-08 18:55:47] [SPAMMY] resolve queries> Suite description = Security-extended queries for Python
[2026-09-08 18:55:47] [SPAMMIER] resolve queries> Resolution instruction: queries '.'.
[2026-09-08 18:55:47] [SPAMMY] resolve queries> Scanning for QL files at C:\Users\rafar\.codeql\packages\codeql\python-queries\1.8.9.
[2026-09-08 18:55:47] [SPAMMY] resolve queries> Not recursing into codeql binaries directory C:\Users\rafar\.codeql\packages\codeql\python-queries\1.8.9\.codeql.
[2026-09-08 18:55:47] [SPAMMY] resolve queries> Found 352 QL files in C:\Users\rafar\.codeql\packages\codeql\python-queries\1.8.9.
[2026-09-08 18:55:47] [SPAMMIER] resolve queries> Resolution instruction: apply 'security-extended-selectors.yml'.
[2026-09-08 18:55:47] [INCOMPATIBILITY] codeql/python-queries: not 1.8.9 {root: codeql/python-queries@1.8.9}
[2026-09-08 18:55:47] [DERIVATION] codeql/python-queries: 1.8.9 {codeql/python-queries: not 1.8.9 {root: codeql/python-queries@1.8.9}}
[2026-09-08 18:55:47] [INCOMPATIBILITY] codeql/python-queries: * [*], codeql/python-all: not * [*] {dependency: codeql/python-queries@* [*] requires codeql/python-all@7.2.4}
[2026-09-08 18:55:47] [INCOMPATIBILITY] codeql/python-queries: * [*], codeql/suite-helpers: not * [*] {dependency: codeql/python-queries@* [*] requires codeql/suite-helpers@1.0.56}
[2026-09-08 18:55:47] [DECISION 1] codeql/python-queries: 1.8.9
[2026-09-08 18:55:47] [DERIVATION] codeql/suite-helpers: * [*] {codeql/python-queries: * [*], codeql/suite-helpers: not * [*] {dependency: codeql/python-queries@* [*] requires codeql/suite-helpers@1.0.56}}
[2026-09-08 18:55:47] [DERIVATION] codeql/python-all: * [*] {codeql/python-queries: * [*], codeql/python-all: not * [*] {dependency: codeql/python-queries@* [*] requires codeql/python-all@7.2.4}}
[2026-09-08 18:55:47] [INCOMPATIBILITY] codeql/python-all: * [*], codeql/concepts: not * [*] {dependency: codeql/python-all@* [*] requires codeql/concepts@0.0.30}
[2026-09-08 18:55:47] [INCOMPATIBILITY] codeql/python-all: * [*], codeql/dataflow: not * [*] {dependency: codeql/python-all@* [*] requires codeql/dataflow@2.1.12}
[2026-09-08 18:55:47] [INCOMPATIBILITY] codeql/python-all: * [*], codeql/mad: not * [*] {dependency: codeql/python-all@* [*] requires codeql/mad@1.0.56}
[2026-09-08 18:55:47] [INCOMPATIBILITY] codeql/python-all: * [*], codeql/regex: not * [*] {dependency: codeql/python-all@* [*] requires codeql/regex@1.0.56}
[2026-09-08 18:55:47] [INCOMPATIBILITY] codeql/python-all: * [*], codeql/threat-models: not * [*] {dependency: codeql/python-all@* [*] requires codeql/threat-models@1.0.56}
[2026-09-08 18:55:47] [INCOMPATIBILITY] codeql/python-all: * [*], codeql/tutorial: not * [*] {dependency: codeql/python-all@* [*] requires codeql/tutorial@1.0.56}
[2026-09-08 18:55:47] [INCOMPATIBILITY] codeql/python-all: * [*], codeql/util: not * [*] {dependency: codeql/python-all@* [*] requires codeql/util@2.0.43}
[2026-09-08 18:55:47] [INCOMPATIBILITY] codeql/python-all: * [*], codeql/xml: not * [*] {dependency: codeql/python-all@* [*] requires codeql/xml@1.0.56}
[2026-09-08 18:55:47] [INCOMPATIBILITY] codeql/python-all: * [*], codeql/yaml: not * [*] {dependency: codeql/python-all@* [*] requires codeql/yaml@1.0.56}
[2026-09-08 18:55:47] [DECISION 2] codeql/python-all: 7.2.4
[2026-09-08 18:55:47] [DERIVATION] codeql/yaml: * [*] {codeql/python-all: * [*], codeql/yaml: not * [*] {dependency: codeql/python-all@* [*] requires codeql/yaml@1.0.56}}
[2026-09-08 18:55:47] [DERIVATION] codeql/xml: * [*] {codeql/python-all: * [*], codeql/xml: not * [*] {dependency: codeql/python-all@* [*] requires codeql/xml@1.0.56}}
[2026-09-08 18:55:47] [DERIVATION] codeql/util: * [*] {codeql/python-all: * [*], codeql/util: not * [*] {dependency: codeql/python-all@* [*] requires codeql/util@2.0.43}}
[2026-09-08 18:55:47] [DERIVATION] codeql/tutorial: * [*] {codeql/python-all: * [*], codeql/tutorial: not * [*] {dependency: codeql/python-all@* [*] requires codeql/tutorial@1.0.56}}
[2026-09-08 18:55:47] [DERIVATION] codeql/threat-models: * [*] {codeql/python-all: * [*], codeql/threat-models: not * [*] {dependency: codeql/python-all@* [*] requires codeql/threat-models@1.0.56}}
[2026-09-08 18:55:47] [DERIVATION] codeql/regex: * [*] {codeql/python-all: * [*], codeql/regex: not * [*] {dependency: codeql/python-all@* [*] requires codeql/regex@1.0.56}}
[2026-09-08 18:55:47] [DERIVATION] codeql/mad: * [*] {codeql/python-all: * [*], codeql/mad: not * [*] {dependency: codeql/python-all@* [*] requires codeql/mad@1.0.56}}
[2026-09-08 18:55:47] [DERIVATION] codeql/dataflow: * [*] {codeql/python-all: * [*], codeql/dataflow: not * [*] {dependency: codeql/python-all@* [*] requires codeql/dataflow@2.1.12}}
[2026-09-08 18:55:47] [DERIVATION] codeql/concepts: * [*] {codeql/python-all: * [*], codeql/concepts: not * [*] {dependency: codeql/python-all@* [*] requires codeql/concepts@0.0.30}}
[2026-09-08 18:55:47] [INCOMPATIBILITY] codeql/concepts: * [*], codeql/dataflow: not * [*] {dependency: codeql/concepts@* [*] requires codeql/dataflow@2.1.12}
[2026-09-08 18:55:47] [INCOMPATIBILITY] codeql/concepts: * [*], codeql/util: not * [*] {dependency: codeql/concepts@* [*] requires codeql/util@2.0.43}
[2026-09-08 18:55:47] [DECISION 3] codeql/concepts: 0.0.30
[2026-09-08 18:55:47] [INCOMPATIBILITY] codeql/dataflow: * [*], codeql/controlflow: not * [*] {dependency: codeql/dataflow@* [*] requires codeql/controlflow@2.0.40}
[2026-09-08 18:55:47] [INCOMPATIBILITY] codeql/dataflow: * [*], codeql/ssa: not * [*] {dependency: codeql/dataflow@* [*] requires codeql/ssa@2.0.32}
[2026-09-08 18:55:47] [INCOMPATIBILITY] codeql/dataflow: * [*], codeql/typetracking: not * [*] {dependency: codeql/dataflow@* [*] requires codeql/typetracking@2.0.40}
[2026-09-08 18:55:47] [INCOMPATIBILITY] codeql/dataflow: * [*], codeql/util: not * [*] {dependency: codeql/dataflow@* [*] requires codeql/util@2.0.43}
[2026-09-08 18:55:47] [DECISION 4] codeql/dataflow: 2.1.12
[2026-09-08 18:55:47] [DERIVATION] codeql/typetracking: * [*] {codeql/dataflow: * [*], codeql/typetracking: not * [*] {dependency: codeql/dataflow@* [*] requires codeql/typetracking@2.0.40}}
[2026-09-08 18:55:47] [DERIVATION] codeql/ssa: * [*] {codeql/dataflow: * [*], codeql/ssa: not * [*] {dependency: codeql/dataflow@* [*] requires codeql/ssa@2.0.32}}
[2026-09-08 18:55:47] [DERIVATION] codeql/controlflow: * [*] {codeql/dataflow: * [*], codeql/controlflow: not * [*] {dependency: codeql/dataflow@* [*] requires codeql/controlflow@2.0.40}}
[2026-09-08 18:55:47] [INCOMPATIBILITY] codeql/controlflow: * [*], codeql/util: not * [*] {dependency: codeql/controlflow@* [*] requires codeql/util@2.0.43}
[2026-09-08 18:55:47] [DECISION 5] codeql/controlflow: 2.0.40
[2026-09-08 18:55:47] [INCOMPATIBILITY] codeql/mad: * [*], codeql/dataflow: not * [*] {dependency: codeql/mad@* [*] requires codeql/dataflow@2.1.12}
[2026-09-08 18:55:47] [INCOMPATIBILITY] codeql/mad: * [*], codeql/util: not * [*] {dependency: codeql/mad@* [*] requires codeql/util@2.0.43}
[2026-09-08 18:55:47] [DECISION 6] codeql/mad: 1.0.56
[2026-09-08 18:55:47] [INCOMPATIBILITY] codeql/regex: * [*], codeql/util: not * [*] {dependency: codeql/regex@* [*] requires codeql/util@2.0.43}
[2026-09-08 18:55:47] [DECISION 7] codeql/regex: 1.0.56
[2026-09-08 18:55:47] [INCOMPATIBILITY] codeql/ssa: * [*], codeql/controlflow: not * [*] {dependency: codeql/ssa@* [*] requires codeql/controlflow@2.0.40}
[2026-09-08 18:55:47] [INCOMPATIBILITY] codeql/ssa: * [*], codeql/util: not * [*] {dependency: codeql/ssa@* [*] requires codeql/util@2.0.43}
[2026-09-08 18:55:47] [DECISION 8] codeql/ssa: 2.0.32
[2026-09-08 18:55:47] [DECISION 9] codeql/suite-helpers: 1.0.56
[2026-09-08 18:55:47] [DECISION 10] codeql/threat-models: 1.0.56
[2026-09-08 18:55:47] [DECISION 11] codeql/tutorial: 1.0.56
[2026-09-08 18:55:47] [INCOMPATIBILITY] codeql/typetracking: * [*], codeql/util: not * [*] {dependency: codeql/typetracking@* [*] requires codeql/util@2.0.43}
[2026-09-08 18:55:47] [DECISION 12] codeql/typetracking: 2.0.40
[2026-09-08 18:55:47] [DECISION 13] codeql/util: 2.0.43
[2026-09-08 18:55:47] [INCOMPATIBILITY] codeql/xml: * [*], codeql/util: not * [*] {dependency: codeql/xml@* [*] requires codeql/util@2.0.43}
[2026-09-08 18:55:47] [DECISION 14] codeql/xml: 1.0.56
[2026-09-08 18:55:47] [DECISION 15] codeql/yaml: 1.0.56
[2026-09-08 18:55:47] [PROGRESS] resolve queries> Recording pack reference codeql/suite-helpers at C:\Users\rafar\.codeql\packages\codeql\python-queries\1.8.9\.codeql\libraries\codeql\suite-helpers\1.0.56.
[2026-09-08 18:55:47] [SPAMMY] resolve queries> Applying nested suite file C:\Users\rafar\.codeql\packages\codeql\python-queries\1.8.9\.codeql\libraries\codeql\suite-helpers\1.0.56\security-extended-selectors.yml from codeql/suite-helpers.
[2026-09-08 18:55:47] [SPAMMY] resolve queries> Suite description = Selectors for selecting the security-extended queries for a language
[2026-09-08 18:55:47] [SPAMMIER] resolve queries> Resolution instruction: include.
[2026-09-08 18:55:47] [SPAMMY] resolve queries> Query Filter: Implicitly candidating C:\Users\rafar\.codeql\packages\codeql\python-queries\1.8.9\AlertSuppression.ql.
[2026-09-08 18:55:47] [SPAMMY] resolve queries> Query Filter: Implicitly candidating C:\Users\rafar\.codeql\packages\codeql\python-queries\1.8.9\analysis\CallGraphEfficiency.ql.
[2026-09-08 18:55:47] [SPAMMY] resolve queries> Query Filter: Implicitly candidating C:\Users\rafar\.codeql\packages\codeql\python-queries\1.8.9\analysis\CallGraphMarginalEfficiency.ql.
[2026-09-08 18:55:47] [SPAMMY] resolve queries> Query Filter: Implicitly candidating C:\Users\rafar\.codeql\packages\codeql\python-queries\1.8.9\analysis\Consistency.ql.
[2026-09-08 18:55:47] [SPAMMY] resolve queries> Query Filter: Implicitly candidating C:\Users\rafar\.codeql\packages\codeql\python-queries\1.8.9\analysis\ContextEfficiency.ql.
[2026-09-08 18:55:47] [SPAMMY] resolve queries> Query Filter: Implicitly candidating C:\Users\rafar\.codeql\packages\codeql\python-queries\1.8.9\analysis\ContextMarginalEfficiency.ql.
[2026-09-08 18:55:47] [SPAMMY] resolve queries> Query Filter: Implicitly candidating C:\Users\rafar\.codeql\packages\codeql\python-queries\1.8.9\analysis\Definitions.ql.
[2026-09-08 18:55:47] [SPAMMY] resolve queries> Query Filter: Implicitly candidating C:\Users\rafar\.codeql\packages\codeql\python-queries\1.8.9\analysis\Efficiency.ql.
[2026-09-08 18:55:47] [SPAMMY] resolve queries> Query Filter: Implicitly candidating C:\Users\rafar\.codeql\packages\codeql\python-queries\1.8.9\analysis\FailedInference.ql.
[2026-09-08 18:55:47] [SPAMMY] resolve queries> Query Filter: Implicitly candidating C:\Users\rafar\.codeql\packages\codeql\python-queries\1.8.9\analysis\ImportFailure.ql.
[2026-09-08 18:55:47] [SPAMMY] resolve queries> Query Filter: Implicitly candidating C:\Users\rafar\.codeql\packages\codeql\python-queries\1.8.9\analysis\KeyPointsToFailure.ql.
[2026-09-08 18:55:47] [SPAMMY] resolve queries> Query Filter: Implicitly candidating C:\Users\rafar\.codeql\packages\codeql\python-queries\1.8.9\analysis\PointsToFailure.ql.
[2026-09-08 18:55:47] [SPAMMY] resolve queries> Query Filter: Implicitly candidating C:\Users\rafar\.codeql\packages\codeql\python-queries\1.8.9\analysis\Pruned.ql.
[2026-09-08 18:55:47] [SPAMMY] resolve queries> Query Filter: Implicitly candidating C:\Users\rafar\.codeql\packages\codeql\python-queries\1.8.9\analysis\RatioOfDefinitions.ql.
[2026-09-08 18:55:47] [SPAMMY] resolve queries> Query Filter: Implicitly candidating C:\Users\rafar\.codeql\packages\codeql\python-queries\1.8.9\analysis\Summary.ql.
[2026-09-08 18:55:47] [SPAMMY] resolve queries> Query Filter: Implicitly candidating C:\Users\rafar\.codeql\packages\codeql\python-queries\1.8.9\analysis\TypeHierarchyFailure.ql.
[2026-09-08 18:55:47] [SPAMMY] resolve queries> Query Filter: Implicitly candidating C:\Users\rafar\.codeql\packages\codeql\python-queries\1.8.9\analysis\TypeInferenceFailure.ql.
[2026-09-08 18:55:47] [SPAMMY] resolve queries> Query Filter: Implicitly candidating C:\Users\rafar\.codeql\packages\codeql\python-queries\1.8.9\Classes\CallsToInitDel\MissingCallToDel.ql.
[2026-09-08 18:55:47] [SPAMMY] resolve queries> Query Filter: Implicitly candidating C:\Users\rafar\.codeql\packages\codeql\python-queries\1.8.9\Classes\CallsToInitDel\MissingCallToInit.ql.
[2026-09-08 18:55:47] [SPAMMY] resolve queries> Query Filter: Implicitly candidating C:\Users\rafar\.codeql\packages\codeql\python-queries\1.8.9\Classes\CallsToInitDel\SuperclassDelCalledMultipleTimes.ql.
[2026-09-08 18:55:47] [SPAMMY] resolve queries> Query Filter: Implicitly candidating C:\Users\rafar\.codeql\packages\codeql\python-queries\1.8.9\Classes\CallsToInitDel\SuperclassInitCalledMultipleTimes.ql.
[2026-09-08 18:55:47] [SPAMMY] resolve queries> Query Filter: Implicitly candidating C:\Users\rafar\.codeql\packages\codeql\python-queries\1.8.9\Classes\Comparisons\EqualsOrHash.ql.
[2026-09-08 18:55:47] [SPAMMY] resolve queries> Query Filter: Implicitly candidating C:\Users\rafar\.codeql\packages\codeql\python-queries\1.8.9\Classes\Comparisons\EqualsOrNotEquals.ql.
[2026-09-08 18:55:47] [SPAMMY] resolve queries> Query Filter: Implicitly candidating C:\Users\rafar\.codeql\packages\codeql\python-queries\1.8.9\Classes\Comparisons\IncompleteOrdering.ql.
[2026-09-08 18:55:47] [SPAMMY] resolve queries> Query Filter: Implicitly candidating C:\Users\rafar\.codeql\packages\codeql\python-queries\1.8.9\Classes\ConflictingAttributesInBaseClasses.ql.
[2026-09-08 18:55:47] [SPAMMY] resolve queries> Query Filter: Implicitly candidating C:\Users\rafar\.codeql\packages\codeql\python-queries\1.8.9\Classes\DefineEqualsWhenAddingAttributes.ql.
[2026-09-08 18:55:47] [SPAMMY] resolve queries> Query Filter: Implicitly candidating C:\Users\rafar\.codeql\packages\codeql\python-queries\1.8.9\Classes\InconsistentMRO.ql.
[2026-09-08 18:55:47] [SPAMMY] resolve queries> Query Filter: Implicitly candidating C:\Users\rafar\.codeql\packages\codeql\python-queries\1.8.9\Classes\InitCallsSubclass\InitCallsSubclassMethod.ql.
[2026-09-08 18:55:47] [SPAMMY] resolve queries> Query Filter: Implicitly candidating C:\Users\rafar\.codeql\packages\codeql\python-queries\1.8.9\Classes\MaybeUndefinedClassAttribute.ql.
[2026-09-08 18:55:47] [SPAMMY] resolve queries> Query Filter: Implicitly candidating C:\Users\rafar\.codeql\packages\codeql\python-queries\1.8.9\Classes\MutatingDescriptor.ql.
[2026-09-08 18:55:47] [SPAMMY] resolve queries> Query Filter: Implicitly candidating C:\Users\rafar\.codeql\packages\codeql\python-queries\1.8.9\Classes\OverwritingAttributeInSuperClass.ql.
[2026-09-08 18:55:47] [SPAMMY] resolve queries> Query Filter: Implicitly candidating C:\Users\rafar\.codeql\packages\codeql\python-queries\1.8.9\Classes\PropertyInOldStyleClass.ql.
[2026-09-08 18:55:47] [SPAMMY] resolve queries> Query Filter: Implicitly candidating C:\Users\rafar\.codeql\packages\codeql\python-queries\1.8.9\Classes\ShouldBeContextManager.ql.
[2026-09-08 18:55:47] [SPAMMY] resolve queries> Query Filter: Implicitly candidating C:\Users\rafar\.codeql\packages\codeql\python-queries\1.8.9\Classes\SlotsInOldStyleClass.ql.
[2026-09-08 18:55:47] [SPAMMY] resolve queries> Query Filter: Implicitly candidating C:\Users\rafar\.codeql\packages\codeql\python-queries\1.8.9\Classes\SubclassShadowing\SubclassShadowing.ql.
[2026-09-08 18:55:47] [SPAMMY] resolve queries> Query Filter: Implicitly candidating C:\Users\rafar\.codeql\packages\codeql\python-queries\1.8.9\Classes\SuperInOldStyleClass.ql.
[2026-09-08 18:55:47] [SPAMMY] resolve queries> Query Filter: Implicitly candidating C:\Users\rafar\.codeql\packages\codeql\python-queries\1.8.9\Classes\UndefinedClassAttribute.ql.
[2026-09-08 18:55:47] [SPAMMY] resolve queries> Query Filter: Implicitly candidating C:\Users\rafar\.codeql\packages\codeql\python-queries\1.8.9\Classes\UselessClass.ql.
[2026-09-08 18:55:47] [SPAMMY] resolve queries> Query Filter: Implicitly candidating C:\Users\rafar\.codeql\packages\codeql\python-queries\1.8.9\Classes\WrongNameForArgumentInClassInstantiation.ql.
[2026-09-08 18:55:47] [SPAMMY] resolve queries> Query Filter: Implicitly candidating C:\Users\rafar\.codeql\packages\codeql\python-queries\1.8.9\Classes\WrongNumberArgumentsInClassInstantiation.ql.
[2026-09-08 18:55:47] [SPAMMY] resolve queries> Query Filter: Implicitly candidating C:\Users\rafar\.codeql\packages\codeql\python-queries\1.8.9\Diagnostics\ExtractedFiles.ql.
[2026-09-08 18:55:47] [SPAMMY] resolve queries> Query Filter: Implicitly candidating C:\Users\rafar\.codeql\packages\codeql\python-queries\1.8.9\Diagnostics\ExtractionWarnings.ql.
[2026-09-08 18:55:47] [SPAMMY] resolve queries> Query Filter: Implicitly candidating C:\Users\rafar\.codeql\packages\codeql\python-queries\1.8.9\Exceptions\CatchingBaseException.ql.
[2026-09-08 18:55:47] [SPAMMY] resolve queries> Query Filter: Implicitly candidating C:\Users\rafar\.codeql\packages\codeql\python-queries\1.8.9\Exceptions\EmptyExcept.ql.
[2026-09-08 18:55:47] [SPAMMY] resolve queries> Query Filter: Implicitly candidating C:\Users\rafar\.codeql\packages\codeql\python-queries\1.8.9\Exceptions\IllegalExceptionHandlerType.ql.
[2026-09-08 18:55:47] [SPAMMY] resolve queries> Query Filter: Implicitly candidating C:\Users\rafar\.codeql\packages\codeql\python-queries\1.8.9\Exceptions\IllegalRaise.ql.
[2026-09-08 18:55:47] [SPAMMY] resolve queries> Query Filter: Implicitly candidating C:\Users\rafar\.codeql\packages\codeql\python-queries\1.8.9\Exceptions\IncorrectExceptOrder.ql.
[2026-09-08 18:55:47] [SPAMMY] resolve queries> Query Filter: Implicitly candidating C:\Users\rafar\.codeql\packages\codeql\python-queries\1.8.9\Exceptions\NotImplementedIsNotAnException.ql.
[2026-09-08 18:55:47] [SPAMMY] resolve queries> Query Filter: Implicitly candidating C:\Users\rafar\.codeql\packages\codeql\python-queries\1.8.9\Exceptions\RaisingTuple.ql.
[2026-09-08 18:55:47] [SPAMMY] resolve queries> Query Filter: Implicitly candidating C:\Users\rafar\.codeql\packages\codeql\python-queries\1.8.9\Exceptions\UnguardedNextInGenerator.ql.
[2026-09-08 18:55:47] [SPAMMY] resolve queries> Query Filter: Implicitly candidating C:\Users\rafar\.codeql\packages\codeql\python-queries\1.8.9\experimental\Classes\NamingConventionsClasses.ql.
[2026-09-08 18:55:47] [SPAMMY] resolve queries> Query Filter: Implicitly candidating C:\Users\rafar\.codeql\packages\codeql\python-queries\1.8.9\experimental\cryptography\example_alerts\UnknownAsymmetricKeyGen.ql.
[2026-09-08 18:55:47] [SPAMMY] resolve queries> Query Filter: Implicitly candidating C:\Users\rafar\.codeql\packages\codeql\python-queries\1.8.9\experimental\cryptography\example_alerts\WeakAsymmetricKeyGen.ql.
[2026-09-08 18:55:47] [SPAMMY] resolve queries> Query Filter: Implicitly candidating C:\Users\rafar\.codeql\packages\codeql\python-queries\1.8.9\experimental\cryptography\example_alerts\WeakAsymmetricPadding.ql.
[2026-09-08 18:55:47] [SPAMMY] resolve queries> Query Filter: Implicitly candidating C:\Users\rafar\.codeql\packages\codeql\python-queries\1.8.9\experimental\cryptography\example_alerts\WeakBlockMode.ql.
[2026-09-08 18:55:47] [SPAMMY] resolve queries> Query Filter: Implicitly candidating C:\Users\rafar\.codeql\packages\codeql\python-queries\1.8.9\experimental\cryptography\example_alerts\WeakBlockModeIVorNonce.ql.
[2026-09-08 18:55:47] [SPAMMY] resolve queries> Query Filter: Implicitly candidating C:\Users\rafar\.codeql\packages\codeql\python-queries\1.8.9\experimental\cryptography\example_alerts\WeakEllipticCurve.ql.
[2026-09-08 18:55:47] [SPAMMY] resolve queries> Query Filter: Implicitly candidating C:\Users\rafar\.codeql\packages\codeql\python-queries\1.8.9\experimental\cryptography\example_alerts\WeakHashes.ql.
[2026-09-08 18:55:47] [SPAMMY] resolve queries> Query Filter: Implicitly candidating C:\Users\rafar\.codeql\packages\codeql\python-queries\1.8.9\experimental\cryptography\example_alerts\WeakKDFAlgorithm.ql.
[2026-09-08 18:55:47] [SPAMMY] resolve queries> Query Filter: Implicitly candidating C:\Users\rafar\.codeql\packages\codeql\python-queries\1.8.9\experimental\cryptography\example_alerts\WeakKDFIteration.ql.
[2026-09-08 18:55:47] [SPAMMY] resolve queries> Query Filter: Implicitly candidating C:\Users\rafar\.codeql\packages\codeql\python-queries\1.8.9\experimental\cryptography\example_alerts\WeakKDFKeyLength.ql.
[2026-09-08 18:55:47] [SPAMMY] resolve queries> Query Filter: Implicitly candidating C:\Users\rafar\.codeql\packages\codeql\python-queries\1.8.9\experimental\cryptography\example_alerts\WeakKDFMode.ql.
[2026-09-08 18:55:47] [SPAMMY] resolve queries> Query Filter: Implicitly candidating C:\Users\rafar\.codeql\packages\codeql\python-queries\1.8.9\experimental\cryptography\example_alerts\WeakKDFSaltGen.ql.
[2026-09-08 18:55:47] [SPAMMY] resolve queries> Query Filter: Implicitly candidating C:\Users\rafar\.codeql\packages\codeql\python-queries\1.8.9\experimental\cryptography\example_alerts\WeakKDFSaltSize.ql.
[2026-09-08 18:55:47] [SPAMMY] resolve queries> Query Filter: Implicitly candidating C:\Users\rafar\.codeql\packages\codeql\python-queries\1.8.9\experimental\cryptography\example_alerts\WeakSymmetricEncryption.ql.
[2026-09-08 18:55:47] [SPAMMY] resolve queries> Query Filter: Implicitly candidating C:\Users\rafar\.codeql\packages\codeql\python-queries\1.8.9\experimental\cryptography\inventory\new_models\AllAsymmetricAlgorithms.ql.
[2026-09-08 18:55:47] [SPAMMY] resolve queries> Query Filter: Implicitly candidating C:\Users\rafar\.codeql\packages\codeql\python-queries\1.8.9\experimental\cryptography\inventory\new_models\AllCryptoAlgorithms.ql.
[2026-09-08 18:55:47] [SPAMMY] resolve queries> Query Filter: Implicitly candidating C:\Users\rafar\.codeql\packages\codeql\python-queries\1.8.9\experimental\cryptography\inventory\new_models\AsymmetricEncryptionAlgorithms.ql.
[2026-09-08 18:55:47] [SPAMMY] resolve queries> Query Filter: Implicitly candidating C:\Users\rafar\.codeql\packages\codeql\python-queries\1.8.9\experimental\cryptography\inventory\new_models\AsymmetricKeyGenOperation.ql.
[2026-09-08 18:55:47] [SPAMMY] resolve queries> Query Filter: Implicitly candidating C:\Users\rafar\.codeql\packages\codeql\python-queries\1.8.9\experimental\cryptography\inventory\new_models\AsymmetricPaddingAlgorithms.ql.
[2026-09-08 18:55:47] [SPAMMY] resolve queries> Query Filter: Implicitly candidating C:\Users\rafar\.codeql\packages\codeql\python-queries\1.8.9\experimental\cryptography\inventory\new_models\AuthenticatedEncryptionAlgorithms.ql.
[2026-09-08 18:55:47] [SPAMMY] resolve queries> Query Filter: Implicitly candidating C:\Users\rafar\.codeql\packages\codeql\python-queries\1.8.9\experimental\cryptography\inventory\new_models\BlockModeAlgorithms.ql.
[2026-09-08 18:55:47] [SPAMMY] resolve queries> Query Filter: Implicitly candidating C:\Users\rafar\.codeql\packages\codeql\python-queries\1.8.9\experimental\cryptography\inventory\new_models\BlockModeKnownIVsOrNonces.ql.
[2026-09-08 18:55:47] [SPAMMY] resolve queries> Query Filter: Implicitly candidating C:\Users\rafar\.codeql\packages\codeql\python-queries\1.8.9\experimental\cryptography\inventory\new_models\BlockModeUnknownIVsOrNonces.ql.
[2026-09-08 18:55:47] [SPAMMY] resolve queries> Query Filter: Implicitly candidating C:\Users\rafar\.codeql\packages\codeql\python-queries\1.8.9\experimental\cryptography\inventory\new_models\EllipticCurveAlgorithms.ql.
[2026-09-08 18:55:47] [SPAMMY] resolve queries> Query Filter: Implicitly candidating C:\Users\rafar\.codeql\packages\codeql\python-queries\1.8.9\experimental\cryptography\inventory\new_models\HashingAlgorithms.ql.
[2026-09-08 18:55:47] [SPAMMY] resolve queries> Query Filter: Implicitly candidating C:\Users\rafar\.codeql\packages\codeql\python-queries\1.8.9\experimental\cryptography\inventory\new_models\KeyDerivationAlgorithms.ql.
[2026-09-08 18:55:47] [SPAMMY] resolve queries> Query Filter: Implicitly candidating C:\Users\rafar\.codeql\packages\codeql\python-queries\1.8.9\experimental\cryptography\inventory\new_models\KeyExchangeAlgorithms.ql.
[2026-09-08 18:55:47] [SPAMMY] resolve queries> Query Filter: Implicitly candidating C:\Users\rafar\.codeql\packages\codeql\python-queries\1.8.9\experimental\cryptography\inventory\new_models\SigningAlgorithms.ql.
[2026-09-08 18:55:47] [SPAMMY] resolve queries> Query Filter: Implicitly candidating C:\Users\rafar\.codeql\packages\codeql\python-queries\1.8.9\experimental\cryptography\inventory\new_models\SymmetricEncryptionAlgorithms.ql.
[2026-09-08 18:55:47] [SPAMMY] resolve queries> Query Filter: Implicitly candidating C:\Users\rafar\.codeql\packages\codeql\python-queries\1.8.9\experimental\cryptography\inventory\new_models\SymmetricPaddingAlgorithms.ql.
[2026-09-08 18:55:47] [SPAMMY] resolve queries> Query Filter: Implicitly candidating C:\Users\rafar\.codeql\packages\codeql\python-queries\1.8.9\experimental\cryptography\inventory\old_models\AllCryptoAlgorithms.ql.
[2026-09-08 18:55:47] [SPAMMY] resolve queries> Query Filter: Implicitly candidating C:\Users\rafar\.codeql\packages\codeql\python-queries\1.8.9\experimental\cryptography\inventory\old_models\BlockModeAlgorithms.ql.
[2026-09-08 18:55:47] [SPAMMY] resolve queries> Query Filter: Implicitly candidating C:\Users\rafar\.codeql\packages\codeql\python-queries\1.8.9\experimental\cryptography\inventory\old_models\HashingAlgorithms.ql.
[2026-09-08 18:55:47] [SPAMMY] resolve queries> Query Filter: Implicitly candidating C:\Users\rafar\.codeql\packages\codeql\python-queries\1.8.9\experimental\Functions\NamingConventionsFunctions.ql.
[2026-09-08 18:55:47] [SPAMMY] resolve queries> Query Filter: Implicitly candidating C:\Users\rafar\.codeql\packages\codeql\python-queries\1.8.9\experimental\Security\CWE-022\ZipSlip.ql.
[2026-09-08 18:55:47] [SPAMMY] resolve queries> Query Filter: Implicitly candidating C:\Users\rafar\.codeql\packages\codeql\python-queries\1.8.9\experimental\Security\CWE-022bis\TarSlipImprov.ql.
[2026-09-08 18:55:47] [SPAMMY] resolve queries> Query Filter: Implicitly candidating C:\Users\rafar\.codeql\packages\codeql\python-queries\1.8.9\experimental\Security\CWE-022bis\UnsafeUnpack.ql.
[2026-09-08 18:55:47] [SPAMMY] resolve queries> Query Filter: Implicitly candidating C:\Users\rafar\.codeql\packages\codeql\python-queries\1.8.9\experimental\Security\CWE-074\remoteCommandExecution\RemoteCommandExecution.ql.
[2026-09-08 18:55:47] [SPAMMY] resolve queries> Query Filter: Implicitly candidating C:\Users\rafar\.codeql\packages\codeql\python-queries\1.8.9\experimental\Security\CWE-079\EmailXss.ql.
[2026-09-08 18:55:47] [SPAMMY] resolve queries> Query Filter: Implicitly candidating C:\Users\rafar\.codeql\packages\codeql\python-queries\1.8.9\experimental\Security\CWE-091\XsltInjection.ql.
[2026-09-08 18:55:47] [SPAMMY] resolve queries> Query Filter: Implicitly candidating C:\Users\rafar\.codeql\packages\codeql\python-queries\1.8.9\experimental\Security\CWE-094\Js2Py.ql.
[2026-09-08 18:55:47] [SPAMMY] resolve queries> Query Filter: Implicitly candidating C:\Users\rafar\.codeql\packages\codeql\python-queries\1.8.9\experimental\Security\CWE-1236\CsvInjection.ql.
[2026-09-08 18:55:47] [SPAMMY] resolve queries> Query Filter: Implicitly candidating C:\Users\rafar\.codeql\packages\codeql\python-queries\1.8.9\experimental\Security\CWE-1427\PromptInjection.ql.
[2026-09-08 18:55:47] [SPAMMY] resolve queries> Query Filter: Implicitly candidating C:\Users\rafar\.codeql\packages\codeql\python-queries\1.8.9\experimental\Security\CWE-176\UnicodeBypassValidation.ql.
[2026-09-08 18:55:47] [SPAMMY] resolve queries> Query Filter: Implicitly candidating C:\Users\rafar\.codeql\packages\codeql\python-queries\1.8.9\experimental\Security\CWE-208\TimingAttackAgainstHash\PossibleTimingAttackAgainstHash.ql.
[2026-09-08 18:55:47] [SPAMMY] resolve queries> Query Filter: Implicitly candidating C:\Users\rafar\.codeql\packages\codeql\python-queries\1.8.9\experimental\Security\CWE-208\TimingAttackAgainstHash\TimingAttackAgainstHash.ql.
[2026-09-08 18:55:47] [SPAMMY] resolve queries> Query Filter: Implicitly candidating C:\Users\rafar\.codeql\packages\codeql\python-queries\1.8.9\experimental\Security\CWE-208\TimingAttackAgainstHeaderValue\TimingAttackAgainstHeaderValue.ql.
[2026-09-08 18:55:47] [SPAMMY] resolve queries> Query Filter: Implicitly candidating C:\Users\rafar\.codeql\packages\codeql\python-queries\1.8.9\experimental\Security\CWE-208\TimingAttackAgainstSensitiveInfo\PossibleTimingAttackAgainstSensitiveInfo.ql.
[2026-09-08 18:55:47] [SPAMMY] resolve queries> Query Filter: Implicitly candidating C:\Users\rafar\.codeql\packages\codeql\python-queries\1.8.9\experimental\Security\CWE-208\TimingAttackAgainstSensitiveInfo\TimingAttackAgainstSensitiveInfo.ql.
[2026-09-08 18:55:47] [SPAMMY] resolve queries> Query Filter: Implicitly candidating C:\Users\rafar\.codeql\packages\codeql\python-queries\1.8.9\experimental\Security\CWE-287\ImproperLdapAuth.ql.
[2026-09-08 18:55:47] [SPAMMY] resolve queries> Query Filter: Implicitly candidating C:\Users\rafar\.codeql\packages\codeql\python-queries\1.8.9\experimental\Security\CWE-287-ConstantSecretKey\WebAppConstantSecretKey.ql.
[2026-09-08 18:55:47] [SPAMMY] resolve queries> Query Filter: Implicitly candidating C:\Users\rafar\.codeql\packages\codeql\python-queries\1.8.9\experimental\Security\CWE-327\Azure\UnsafeUsageOfClientSideEncryptionVersion.ql.
[2026-09-08 18:55:47] [SPAMMY] resolve queries> Query Filter: Implicitly candidating C:\Users\rafar\.codeql\packages\codeql\python-queries\1.8.9\experimental\Security\CWE-338\InsecureRandomness.ql.
[2026-09-08 18:55:47] [SPAMMY] resolve queries> Query Filter: Implicitly candidating C:\Users\rafar\.codeql\packages\codeql\python-queries\1.8.9\experimental\Security\CWE-340\TokenBuiltFromUUID.ql.
[2026-09-08 18:55:47] [SPAMMY] resolve queries> Query Filter: Implicitly candidating C:\Users\rafar\.codeql\packages\codeql\python-queries\1.8.9\experimental\Security\CWE-346\CorsBypass.ql.
[2026-09-08 18:55:47] [SPAMMY] resolve queries> Query Filter: Implicitly candidating C:\Users\rafar\.codeql\packages\codeql\python-queries\1.8.9\experimental\Security\CWE-347\JWTEmptyKeyOrAlgorithm.ql.
[2026-09-08 18:55:47] [SPAMMY] resolve queries> Query Filter: Implicitly candidating C:\Users\rafar\.codeql\packages\codeql\python-queries\1.8.9\experimental\Security\CWE-347\JWTMissingSecretOrPublicKeyVerification.ql.
[2026-09-08 18:55:47] [SPAMMY] resolve queries> Query Filter: Implicitly candidating C:\Users\rafar\.codeql\packages\codeql\python-queries\1.8.9\experimental\Security\CWE-348\ClientSuppliedIpUsedInSecurityCheck.ql.
[2026-09-08 18:55:47] [SPAMMY] resolve queries> Query Filter: Implicitly candidating C:\Users\rafar\.codeql\packages\codeql\python-queries\1.8.9\experimental\Security\CWE-409\DecompressionBombs.ql.
[2026-09-08 18:55:47] [SPAMMY] resolve queries> Query Filter: Implicitly candidating C:\Users\rafar\.codeql\packages\codeql\python-queries\1.8.9\experimental\Security\CWE-522\LdapInsecureAuth.ql.
[2026-09-08 18:55:47] [SPAMMY] resolve queries> Query Filter: Implicitly candidating C:\Users\rafar\.codeql\packages\codeql\python-queries\1.8.9\experimental\Security\CWE-611\SimpleXmlRpcServer.ql.
[2026-09-08 18:55:47] [SPAMMY] resolve queries> Query Filter: Implicitly candidating C:\Users\rafar\.codeql\packages\codeql\python-queries\1.8.9\experimental\Security\CWE-770\UnicodeDoS.ql.
[2026-09-08 18:55:47] [SPAMMY] resolve queries> Query Filter: Implicitly candidating C:\Users\rafar\.codeql\packages\codeql\python-queries\1.8.9\experimental\Security\CWE-942\CorsMisconfigurationMiddleware.ql.
[2026-09-08 18:55:47] [SPAMMY] resolve queries> Query Filter: Implicitly candidating C:\Users\rafar\.codeql\packages\codeql\python-queries\1.8.9\Expressions\CallToSuperWrongClass.ql.
[2026-09-08 18:55:47] [SPAMMY] resolve queries> Query Filter: Implicitly candidating C:\Users\rafar\.codeql\packages\codeql\python-queries\1.8.9\Expressions\CompareConstants.ql.
[2026-09-08 18:55:47] [SPAMMY] resolve queries> Query Filter: Implicitly candidating C:\Users\rafar\.codeql\packages\codeql\python-queries\1.8.9\Expressions\CompareIdenticalValues.ql.
[2026-09-08 18:55:47] [SPAMMY] resolve queries> Query Filter: Implicitly candidating C:\Users\rafar\.codeql\packages\codeql\python-queries\1.8.9\Expressions\CompareIdenticalValuesMissingSelf.ql.
[2026-09-08 18:55:47] [SPAMMY] resolve queries> Query Filter: Implicitly candidating C:\Users\rafar\.codeql\packages\codeql\python-queries\1.8.9\Expressions\Comparisons\UselessComparisonTest.ql.
[2026-09-08 18:55:47] [SPAMMY] resolve queries> Query Filter: Implicitly candidating C:\Users\rafar\.codeql\packages\codeql\python-queries\1.8.9\Expressions\ContainsNonContainer.ql.
[2026-09-08 18:55:47] [SPAMMY] resolve queries> Query Filter: Implicitly candidating C:\Users\rafar\.codeql\packages\codeql\python-queries\1.8.9\Expressions\DuplicateKeyInDictionaryLiteral.ql.
[2026-09-08 18:55:47] [SPAMMY] resolve queries> Query Filter: Implicitly candidating C:\Users\rafar\.codeql\packages\codeql\python-queries\1.8.9\Expressions\EqualsNone.ql.
[2026-09-08 18:55:47] [SPAMMY] resolve queries> Query Filter: Implicitly candidating C:\Users\rafar\.codeql\packages\codeql\python-queries\1.8.9\Expressions\ExpectedMappingForFormatString.ql.
[2026-09-08 18:55:47] [SPAMMY] resolve queries> Query Filter: Implicitly candidating C:\Users\rafar\.codeql\packages\codeql\python-queries\1.8.9\Expressions\ExplicitCallToDel.ql.
[2026-09-08 18:55:47] [SPAMMY] resolve queries> Query Filter: Implicitly candidating C:\Users\rafar\.codeql\packages\codeql\python-queries\1.8.9\Expressions\Formatting\MixedExplicitImplicitIn3101Format.ql.
[2026-09-08 18:55:47] [SPAMMY] resolve queries> Query Filter: Implicitly candidating C:\Users\rafar\.codeql\packages\codeql\python-queries\1.8.9\Expressions\Formatting\UnusedArgumentIn3101Format.ql.
[2026-09-08 18:55:47] [SPAMMY] resolve queries> Query Filter: Implicitly candidating C:\Users\rafar\.codeql\packages\codeql\python-queries\1.8.9\Expressions\Formatting\UnusedNamedArgumentIn3101Format.ql.
[2026-09-08 18:55:47] [SPAMMY] resolve queries> Query Filter: Implicitly candidating C:\Users\rafar\.codeql\packages\codeql\python-queries\1.8.9\Expressions\Formatting\WrongNameInArgumentsFor3101Format.ql.
[2026-09-08 18:55:47] [SPAMMY] resolve queries> Query Filter: Implicitly candidating C:\Users\rafar\.codeql\packages\codeql\python-queries\1.8.9\Expressions\Formatting\WrongNumberArgumentsFor3101Format.ql.
[2026-09-08 18:55:47] [SPAMMY] resolve queries> Query Filter: Implicitly candidating C:\Users\rafar\.codeql\packages\codeql\python-queries\1.8.9\Expressions\HashedButNoHash.ql.
[2026-09-08 18:55:47] [SPAMMY] resolve queries> Query Filter: Implicitly candidating C:\Users\rafar\.codeql\packages\codeql\python-queries\1.8.9\Expressions\IncorrectComparisonUsingIs.ql.
[2026-09-08 18:55:47] [SPAMMY] resolve queries> Query Filter: Implicitly candidating C:\Users\rafar\.codeql\packages\codeql\python-queries\1.8.9\Expressions\NonCallableCalled.ql.
[2026-09-08 18:55:47] [SPAMMY] resolve queries> Query Filter: Implicitly candidating C:\Users\rafar\.codeql\packages\codeql\python-queries\1.8.9\Expressions\NonPortableComparisonUsingIs.ql.
[2026-09-08 18:55:47] [SPAMMY] resolve queries> Query Filter: Implicitly candidating C:\Users\rafar\.codeql\packages\codeql\python-queries\1.8.9\Expressions\Regex\BackspaceEscape.ql.
[2026-09-08 18:55:47] [SPAMMY] resolve queries> Query Filter: Implicitly candidating C:\Users\rafar\.codeql\packages\codeql\python-queries\1.8.9\Expressions\Regex\DuplicateCharacterInSet.ql.
[2026-09-08 18:55:47] [SPAMMY] resolve queries> Query Filter: Implicitly candidating C:\Users\rafar\.codeql\packages\codeql\python-queries\1.8.9\Expressions\Regex\MissingPartSpecialGroup.ql.
[2026-09-08 18:55:47] [SPAMMY] resolve queries> Query Filter: Implicitly candidating C:\Users\rafar\.codeql\packages\codeql\python-queries\1.8.9\Expressions\Regex\UnmatchableCaret.ql.
[2026-09-08 18:55:47] [SPAMMY] resolve queries> Query Filter: Implicitly candidating C:\Users\rafar\.codeql\packages\codeql\python-queries\1.8.9\Expressions\Regex\UnmatchableDollar.ql.
[2026-09-08 18:55:47] [SPAMMY] resolve queries> Query Filter: Implicitly candidating C:\Users\rafar\.codeql\packages\codeql\python-queries\1.8.9\Expressions\TruncatedDivision.ql.
[2026-09-08 18:55:47] [SPAMMY] resolve queries> Query Filter: Implicitly candidating C:\Users\rafar\.codeql\packages\codeql\python-queries\1.8.9\Expressions\UnintentionalImplicitStringConcatenation.ql.
[2026-09-08 18:55:47] [SPAMMY] resolve queries> Query Filter: Implicitly candidating C:\Users\rafar\.codeql\packages\codeql\python-queries\1.8.9\Expressions\UnnecessaryLambda.ql.
[2026-09-08 18:55:47] [SPAMMY] resolve queries> Query Filter: Implicitly candidating C:\Users\rafar\.codeql\packages\codeql\python-queries\1.8.9\Expressions\UnsupportedFormatCharacter.ql.
[2026-09-08 18:55:47] [SPAMMY] resolve queries> Query Filter: Implicitly candidating C:\Users\rafar\.codeql\packages\codeql\python-queries\1.8.9\Expressions\UseofApply.ql.
[2026-09-08 18:55:47] [SPAMMY] resolve queries> Query Filter: Implicitly candidating C:\Users\rafar\.codeql\packages\codeql\python-queries\1.8.9\Expressions\UseofInput.ql.
[2026-09-08 18:55:47] [SPAMMY] resolve queries> Query Filter: Implicitly candidating C:\Users\rafar\.codeql\packages\codeql\python-queries\1.8.9\Expressions\WrongNameForArgumentInCall.ql.
[2026-09-08 18:55:47] [SPAMMY] resolve queries> Query Filter: Implicitly candidating C:\Users\rafar\.codeql\packages\codeql\python-queries\1.8.9\Expressions\WrongNumberArgumentsForFormat.ql.
[2026-09-08 18:55:47] [SPAMMY] resolve queries> Query Filter: Implicitly candidating C:\Users\rafar\.codeql\packages\codeql\python-queries\1.8.9\Expressions\WrongNumberArgumentsInCall.ql.
[2026-09-08 18:55:47] [SPAMMY] resolve queries> Query Filter: Implicitly candidating C:\Users\rafar\.codeql\packages\codeql\python-queries\1.8.9\external\DuplicateBlock.ql.
[2026-09-08 18:55:47] [SPAMMY] resolve queries> Query Filter: Implicitly candidating C:\Users\rafar\.codeql\packages\codeql\python-queries\1.8.9\external\DuplicateFunction.ql.
[2026-09-08 18:55:47] [SPAMMY] resolve queries> Query Filter: Implicitly candidating C:\Users\rafar\.codeql\packages\codeql\python-queries\1.8.9\external\MostlyDuplicateClass.ql.
[2026-09-08 18:55:47] [SPAMMY] resolve queries> Query Filter: Implicitly candidating C:\Users\rafar\.codeql\packages\codeql\python-queries\1.8.9\external\MostlyDuplicateFile.ql.
[2026-09-08 18:55:47] [SPAMMY] resolve queries> Query Filter: Implicitly candidating C:\Users\rafar\.codeql\packages\codeql\python-queries\1.8.9\external\MostlySimilarFile.ql.
[2026-09-08 18:55:47] [SPAMMY] resolve queries> Query Filter: Implicitly candidating C:\Users\rafar\.codeql\packages\codeql\python-queries\1.8.9\external\SimilarFunction.ql.
[2026-09-08 18:55:47] [SPAMMY] resolve queries> Query Filter: Implicitly candidating C:\Users\rafar\.codeql\packages\codeql\python-queries\1.8.9\Filters\ClassifyFiles.ql.
[2026-09-08 18:55:47] [SPAMMY] resolve queries> Query Filter: Implicitly candidating C:\Users\rafar\.codeql\packages\codeql\python-queries\1.8.9\Functions\ConsistentReturns.ql.
[2026-09-08 18:55:47] [SPAMMY] resolve queries> Query Filter: Implicitly candidating C:\Users\rafar\.codeql\packages\codeql\python-queries\1.8.9\Functions\DeprecatedSliceMethod.ql.
[2026-09-08 18:55:47] [SPAMMY] resolve queries> Query Filter: Implicitly candidating C:\Users\rafar\.codeql\packages\codeql\python-queries\1.8.9\Functions\ExplicitReturnInInit.ql.
[2026-09-08 18:55:47] [SPAMMY] resolve queries> Query Filter: Implicitly candidating C:\Users\rafar\.codeql\packages\codeql\python-queries\1.8.9\Functions\IncorrectlyOverriddenMethod.ql.
[2026-09-08 18:55:47] [SPAMMY] resolve queries> Query Filter: Implicitly candidating C:\Users\rafar\.codeql\packages\codeql\python-queries\1.8.9\Functions\IncorrectlySpecifiedOverriddenMethod.ql.
[2026-09-08 18:55:47] [SPAMMY] resolve queries> Query Filter: Implicitly candidating C:\Users\rafar\.codeql\packages\codeql\python-queries\1.8.9\Functions\IncorrectRaiseInSpecialMethod.ql.
[2026-09-08 18:55:47] [SPAMMY] resolve queries> Query Filter: Implicitly candidating C:\Users\rafar\.codeql\packages\codeql\python-queries\1.8.9\Functions\InitIsGenerator.ql.
[2026-09-08 18:55:47] [SPAMMY] resolve queries> Query Filter: Implicitly candidating C:\Users\rafar\.codeql\packages\codeql\python-queries\1.8.9\Functions\IterReturnsNonIterator.ql.
[2026-09-08 18:55:47] [SPAMMY] resolve queries> Query Filter: Implicitly candidating C:\Users\rafar\.codeql\packages\codeql\python-queries\1.8.9\Functions\IterReturnsNonSelf.ql.
[2026-09-08 18:55:47] [SPAMMY] resolve queries> Query Filter: Implicitly candidating C:\Users\rafar\.codeql\packages\codeql\python-queries\1.8.9\Functions\ModificationOfParameterWithDefault.ql.
[2026-09-08 18:55:47] [SPAMMY] resolve queries> Query Filter: Implicitly candidating C:\Users\rafar\.codeql\packages\codeql\python-queries\1.8.9\Functions\NonCls.ql.
[2026-09-08 18:55:47] [SPAMMY] resolve queries> Query Filter: Implicitly candidating C:\Users\rafar\.codeql\packages\codeql\python-queries\1.8.9\Functions\NonSelf.ql.
[2026-09-08 18:55:47] [SPAMMY] resolve queries> Query Filter: Implicitly candidating C:\Users\rafar\.codeql\packages\codeql\python-queries\1.8.9\Functions\OverlyComplexDelMethod.ql.
[2026-09-08 18:55:47] [SPAMMY] resolve queries> Query Filter: Implicitly candidating C:\Users\rafar\.codeql\packages\codeql\python-queries\1.8.9\Functions\ReturnConsistentTupleSizes.ql.
[2026-09-08 18:55:47] [SPAMMY] resolve queries> Query Filter: Implicitly candidating C:\Users\rafar\.codeql\packages\codeql\python-queries\1.8.9\Functions\ReturnValueIgnored.ql.
[2026-09-08 18:55:47] [SPAMMY] resolve queries> Query Filter: Implicitly candidating C:\Users\rafar\.codeql\packages\codeql\python-queries\1.8.9\Functions\SignatureOverriddenMethod.ql.
[2026-09-08 18:55:47] [SPAMMY] resolve queries> Query Filter: Implicitly candidating C:\Users\rafar\.codeql\packages\codeql\python-queries\1.8.9\Functions\SignatureSpecialMethods.ql.
[2026-09-08 18:55:47] [SPAMMY] resolve queries> Query Filter: Implicitly candidating C:\Users\rafar\.codeql\packages\codeql\python-queries\1.8.9\Functions\UseImplicitNoneReturnValue.ql.
[2026-09-08 18:55:47] [SPAMMY] resolve queries> Query Filter: Implicitly candidating C:\Users\rafar\.codeql\packages\codeql\python-queries\1.8.9\Imports\CyclicImport.ql.
[2026-09-08 18:55:47] [SPAMMY] resolve queries> Query Filter: Implicitly candidating C:\Users\rafar\.codeql\packages\codeql\python-queries\1.8.9\Imports\DeprecatedModule.ql.
[2026-09-08 18:55:47] [SPAMMY] resolve queries> Query Filter: Implicitly candidating C:\Users\rafar\.codeql\packages\codeql\python-queries\1.8.9\Imports\EncodingError.ql.
[2026-09-08 18:55:47] [SPAMMY] resolve queries> Query Filter: Implicitly candidating C:\Users\rafar\.codeql\packages\codeql\python-queries\1.8.9\Imports\FromImportOfMutableAttribute.ql.
[2026-09-08 18:55:47] [SPAMMY] resolve queries> Query Filter: Implicitly candidating C:\Users\rafar\.codeql\packages\codeql\python-queries\1.8.9\Imports\ImportandImportFrom.ql.
[2026-09-08 18:55:47] [SPAMMY] resolve queries> Query Filter: Implicitly candidating C:\Users\rafar\.codeql\packages\codeql\python-queries\1.8.9\Imports\Imports.ql.
[2026-09-08 18:55:47] [SPAMMY] resolve queries> Query Filter: Implicitly candidating C:\Users\rafar\.codeql\packages\codeql\python-queries\1.8.9\Imports\ImportShadowedByLoopVar.ql.
[2026-09-08 18:55:47] [SPAMMY] resolve queries> Query Filter: Implicitly candidating C:\Users\rafar\.codeql\packages\codeql\python-queries\1.8.9\Imports\ImportStarUsed.ql.
[2026-09-08 18:55:47] [SPAMMY] resolve queries> Query Filter: Implicitly candidating C:\Users\rafar\.codeql\packages\codeql\python-queries\1.8.9\Imports\ModuleImportsItself.ql.
[2026-09-08 18:55:47] [SPAMMY] resolve queries> Query Filter: Implicitly candidating C:\Users\rafar\.codeql\packages\codeql\python-queries\1.8.9\Imports\ModuleLevelCyclicImport.ql.
[2026-09-08 18:55:47] [SPAMMY] resolve queries> Query Filter: Implicitly candidating C:\Users\rafar\.codeql\packages\codeql\python-queries\1.8.9\Imports\MultipleImports.ql.
[2026-09-08 18:55:47] [SPAMMY] resolve queries> Query Filter: Implicitly candidating C:\Users\rafar\.codeql\packages\codeql\python-queries\1.8.9\Imports\SyntaxError.ql.
[2026-09-08 18:55:47] [SPAMMY] resolve queries> Query Filter: Implicitly candidating C:\Users\rafar\.codeql\packages\codeql\python-queries\1.8.9\Imports\UnintentionalImport.ql.
[2026-09-08 18:55:47] [SPAMMY] resolve queries> Query Filter: Implicitly candidating C:\Users\rafar\.codeql\packages\codeql\python-queries\1.8.9\Imports\UnusedImport.ql.
[2026-09-08 18:55:47] [SPAMMY] resolve queries> Query Filter: Implicitly candidating C:\Users\rafar\.codeql\packages\codeql\python-queries\1.8.9\Lexical\CommentedOutCode.ql.
[2026-09-08 18:55:47] [SPAMMY] resolve queries> Query Filter: Implicitly candidating C:\Users\rafar\.codeql\packages\codeql\python-queries\1.8.9\Lexical\FCommentedOutCode.ql.
[2026-09-08 18:55:47] [SPAMMY] resolve queries> Query Filter: Implicitly candidating C:\Users\rafar\.codeql\packages\codeql\python-queries\1.8.9\Lexical\OldOctalLiteral.ql.
[2026-09-08 18:55:47] [SPAMMY] resolve queries> Query Filter: Implicitly candidating C:\Users\rafar\.codeql\packages\codeql\python-queries\1.8.9\Lexical\ToDoComment.ql.
[2026-09-08 18:55:47] [SPAMMY] resolve queries> Query Filter: Implicitly candidating C:\Users\rafar\.codeql\packages\codeql\python-queries\1.8.9\meta\alerts\InterestingTaintSinks.ql.
[2026-09-08 18:55:47] [SPAMMY] resolve queries> Query Filter: Implicitly candidating C:\Users\rafar\.codeql\packages\codeql\python-queries\1.8.9\meta\alerts\RemoteFlowSources.ql.
[2026-09-08 18:55:47] [SPAMMY] resolve queries> Query Filter: Implicitly candidating C:\Users\rafar\.codeql\packages\codeql\python-queries\1.8.9\meta\alerts\RemoteFlowSourcesReach.ql.
[2026-09-08 18:55:47] [SPAMMY] resolve queries> Query Filter: Implicitly candidating C:\Users\rafar\.codeql\packages\codeql\python-queries\1.8.9\meta\alerts\RequestHandlers.ql.
[2026-09-08 18:55:47] [SPAMMY] resolve queries> Query Filter: Implicitly candidating C:\Users\rafar\.codeql\packages\codeql\python-queries\1.8.9\meta\alerts\TaintSinks.ql.
[2026-09-08 18:55:47] [SPAMMY] resolve queries> Query Filter: Implicitly candidating C:\Users\rafar\.codeql\packages\codeql\python-queries\1.8.9\meta\analysis-quality\CallGraph.ql.
[2026-09-08 18:55:47] [SPAMMY] resolve queries> Query Filter: Implicitly candidating C:\Users\rafar\.codeql\packages\codeql\python-queries\1.8.9\meta\analysis-quality\PointsToResolvableCallRatio.ql.
[2026-09-08 18:55:47] [SPAMMY] resolve queries> Query Filter: Implicitly candidating C:\Users\rafar\.codeql\packages\codeql\python-queries\1.8.9\meta\analysis-quality\PointsToResolvableCalls.ql.
[2026-09-08 18:55:47] [SPAMMY] resolve queries> Query Filter: Implicitly candidating C:\Users\rafar\.codeql\packages\codeql\python-queries\1.8.9\meta\analysis-quality\PointsToResolvableCallsRelevantTarget.ql.
[2026-09-08 18:55:47] [SPAMMY] resolve queries> Query Filter: Implicitly candidating C:\Users\rafar\.codeql\packages\codeql\python-queries\1.8.9\meta\analysis-quality\ResolvableCallCandidates.ql.
[2026-09-08 18:55:47] [SPAMMY] resolve queries> Query Filter: Implicitly candidating C:\Users\rafar\.codeql\packages\codeql\python-queries\1.8.9\meta\analysis-quality\SummarizedCallableCallSites.ql.
[2026-09-08 18:55:47] [SPAMMY] resolve queries> Query Filter: Implicitly candidating C:\Users\rafar\.codeql\packages\codeql\python-queries\1.8.9\meta\analysis-quality\TTCallGraph.ql.
[2026-09-08 18:55:47] [SPAMMY] resolve queries> Query Filter: Implicitly candidating C:\Users\rafar\.codeql\packages\codeql\python-queries\1.8.9\meta\analysis-quality\TTCallGraphMissing.ql.
[2026-09-08 18:55:47] [SPAMMY] resolve queries> Query Filter: Implicitly candidating C:\Users\rafar\.codeql\packages\codeql\python-queries\1.8.9\meta\analysis-quality\TTCallGraphNew.ql.
[2026-09-08 18:55:47] [SPAMMY] resolve queries> Query Filter: Implicitly candidating C:\Users\rafar\.codeql\packages\codeql\python-queries\1.8.9\meta\analysis-quality\TTCallGraphNewAmbiguous.ql.
[2026-09-08 18:55:47] [SPAMMY] resolve queries> Query Filter: Implicitly candidating C:\Users\rafar\.codeql\packages\codeql\python-queries\1.8.9\meta\analysis-quality\TTCallGraphOverview.ql.
[2026-09-08 18:55:47] [SPAMMY] resolve queries> Query Filter: Implicitly candidating C:\Users\rafar\.codeql\packages\codeql\python-queries\1.8.9\meta\analysis-quality\TTCallGraphShared.ql.
[2026-09-08 18:55:47] [SPAMMY] resolve queries> Query Filter: Implicitly candidating C:\Users\rafar\.codeql\packages\codeql\python-queries\1.8.9\meta\ClassHierarchy\Find.ql.
[2026-09-08 18:55:47] [SPAMMY] resolve queries> Query Filter: Implicitly candidating C:\Users\rafar\.codeql\packages\codeql\python-queries\1.8.9\meta\debug\DebugStats.ql.
[2026-09-08 18:55:47] [SPAMMY] resolve queries> Query Filter: Implicitly candidating C:\Users\rafar\.codeql\packages\codeql\python-queries\1.8.9\meta\debug\SimpleClassDebug.ql.
[2026-09-08 18:55:47] [SPAMMY] resolve queries> Query Filter: Implicitly candidating C:\Users\rafar\.codeql\packages\codeql\python-queries\1.8.9\Metrics\ClassAfferentCoupling.ql.
[2026-09-08 18:55:47] [SPAMMY] resolve queries> Query Filter: Implicitly candidating C:\Users\rafar\.codeql\packages\codeql\python-queries\1.8.9\Metrics\ClassEfferentCoupling.ql.
[2026-09-08 18:55:47] [SPAMMY] resolve queries> Query Filter: Implicitly candidating C:\Users\rafar\.codeql\packages\codeql\python-queries\1.8.9\Metrics\CLinesOfCode.ql.
[2026-09-08 18:55:47] [SPAMMY] resolve queries> Query Filter: Implicitly candidating C:\Users\rafar\.codeql\packages\codeql\python-queries\1.8.9\Metrics\CommentRatio.ql.
[2026-09-08 18:55:47] [SPAMMY] resolve queries> Query Filter: Implicitly candidating C:\Users\rafar\.codeql\packages\codeql\python-queries\1.8.9\Metrics\CyclomaticComplexity.ql.
[2026-09-08 18:55:47] [SPAMMY] resolve queries> Query Filter: Implicitly candidating C:\Users\rafar\.codeql\packages\codeql\python-queries\1.8.9\Metrics\Dependencies\ExternalDependencies.ql.
[2026-09-08 18:55:47] [SPAMMY] resolve queries> Query Filter: Implicitly candidating C:\Users\rafar\.codeql\packages\codeql\python-queries\1.8.9\Metrics\Dependencies\ExternalDependenciesSourceLinks.ql.
[2026-09-08 18:55:47] [SPAMMY] resolve queries> Query Filter: Implicitly candidating C:\Users\rafar\.codeql\packages\codeql\python-queries\1.8.9\Metrics\DirectImports.ql.
[2026-09-08 18:55:47] [SPAMMY] resolve queries> Query Filter: Implicitly candidating C:\Users\rafar\.codeql\packages\codeql\python-queries\1.8.9\Metrics\DocStringRatio.ql.
[2026-09-08 18:55:47] [SPAMMY] resolve queries> Query Filter: Implicitly candidating C:\Users\rafar\.codeql\packages\codeql\python-queries\1.8.9\Metrics\External\CommitDisplayStrings.ql.
[2026-09-08 18:55:47] [SPAMMY] resolve queries> Query Filter: Implicitly candidating C:\Users\rafar\.codeql\packages\codeql\python-queries\1.8.9\Metrics\External\CommitSourceLinks.ql.
[2026-09-08 18:55:47] [SPAMMY] resolve queries> Query Filter: Implicitly candidating C:\Users\rafar\.codeql\packages\codeql\python-queries\1.8.9\Metrics\FClasses.ql.
[2026-09-08 18:55:47] [SPAMMY] resolve queries> Query Filter: Implicitly candidating C:\Users\rafar\.codeql\packages\codeql\python-queries\1.8.9\Metrics\FFunctionsAndMethods.ql.
[2026-09-08 18:55:47] [SPAMMY] resolve queries> Query Filter: Implicitly candidating C:\Users\rafar\.codeql\packages\codeql\python-queries\1.8.9\Metrics\FLines.ql.
[2026-09-08 18:55:47] [SPAMMY] resolve queries> Query Filter: Implicitly candidating C:\Users\rafar\.codeql\packages\codeql\python-queries\1.8.9\Metrics\FLinesOfCode.ql.
[2026-09-08 18:55:47] [SPAMMY] resolve queries> Query Filter: Implicitly candidating C:\Users\rafar\.codeql\packages\codeql\python-queries\1.8.9\Metrics\FLinesOfComments.ql.
[2026-09-08 18:55:47] [SPAMMY] resolve queries> Query Filter: Implicitly candidating C:\Users\rafar\.codeql\packages\codeql\python-queries\1.8.9\Metrics\FLinesOfDuplicatedCode.ql.
[2026-09-08 18:55:47] [SPAMMY] resolve queries> Query Filter: Implicitly candidating C:\Users\rafar\.codeql\packages\codeql\python-queries\1.8.9\Metrics\FLinesOfSimilarCode.ql.
[2026-09-08 18:55:47] [SPAMMY] resolve queries> Query Filter: Implicitly candidating C:\Users\rafar\.codeql\packages\codeql\python-queries\1.8.9\Metrics\FNumberOfTests.ql.
[2026-09-08 18:55:47] [SPAMMY] resolve queries> Query Filter: Implicitly candidating C:\Users\rafar\.codeql\packages\codeql\python-queries\1.8.9\Metrics\FunctionNumberOfCalls.ql.
[2026-09-08 18:55:47] [SPAMMY] resolve queries> Query Filter: Implicitly candidating C:\Users\rafar\.codeql\packages\codeql\python-queries\1.8.9\Metrics\FunctionStatementNestingDepth.ql.
[2026-09-08 18:55:47] [SPAMMY] resolve queries> Query Filter: Implicitly candidating C:\Users\rafar\.codeql\packages\codeql\python-queries\1.8.9\Metrics\History\HChurn.ql.
[2026-09-08 18:55:47] [SPAMMY] resolve queries> Query Filter: Implicitly candidating C:\Users\rafar\.codeql\packages\codeql\python-queries\1.8.9\Metrics\History\HLinesAdded.ql.
[2026-09-08 18:55:47] [SPAMMY] resolve queries> Query Filter: Implicitly candidating C:\Users\rafar\.codeql\packages\codeql\python-queries\1.8.9\Metrics\History\HLinesDeleted.ql.
[2026-09-08 18:55:47] [SPAMMY] resolve queries> Query Filter: Implicitly candidating C:\Users\rafar\.codeql\packages\codeql\python-queries\1.8.9\Metrics\History\HNumberOfAuthors.ql.
[2026-09-08 18:55:47] [SPAMMY] resolve queries> Query Filter: Implicitly candidating C:\Users\rafar\.codeql\packages\codeql\python-queries\1.8.9\Metrics\History\HNumberOfCoCommits.ql.
[2026-09-08 18:55:47] [SPAMMY] resolve queries> Query Filter: Implicitly candidating C:\Users\rafar\.codeql\packages\codeql\python-queries\1.8.9\Metrics\History\HNumberOfCommits.ql.
[2026-09-08 18:55:47] [SPAMMY] resolve queries> Query Filter: Implicitly candidating C:\Users\rafar\.codeql\packages\codeql\python-queries\1.8.9\Metrics\History\HNumberOfRecentAuthors.ql.
[2026-09-08 18:55:47] [SPAMMY] resolve queries> Query Filter: Implicitly candidating C:\Users\rafar\.codeql\packages\codeql\python-queries\1.8.9\Metrics\History\HNumberOfRecentChangedFiles.ql.
[2026-09-08 18:55:47] [SPAMMY] resolve queries> Query Filter: Implicitly candidating C:\Users\rafar\.codeql\packages\codeql\python-queries\1.8.9\Metrics\History\HNumberOfRecentCommits.ql.
[2026-09-08 18:55:47] [SPAMMY] resolve queries> Query Filter: Implicitly candidating C:\Users\rafar\.codeql\packages\codeql\python-queries\1.8.9\Metrics\History\HNumberOfReCommits.ql.
[2026-09-08 18:55:47] [SPAMMY] resolve queries> Query Filter: Implicitly candidating C:\Users\rafar\.codeql\packages\codeql\python-queries\1.8.9\Metrics\Internal\CallableDisplayStrings.ql.
[2026-09-08 18:55:47] [SPAMMY] resolve queries> Query Filter: Implicitly candidating C:\Users\rafar\.codeql\packages\codeql\python-queries\1.8.9\Metrics\Internal\CallableExtents.ql.
[2026-09-08 18:55:47] [SPAMMY] resolve queries> Query Filter: Implicitly candidating C:\Users\rafar\.codeql\packages\codeql\python-queries\1.8.9\Metrics\Internal\CallableSourceLinks.ql.
[2026-09-08 18:55:47] [SPAMMY] resolve queries> Query Filter: Implicitly candidating C:\Users\rafar\.codeql\packages\codeql\python-queries\1.8.9\Metrics\Internal\ClassDisplayStrings.ql.
[2026-09-08 18:55:47] [SPAMMY] resolve queries> Query Filter: Implicitly candidating C:\Users\rafar\.codeql\packages\codeql\python-queries\1.8.9\Metrics\Internal\ClassExtents.ql.
[2026-09-08 18:55:47] [SPAMMY] resolve queries> Query Filter: Implicitly candidating C:\Users\rafar\.codeql\packages\codeql\python-queries\1.8.9\Metrics\Internal\ClassSourceLinks.ql.
[2026-09-08 18:55:47] [SPAMMY] resolve queries> Query Filter: Implicitly candidating C:\Users\rafar\.codeql\packages\codeql\python-queries\1.8.9\Metrics\Internal\TypeAnnotations.ql.
[2026-09-08 18:55:47] [SPAMMY] resolve queries> Query Filter: Implicitly candidating C:\Users\rafar\.codeql\packages\codeql\python-queries\1.8.9\Metrics\LackofCohesionInMethodsCK.ql.
[2026-09-08 18:55:47] [SPAMMY] resolve queries> Query Filter: Implicitly candidating C:\Users\rafar\.codeql\packages\codeql\python-queries\1.8.9\Metrics\LackofCohesionInMethodsHM.ql.
[2026-09-08 18:55:47] [SPAMMY] resolve queries> Query Filter: Implicitly candidating C:\Users\rafar\.codeql\packages\codeql\python-queries\1.8.9\Metrics\ModuleAfferentCoupling.ql.
[2026-09-08 18:55:47] [SPAMMY] resolve queries> Query Filter: Implicitly candidating C:\Users\rafar\.codeql\packages\codeql\python-queries\1.8.9\Metrics\ModuleEfferentCoupling.ql.
[2026-09-08 18:55:47] [SPAMMY] resolve queries> Query Filter: Implicitly candidating C:\Users\rafar\.codeql\packages\codeql\python-queries\1.8.9\Metrics\NumberOfParametersWithoutDefault.ql.
[2026-09-08 18:55:47] [SPAMMY] resolve queries> Query Filter: Implicitly candidating C:\Users\rafar\.codeql\packages\codeql\python-queries\1.8.9\Metrics\NumberOfStatements.ql.
[2026-09-08 18:55:47] [SPAMMY] resolve queries> Query Filter: Implicitly candidating C:\Users\rafar\.codeql\packages\codeql\python-queries\1.8.9\Metrics\TransitiveImports.ql.
[2026-09-08 18:55:47] [SPAMMY] resolve queries> Query Filter: Implicitly candidating C:\Users\rafar\.codeql\packages\codeql\python-queries\1.8.9\Numerics\Pythagorean.ql.
[2026-09-08 18:55:47] [SPAMMY] resolve queries> Query Filter: Implicitly candidating C:\Users\rafar\.codeql\packages\codeql\python-queries\1.8.9\Resources\FileNotAlwaysClosed.ql.
[2026-09-08 18:55:47] [SPAMMY] resolve queries> Query Filter: Implicitly candidating C:\Users\rafar\.codeql\packages\codeql\python-queries\1.8.9\Security\CVE-2018-1281\BindToAllInterfaces.ql.
[2026-09-08 18:55:47] [SPAMMY] resolve queries> Query Filter: Implicitly candidating C:\Users\rafar\.codeql\packages\codeql\python-queries\1.8.9\Security\CWE-020\CookieInjection.ql.
[2026-09-08 18:55:47] [SPAMMY] resolve queries> Query Filter: Implicitly candidating C:\Users\rafar\.codeql\packages\codeql\python-queries\1.8.9\Security\CWE-020\IncompleteHostnameRegExp.ql.
[2026-09-08 18:55:47] [SPAMMY] resolve queries> Query Filter: Implicitly candidating C:\Users\rafar\.codeql\packages\codeql\python-queries\1.8.9\Security\CWE-020\IncompleteUrlSubstringSanitization.ql.
[2026-09-08 18:55:47] [SPAMMY] resolve queries> Query Filter: Implicitly candidating C:\Users\rafar\.codeql\packages\codeql\python-queries\1.8.9\Security\CWE-020\OverlyLargeRange.ql.
[2026-09-08 18:55:47] [SPAMMY] resolve queries> Query Filter: Implicitly candidating C:\Users\rafar\.codeql\packages\codeql\python-queries\1.8.9\Security\CWE-020-ExternalAPIs\ExternalAPIsUsedWithUntrustedData.ql.
[2026-09-08 18:55:47] [SPAMMY] resolve queries> Query Filter: Implicitly candidating C:\Users\rafar\.codeql\packages\codeql\python-queries\1.8.9\Security\CWE-020-ExternalAPIs\UntrustedDataToExternalAPI.ql.
[2026-09-08 18:55:47] [SPAMMY] resolve queries> Query Filter: Implicitly candidating C:\Users\rafar\.codeql\packages\codeql\python-queries\1.8.9\Security\CWE-022\PathInjection.ql.
[2026-09-08 18:55:47] [SPAMMY] resolve queries> Query Filter: Implicitly candidating C:\Users\rafar\.codeql\packages\codeql\python-queries\1.8.9\Security\CWE-022\TarSlip.ql.
[2026-09-08 18:55:47] [SPAMMY] resolve queries> Query Filter: Implicitly candidating C:\Users\rafar\.codeql\packages\codeql\python-queries\1.8.9\Security\CWE-074\TemplateInjection.ql.
[2026-09-08 18:55:47] [SPAMMY] resolve queries> Query Filter: Implicitly candidating C:\Users\rafar\.codeql\packages\codeql\python-queries\1.8.9\Security\CWE-078\CommandInjection.ql.
[2026-09-08 18:55:47] [SPAMMY] resolve queries> Query Filter: Implicitly candidating C:\Users\rafar\.codeql\packages\codeql\python-queries\1.8.9\Security\CWE-078\UnsafeShellCommandConstruction.ql.
[2026-09-08 18:55:47] [SPAMMY] resolve queries> Query Filter: Implicitly candidating C:\Users\rafar\.codeql\packages\codeql\python-queries\1.8.9\Security\CWE-079\Jinja2WithoutEscaping.ql.
[2026-09-08 18:55:47] [SPAMMY] resolve queries> Query Filter: Implicitly candidating C:\Users\rafar\.codeql\packages\codeql\python-queries\1.8.9\Security\CWE-079\ReflectedXss.ql.
[2026-09-08 18:55:47] [SPAMMY] resolve queries> Query Filter: Implicitly candidating C:\Users\rafar\.codeql\packages\codeql\python-queries\1.8.9\Security\CWE-089\SqlInjection.ql.
[2026-09-08 18:55:47] [SPAMMY] resolve queries> Query Filter: Implicitly candidating C:\Users\rafar\.codeql\packages\codeql\python-queries\1.8.9\Security\CWE-090\LdapInjection.ql.
[2026-09-08 18:55:47] [SPAMMY] resolve queries> Query Filter: Implicitly candidating C:\Users\rafar\.codeql\packages\codeql\python-queries\1.8.9\Security\CWE-094\CodeInjection.ql.
[2026-09-08 18:55:47] [SPAMMY] resolve queries> Query Filter: Implicitly candidating C:\Users\rafar\.codeql\packages\codeql\python-queries\1.8.9\Security\CWE-1004\NonHttpOnlyCookie.ql.
[2026-09-08 18:55:47] [SPAMMY] resolve queries> Query Filter: Implicitly candidating C:\Users\rafar\.codeql\packages\codeql\python-queries\1.8.9\Security\CWE-113\HeaderInjection.ql.
[2026-09-08 18:55:47] [SPAMMY] resolve queries> Query Filter: Implicitly candidating C:\Users\rafar\.codeql\packages\codeql\python-queries\1.8.9\Security\CWE-116\BadTagFilter.ql.
[2026-09-08 18:55:47] [SPAMMY] resolve queries> Query Filter: Implicitly candidating C:\Users\rafar\.codeql\packages\codeql\python-queries\1.8.9\Security\CWE-117\LogInjection.ql.
[2026-09-08 18:55:47] [SPAMMY] resolve queries> Query Filter: Implicitly candidating C:\Users\rafar\.codeql\packages\codeql\python-queries\1.8.9\Security\CWE-1275\SameSiteNoneCookie.ql.
[2026-09-08 18:55:47] [SPAMMY] resolve queries> Query Filter: Implicitly candidating C:\Users\rafar\.codeql\packages\codeql\python-queries\1.8.9\Security\CWE-209\StackTraceExposure.ql.
[2026-09-08 18:55:47] [SPAMMY] resolve queries> Query Filter: Implicitly candidating C:\Users\rafar\.codeql\packages\codeql\python-queries\1.8.9\Security\CWE-215\FlaskDebug.ql.
[2026-09-08 18:55:47] [SPAMMY] resolve queries> Query Filter: Implicitly candidating C:\Users\rafar\.codeql\packages\codeql\python-queries\1.8.9\Security\CWE-285\PamAuthorization.ql.
[2026-09-08 18:55:47] [SPAMMY] resolve queries> Query Filter: Implicitly candidating C:\Users\rafar\.codeql\packages\codeql\python-queries\1.8.9\Security\CWE-295\MissingHostKeyValidation.ql.
[2026-09-08 18:55:47] [SPAMMY] resolve queries> Query Filter: Implicitly candidating C:\Users\rafar\.codeql\packages\codeql\python-queries\1.8.9\Security\CWE-295\RequestWithoutValidation.ql.
[2026-09-08 18:55:47] [SPAMMY] resolve queries> Query Filter: Implicitly candidating C:\Users\rafar\.codeql\packages\codeql\python-queries\1.8.9\Security\CWE-312\CleartextLogging.ql.
[2026-09-08 18:55:47] [SPAMMY] resolve queries> Query Filter: Implicitly candidating C:\Users\rafar\.codeql\packages\codeql\python-queries\1.8.9\Security\CWE-312\CleartextStorage.ql.
[2026-09-08 18:55:47] [SPAMMY] resolve queries> Query Filter: Implicitly candidating C:\Users\rafar\.codeql\packages\codeql\python-queries\1.8.9\Security\CWE-326\WeakCryptoKey.ql.
[2026-09-08 18:55:47] [SPAMMY] resolve queries> Query Filter: Implicitly candidating C:\Users\rafar\.codeql\packages\codeql\python-queries\1.8.9\Security\CWE-327\BrokenCryptoAlgorithm.ql.
[2026-09-08 18:55:47] [SPAMMY] resolve queries> Query Filter: Implicitly candidating C:\Users\rafar\.codeql\packages\codeql\python-queries\1.8.9\Security\CWE-327\InsecureDefaultProtocol.ql.
[2026-09-08 18:55:47] [SPAMMY] resolve queries> Query Filter: Implicitly candidating C:\Users\rafar\.codeql\packages\codeql\python-queries\1.8.9\Security\CWE-327\InsecureProtocol.ql.
[2026-09-08 18:55:47] [SPAMMY] resolve queries> Query Filter: Implicitly candidating C:\Users\rafar\.codeql\packages\codeql\python-queries\1.8.9\Security\CWE-327\WeakSensitiveDataHashing.ql.
[2026-09-08 18:55:47] [SPAMMY] resolve queries> Query Filter: Implicitly candidating C:\Users\rafar\.codeql\packages\codeql\python-queries\1.8.9\Security\CWE-352\CSRFProtectionDisabled.ql.
[2026-09-08 18:55:47] [SPAMMY] resolve queries> Query Filter: Implicitly candidating C:\Users\rafar\.codeql\packages\codeql\python-queries\1.8.9\Security\CWE-377\InsecureTemporaryFile.ql.
[2026-09-08 18:55:47] [SPAMMY] resolve queries> Query Filter: Implicitly candidating C:\Users\rafar\.codeql\packages\codeql\python-queries\1.8.9\Security\CWE-502\UnsafeDeserialization.ql.
[2026-09-08 18:55:47] [SPAMMY] resolve queries> Query Filter: Implicitly candidating C:\Users\rafar\.codeql\packages\codeql\python-queries\1.8.9\Security\CWE-601\UrlRedirect.ql.
[2026-09-08 18:55:47] [SPAMMY] resolve queries> Query Filter: Implicitly candidating C:\Users\rafar\.codeql\packages\codeql\python-queries\1.8.9\Security\CWE-611\Xxe.ql.
[2026-09-08 18:55:47] [SPAMMY] resolve queries> Query Filter: Implicitly candidating C:\Users\rafar\.codeql\packages\codeql\python-queries\1.8.9\Security\CWE-614\InsecureCookie.ql.
[2026-09-08 18:55:47] [SPAMMY] resolve queries> Query Filter: Implicitly candidating C:\Users\rafar\.codeql\packages\codeql\python-queries\1.8.9\Security\CWE-643\XpathInjection.ql.
[2026-09-08 18:55:47] [SPAMMY] resolve queries> Query Filter: Implicitly candidating C:\Users\rafar\.codeql\packages\codeql\python-queries\1.8.9\Security\CWE-730\PolynomialReDoS.ql.
[2026-09-08 18:55:47] [SPAMMY] resolve queries> Query Filter: Implicitly candidating C:\Users\rafar\.codeql\packages\codeql\python-queries\1.8.9\Security\CWE-730\ReDoS.ql.
[2026-09-08 18:55:47] [SPAMMY] resolve queries> Query Filter: Implicitly candidating C:\Users\rafar\.codeql\packages\codeql\python-queries\1.8.9\Security\CWE-730\RegexInjection.ql.
[2026-09-08 18:55:47] [SPAMMY] resolve queries> Query Filter: Implicitly candidating C:\Users\rafar\.codeql\packages\codeql\python-queries\1.8.9\Security\CWE-732\WeakFilePermissions.ql.
[2026-09-08 18:55:47] [SPAMMY] resolve queries> Query Filter: Implicitly candidating C:\Users\rafar\.codeql\packages\codeql\python-queries\1.8.9\Security\CWE-776\XmlBomb.ql.
[2026-09-08 18:55:47] [SPAMMY] resolve queries> Query Filter: Implicitly candidating C:\Users\rafar\.codeql\packages\codeql\python-queries\1.8.9\Security\CWE-798\HardcodedCredentials.ql.
[2026-09-08 18:55:47] [SPAMMY] resolve queries> Query Filter: Implicitly candidating C:\Users\rafar\.codeql\packages\codeql\python-queries\1.8.9\Security\CWE-918\FullServerSideRequestForgery.ql.
[2026-09-08 18:55:47] [SPAMMY] resolve queries> Query Filter: Implicitly candidating C:\Users\rafar\.codeql\packages\codeql\python-queries\1.8.9\Security\CWE-918\PartialServerSideRequestForgery.ql.
[2026-09-08 18:55:47] [SPAMMY] resolve queries> Query Filter: Implicitly candidating C:\Users\rafar\.codeql\packages\codeql\python-queries\1.8.9\Security\CWE-943\NoSqlInjection.ql.
[2026-09-08 18:55:47] [SPAMMY] resolve queries> Query Filter: Implicitly candidating C:\Users\rafar\.codeql\packages\codeql\python-queries\1.8.9\Statements\AssertLiteralConstant.ql.
[2026-09-08 18:55:47] [SPAMMY] resolve queries> Query Filter: Implicitly candidating C:\Users\rafar\.codeql\packages\codeql\python-queries\1.8.9\Statements\AssertOnTuple.ql.
[2026-09-08 18:55:47] [SPAMMY] resolve queries> Query Filter: Implicitly candidating C:\Users\rafar\.codeql\packages\codeql\python-queries\1.8.9\Statements\BreakOrReturnInFinally.ql.
[2026-09-08 18:55:47] [SPAMMY] resolve queries> Query Filter: Implicitly candidating C:\Users\rafar\.codeql\packages\codeql\python-queries\1.8.9\Statements\ConstantInConditional.ql.
[2026-09-08 18:55:47] [SPAMMY] resolve queries> Query Filter: Implicitly candidating C:\Users\rafar\.codeql\packages\codeql\python-queries\1.8.9\Statements\C_StyleParentheses.ql.
[2026-09-08 18:55:47] [SPAMMY] resolve queries> Query Filter: Implicitly candidating C:\Users\rafar\.codeql\packages\codeql\python-queries\1.8.9\Statements\DocStrings.ql.
[2026-09-08 18:55:47] [SPAMMY] resolve queries> Query Filter: Implicitly candidating C:\Users\rafar\.codeql\packages\codeql\python-queries\1.8.9\Statements\ExecUsed.ql.
[2026-09-08 18:55:47] [SPAMMY] resolve queries> Query Filter: Implicitly candidating C:\Users\rafar\.codeql\packages\codeql\python-queries\1.8.9\Statements\IterableStringOrSequence.ql.
[2026-09-08 18:55:47] [SPAMMY] resolve queries> Query Filter: Implicitly candidating C:\Users\rafar\.codeql\packages\codeql\python-queries\1.8.9\Statements\MismatchInMultipleAssignment.ql.
[2026-09-08 18:55:47] [SPAMMY] resolve queries> Query Filter: Implicitly candidating C:\Users\rafar\.codeql\packages\codeql\python-queries\1.8.9\Statements\ModificationOfLocals.ql.
[2026-09-08 18:55:47] [SPAMMY] resolve queries> Query Filter: Implicitly candidating C:\Users\rafar\.codeql\packages\codeql\python-queries\1.8.9\Statements\NestedLoopsSameVariable.ql.
[2026-09-08 18:55:47] [SPAMMY] resolve queries> Query Filter: Implicitly candidating C:\Users\rafar\.codeql\packages\codeql\python-queries\1.8.9\Statements\NestedLoopsSameVariableWithReuse.ql.
[2026-09-08 18:55:47] [SPAMMY] resolve queries> Query Filter: Implicitly candidating C:\Users\rafar\.codeql\packages\codeql\python-queries\1.8.9\Statements\NonIteratorInForLoop.ql.
[2026-09-08 18:55:47] [SPAMMY] resolve queries> Query Filter: Implicitly candidating C:\Users\rafar\.codeql\packages\codeql\python-queries\1.8.9\Statements\RedundantAssignment.ql.
[2026-09-08 18:55:47] [SPAMMY] resolve queries> Query Filter: Implicitly candidating C:\Users\rafar\.codeql\packages\codeql\python-queries\1.8.9\Statements\ReturnOrYieldOutsideFunction.ql.
[2026-09-08 18:55:47] [SPAMMY] resolve queries> Query Filter: Implicitly candidating C:\Users\rafar\.codeql\packages\codeql\python-queries\1.8.9\Statements\ShouldUseWithStatement.ql.
[2026-09-08 18:55:47] [SPAMMY] resolve queries> Query Filter: Implicitly candidating C:\Users\rafar\.codeql\packages\codeql\python-queries\1.8.9\Statements\SideEffectInAssert.ql.
[2026-09-08 18:55:47] [SPAMMY] resolve queries> Query Filter: Implicitly candidating C:\Users\rafar\.codeql\packages\codeql\python-queries\1.8.9\Statements\StatementNoEffect.ql.
[2026-09-08 18:55:47] [SPAMMY] resolve queries> Query Filter: Implicitly candidating C:\Users\rafar\.codeql\packages\codeql\python-queries\1.8.9\Statements\StringConcatenationInLoop.ql.
[2026-09-08 18:55:47] [SPAMMY] resolve queries> Query Filter: Implicitly candidating C:\Users\rafar\.codeql\packages\codeql\python-queries\1.8.9\Statements\TopLevelPrint.ql.
[2026-09-08 18:55:47] [SPAMMY] resolve queries> Query Filter: Implicitly candidating C:\Users\rafar\.codeql\packages\codeql\python-queries\1.8.9\Statements\UnnecessaryDelete.ql.
[2026-09-08 18:55:47] [SPAMMY] resolve queries> Query Filter: Implicitly candidating C:\Users\rafar\.codeql\packages\codeql\python-queries\1.8.9\Statements\UnnecessaryElseClause.ql.
[2026-09-08 18:55:47] [SPAMMY] resolve queries> Query Filter: Implicitly candidating C:\Users\rafar\.codeql\packages\codeql\python-queries\1.8.9\Statements\UnnecessaryPass.ql.
[2026-09-08 18:55:47] [SPAMMY] resolve queries> Query Filter: Implicitly candidating C:\Users\rafar\.codeql\packages\codeql\python-queries\1.8.9\Statements\UnreachableCode.ql.
[2026-09-08 18:55:47] [SPAMMY] resolve queries> Query Filter: Implicitly candidating C:\Users\rafar\.codeql\packages\codeql\python-queries\1.8.9\Statements\UnusedExceptionObject.ql.
[2026-09-08 18:55:47] [SPAMMY] resolve queries> Query Filter: Implicitly candidating C:\Users\rafar\.codeql\packages\codeql\python-queries\1.8.9\Statements\UseOfExit.ql.
[2026-09-08 18:55:47] [SPAMMY] resolve queries> Query Filter: Implicitly candidating C:\Users\rafar\.codeql\packages\codeql\python-queries\1.8.9\Summary\LinesOfCode.ql.
[2026-09-08 18:55:47] [SPAMMY] resolve queries> Query Filter: Implicitly candidating C:\Users\rafar\.codeql\packages\codeql\python-queries\1.8.9\Summary\LinesOfUserCode.ql.
[2026-09-08 18:55:47] [SPAMMY] resolve queries> Query Filter: Implicitly candidating C:\Users\rafar\.codeql\packages\codeql\python-queries\1.8.9\Testing\ImpreciseAssert.ql.
[2026-09-08 18:55:47] [SPAMMY] resolve queries> Query Filter: Implicitly candidating C:\Users\rafar\.codeql\packages\codeql\python-queries\1.8.9\utils\modeleditor\FrameworkModeEndpoints.ql.
[2026-09-08 18:55:47] [SPAMMY] resolve queries> Query Filter: Implicitly candidating C:\Users\rafar\.codeql\packages\codeql\python-queries\1.8.9\Variables\Global.ql.
[2026-09-08 18:55:47] [SPAMMY] resolve queries> Query Filter: Implicitly candidating C:\Users\rafar\.codeql\packages\codeql\python-queries\1.8.9\Variables\GlobalAtModuleLevel.ql.
[2026-09-08 18:55:47] [SPAMMY] resolve queries> Query Filter: Implicitly candidating C:\Users\rafar\.codeql\packages\codeql\python-queries\1.8.9\Variables\LeakingListComprehension.ql.
[2026-09-08 18:55:47] [SPAMMY] resolve queries> Query Filter: Implicitly candidating C:\Users\rafar\.codeql\packages\codeql\python-queries\1.8.9\Variables\LoopVariableCapture\LoopVariableCapture.ql.
[2026-09-08 18:55:47] [SPAMMY] resolve queries> Query Filter: Implicitly candidating C:\Users\rafar\.codeql\packages\codeql\python-queries\1.8.9\Variables\MultiplyDefined.ql.
[2026-09-08 18:55:47] [SPAMMY] resolve queries> Query Filter: Implicitly candidating C:\Users\rafar\.codeql\packages\codeql\python-queries\1.8.9\Variables\ShadowBuiltin.ql.
[2026-09-08 18:55:47] [SPAMMY] resolve queries> Query Filter: Implicitly candidating C:\Users\rafar\.codeql\packages\codeql\python-queries\1.8.9\Variables\ShadowGlobal.ql.
[2026-09-08 18:55:47] [SPAMMY] resolve queries> Query Filter: Implicitly candidating C:\Users\rafar\.codeql\packages\codeql\python-queries\1.8.9\Variables\SuspiciousUnusedLoopIterationVariable.ql.
[2026-09-08 18:55:47] [SPAMMY] resolve queries> Query Filter: Implicitly candidating C:\Users\rafar\.codeql\packages\codeql\python-queries\1.8.9\Variables\UndefinedExport.ql.
[2026-09-08 18:55:47] [SPAMMY] resolve queries> Query Filter: Implicitly candidating C:\Users\rafar\.codeql\packages\codeql\python-queries\1.8.9\Variables\UndefinedGlobal.ql.
[2026-09-08 18:55:47] [SPAMMY] resolve queries> Query Filter: Implicitly candidating C:\Users\rafar\.codeql\packages\codeql\python-queries\1.8.9\Variables\UndefinedPlaceHolder.ql.
[2026-09-08 18:55:47] [SPAMMY] resolve queries> Query Filter: Implicitly candidating C:\Users\rafar\.codeql\packages\codeql\python-queries\1.8.9\Variables\UninitializedLocal.ql.
[2026-09-08 18:55:47] [SPAMMY] resolve queries> Query Filter: Implicitly candidating C:\Users\rafar\.codeql\packages\codeql\python-queries\1.8.9\Variables\UnusedLocalVariable.ql.
[2026-09-08 18:55:47] [SPAMMY] resolve queries> Query Filter: Implicitly candidating C:\Users\rafar\.codeql\packages\codeql\python-queries\1.8.9\Variables\UnusedModuleVariable.ql.
[2026-09-08 18:55:47] [SPAMMY] resolve queries> Query Filter: Implicitly candidating C:\Users\rafar\.codeql\packages\codeql\python-queries\1.8.9\Variables\UnusedParameter.ql.
[2026-09-08 18:55:47] [SPAMMY] resolve queries> Query Filter: Including by constraints kind=problem|path-problem; precision=high|very-high; tags contain=security.
[2026-09-08 18:55:47] [SPAMMIER] resolve queries> Query Filter: C:\Users\rafar\.codeql\packages\codeql\python-queries\1.8.9\AlertSuppression.ql failed the constraint of kind (was alert-suppression).
[2026-09-08 18:55:47] [SPAMMIER] resolve queries> Query Filter: C:\Users\rafar\.codeql\packages\codeql\python-queries\1.8.9\analysis\CallGraphEfficiency.ql failed the constraint of kind (not present).
[2026-09-08 18:55:47] [SPAMMIER] resolve queries> Query Filter: C:\Users\rafar\.codeql\packages\codeql\python-queries\1.8.9\analysis\CallGraphMarginalEfficiency.ql failed the constraint of kind (not present).
[2026-09-08 18:55:47] [SPAMMIER] resolve queries> Query Filter: C:\Users\rafar\.codeql\packages\codeql\python-queries\1.8.9\analysis\Consistency.ql failed the constraint of kind (not present).
[2026-09-08 18:55:47] [SPAMMIER] resolve queries> Query Filter: C:\Users\rafar\.codeql\packages\codeql\python-queries\1.8.9\analysis\ContextEfficiency.ql failed the constraint of kind (not present).
[2026-09-08 18:55:47] [SPAMMIER] resolve queries> Query Filter: C:\Users\rafar\.codeql\packages\codeql\python-queries\1.8.9\analysis\ContextMarginalEfficiency.ql failed the constraint of kind (not present).
[2026-09-08 18:55:47] [SPAMMIER] resolve queries> Query Filter: C:\Users\rafar\.codeql\packages\codeql\python-queries\1.8.9\analysis\Definitions.ql failed the constraint of kind (was definitions).
[2026-09-08 18:55:47] [SPAMMIER] resolve queries> Query Filter: C:\Users\rafar\.codeql\packages\codeql\python-queries\1.8.9\analysis\Efficiency.ql failed the constraint of kind (not present).
[2026-09-08 18:55:47] [SPAMMIER] resolve queries> Query Filter: C:\Users\rafar\.codeql\packages\codeql\python-queries\1.8.9\analysis\FailedInference.ql failed the constraint of kind (not present).
[2026-09-08 18:55:47] [SPAMMIER] resolve queries> Query Filter: C:\Users\rafar\.codeql\packages\codeql\python-queries\1.8.9\analysis\ImportFailure.ql failed the constraint of precision (not present).
[2026-09-08 18:55:47] [SPAMMIER] resolve queries> Query Filter: C:\Users\rafar\.codeql\packages\codeql\python-queries\1.8.9\analysis\KeyPointsToFailure.ql failed the constraint of precision (not present).
[2026-09-08 18:55:47] [SPAMMIER] resolve queries> Query Filter: C:\Users\rafar\.codeql\packages\codeql\python-queries\1.8.9\analysis\PointsToFailure.ql failed the constraint of precision (not present).
[2026-09-08 18:55:47] [SPAMMIER] resolve queries> Query Filter: C:\Users\rafar\.codeql\packages\codeql\python-queries\1.8.9\Classes\CallsToInitDel\MissingCallToDel.ql failed 'tags contain` constraint [quality, reliability, correctness, performance]
[2026-09-08 18:55:47] [SPAMMIER] resolve queries> Query Filter: C:\Users\rafar\.codeql\packages\codeql\python-queries\1.8.9\Classes\CallsToInitDel\MissingCallToInit.ql failed 'tags contain` constraint [quality, reliability, correctness]
[2026-09-08 18:55:47] [SPAMMIER] resolve queries> Query Filter: C:\Users\rafar\.codeql\packages\codeql\python-queries\1.8.9\Classes\CallsToInitDel\SuperclassDelCalledMultipleTimes.ql failed 'tags contain` constraint [quality, reliability, correctness]
[2026-09-08 18:55:47] [SPAMMIER] resolve queries> Query Filter: C:\Users\rafar\.codeql\packages\codeql\python-queries\1.8.9\Classes\CallsToInitDel\SuperclassInitCalledMultipleTimes.ql failed 'tags contain` constraint [quality, reliability, correctness]
[2026-09-08 18:55:47] [SPAMMIER] resolve queries> Query Filter: C:\Users\rafar\.codeql\packages\codeql\python-queries\1.8.9\Classes\Comparisons\EqualsOrHash.ql failed 'tags contain` constraint [quality, reliability, correctness, external/cwe/cwe-581]
[2026-09-08 18:55:47] [SPAMMIER] resolve queries> Query Filter: C:\Users\rafar\.codeql\packages\codeql\python-queries\1.8.9\Classes\Comparisons\EqualsOrNotEquals.ql failed 'tags contain` constraint [quality, reliability, correctness]
[2026-09-08 18:55:47] [SPAMMIER] resolve queries> Query Filter: C:\Users\rafar\.codeql\packages\codeql\python-queries\1.8.9\Classes\Comparisons\IncompleteOrdering.ql failed 'tags contain` constraint [quality, reliability, correctness]
[2026-09-08 18:55:47] [SPAMMIER] resolve queries> Query Filter: C:\Users\rafar\.codeql\packages\codeql\python-queries\1.8.9\Classes\ConflictingAttributesInBaseClasses.ql failed 'tags contain` constraint [quality, reliability, correctness]
[2026-09-08 18:55:47] [SPAMMIER] resolve queries> Query Filter: C:\Users\rafar\.codeql\packages\codeql\python-queries\1.8.9\Classes\DefineEqualsWhenAddingAttributes.ql failed 'tags contain` constraint [quality, reliability, correctness]
[2026-09-08 18:55:47] [SPAMMIER] resolve queries> Query Filter: C:\Users\rafar\.codeql\packages\codeql\python-queries\1.8.9\Classes\InconsistentMRO.ql failed 'tags contain` constraint [quality, reliability, correctness]
[2026-09-08 18:55:47] [SPAMMIER] resolve queries> Query Filter: C:\Users\rafar\.codeql\packages\codeql\python-queries\1.8.9\Classes\InitCallsSubclass\InitCallsSubclassMethod.ql failed 'tags contain` constraint [reliability, correctness, quality]
[2026-09-08 18:55:47] [SPAMMIER] resolve queries> Query Filter: C:\Users\rafar\.codeql\packages\codeql\python-queries\1.8.9\Classes\MaybeUndefinedClassAttribute.ql failed the constraint of precision (was low).
[2026-09-08 18:55:47] [SPAMMIER] resolve queries> Query Filter: C:\Users\rafar\.codeql\packages\codeql\python-queries\1.8.9\Classes\MutatingDescriptor.ql failed 'tags contain` constraint [quality, reliability, correctness]
[2026-09-08 18:55:47] [SPAMMIER] resolve queries> Query Filter: C:\Users\rafar\.codeql\packages\codeql\python-queries\1.8.9\Classes\OverwritingAttributeInSuperClass.ql failed the constraint of precision (was medium).
[2026-09-08 18:55:47] [SPAMMIER] resolve queries> Query Filter: C:\Users\rafar\.codeql\packages\codeql\python-queries\1.8.9\Classes\PropertyInOldStyleClass.ql failed 'tags contain` constraint [portability, correctness]
[2026-09-08 18:55:47] [SPAMMIER] resolve queries> Query Filter: C:\Users\rafar\.codeql\packages\codeql\python-queries\1.8.9\Classes\ShouldBeContextManager.ql failed the constraint of precision (was medium).
[2026-09-08 18:55:47] [SPAMMIER] resolve queries> Query Filter: C:\Users\rafar\.codeql\packages\codeql\python-queries\1.8.9\Classes\SlotsInOldStyleClass.ql failed 'tags contain` constraint [portability, correctness]
[2026-09-08 18:55:47] [SPAMMIER] resolve queries> Query Filter: C:\Users\rafar\.codeql\packages\codeql\python-queries\1.8.9\Classes\SubclassShadowing\SubclassShadowing.ql failed 'tags contain` constraint [quality, reliability, correctness]
[2026-09-08 18:55:47] [SPAMMIER] resolve queries> Query Filter: C:\Users\rafar\.codeql\packages\codeql\python-queries\1.8.9\Classes\SuperInOldStyleClass.ql failed 'tags contain` constraint [portability, correctness]
[2026-09-08 18:55:47] [SPAMMIER] resolve queries> Query Filter: C:\Users\rafar\.codeql\packages\codeql\python-queries\1.8.9\Classes\UndefinedClassAttribute.ql failed the constraint of precision (was low).
[2026-09-08 18:55:47] [SPAMMIER] resolve queries> Query Filter: C:\Users\rafar\.codeql\packages\codeql\python-queries\1.8.9\Classes\UselessClass.ql failed the constraint of precision (was medium).
[2026-09-08 18:55:47] [SPAMMIER] resolve queries> Query Filter: C:\Users\rafar\.codeql\packages\codeql\python-queries\1.8.9\Classes\WrongNameForArgumentInClassInstantiation.ql failed 'tags contain` constraint [quality, reliability, correctness, external/cwe/cwe-628]
[2026-09-08 18:55:47] [SPAMMIER] resolve queries> Query Filter: C:\Users\rafar\.codeql\packages\codeql\python-queries\1.8.9\Classes\WrongNumberArgumentsInClassInstantiation.ql failed 'tags contain` constraint [quality, reliability, correctness, external/cwe/cwe-685]
[2026-09-08 18:55:47] [SPAMMIER] resolve queries> Query Filter: C:\Users\rafar\.codeql\packages\codeql\python-queries\1.8.9\Diagnostics\ExtractedFiles.ql failed the constraint of kind (was diagnostic).
[2026-09-08 18:55:47] [SPAMMIER] resolve queries> Query Filter: C:\Users\rafar\.codeql\packages\codeql\python-queries\1.8.9\Diagnostics\ExtractionWarnings.ql failed the constraint of kind (was diagnostic).
[2026-09-08 18:55:47] [SPAMMIER] resolve queries> Query Filter: C:\Users\rafar\.codeql\packages\codeql\python-queries\1.8.9\Exceptions\CatchingBaseException.ql failed 'tags contain` constraint [quality, reliability, error-handling, external/cwe/cwe-396]
[2026-09-08 18:55:47] [SPAMMIER] resolve queries> Query Filter: C:\Users\rafar\.codeql\packages\codeql\python-queries\1.8.9\Exceptions\EmptyExcept.ql failed 'tags contain` constraint [quality, reliability, error-handling, external/cwe/cwe-390]
[2026-09-08 18:55:47] [SPAMMIER] resolve queries> Query Filter: C:\Users\rafar\.codeql\packages\codeql\python-queries\1.8.9\Exceptions\IllegalExceptionHandlerType.ql failed 'tags contain` constraint [quality, reliability, error-handling]
[2026-09-08 18:55:47] [SPAMMIER] resolve queries> Query Filter: C:\Users\rafar\.codeql\packages\codeql\python-queries\1.8.9\Exceptions\IllegalRaise.ql failed 'tags contain` constraint [quality, reliability, error-handling]
[2026-09-08 18:55:47] [SPAMMIER] resolve queries> Query Filter: C:\Users\rafar\.codeql\packages\codeql\python-queries\1.8.9\Exceptions\IncorrectExceptOrder.ql failed 'tags contain` constraint [quality, reliability, error-handling, external/cwe/cwe-561]
[2026-09-08 18:55:47] [SPAMMIER] resolve queries> Query Filter: C:\Users\rafar\.codeql\packages\codeql\python-queries\1.8.9\Exceptions\NotImplementedIsNotAnException.ql failed 'tags contain` constraint [quality, reliability, error-handling]
[2026-09-08 18:55:47] [SPAMMIER] resolve queries> Query Filter: C:\Users\rafar\.codeql\packages\codeql\python-queries\1.8.9\Exceptions\RaisingTuple.ql failed 'tags contain` constraint [maintainability]
[2026-09-08 18:55:47] [SPAMMIER] resolve queries> Query Filter: C:\Users\rafar\.codeql\packages\codeql\python-queries\1.8.9\Exceptions\UnguardedNextInGenerator.ql failed 'tags contain` constraint [maintainability, portability]
[2026-09-08 18:55:47] [SPAMMIER] resolve queries> Query Filter: C:\Users\rafar\.codeql\packages\codeql\python-queries\1.8.9\experimental\Classes\NamingConventionsClasses.ql failed the constraint of precision (not present).
[2026-09-08 18:55:47] [SPAMMIER] resolve queries> Query Filter: C:\Users\rafar\.codeql\packages\codeql\python-queries\1.8.9\experimental\cryptography\example_alerts\UnknownAsymmetricKeyGen.ql failed 'tags contain` constraint [external/cwe/cwe-326]
[2026-09-08 18:55:47] [SPAMMIER] resolve queries> Query Filter: C:\Users\rafar\.codeql\packages\codeql\python-queries\1.8.9\experimental\cryptography\example_alerts\WeakAsymmetricKeyGen.ql failed 'tags contain` constraint [external/cwe/cwe-326]
[2026-09-08 18:55:47] [SPAMMIER] resolve queries> Query Filter: C:\Users\rafar\.codeql\packages\codeql\python-queries\1.8.9\experimental\cryptography\example_alerts\WeakAsymmetricPadding.ql failed 'tags contain` constraint []
[2026-09-08 18:55:47] [SPAMMIER] resolve queries> Query Filter: C:\Users\rafar\.codeql\packages\codeql\python-queries\1.8.9\experimental\cryptography\example_alerts\WeakBlockMode.ql failed 'tags contain` constraint [external/cwe/cwe-327]
[2026-09-08 18:55:47] [SPAMMIER] resolve queries> Query Filter: C:\Users\rafar\.codeql\packages\codeql\python-queries\1.8.9\experimental\cryptography\example_alerts\WeakBlockModeIVorNonce.ql failed 'tags contain` constraint []
[2026-09-08 18:55:47] [SPAMMIER] resolve queries> Query Filter: C:\Users\rafar\.codeql\packages\codeql\python-queries\1.8.9\experimental\cryptography\example_alerts\WeakEllipticCurve.ql failed 'tags contain` constraint [external/cwe/cwe-327]
[2026-09-08 18:55:47] [SPAMMIER] resolve queries> Query Filter: C:\Users\rafar\.codeql\packages\codeql\python-queries\1.8.9\experimental\cryptography\example_alerts\WeakHashes.ql failed 'tags contain` constraint [external/cwe/cwe-327]
[2026-09-08 18:55:47] [SPAMMIER] resolve queries> Query Filter: C:\Users\rafar\.codeql\packages\codeql\python-queries\1.8.9\experimental\cryptography\example_alerts\WeakKDFAlgorithm.ql failed 'tags contain` constraint []
[2026-09-08 18:55:47] [SPAMMIER] resolve queries> Query Filter: C:\Users\rafar\.codeql\packages\codeql\python-queries\1.8.9\experimental\cryptography\example_alerts\WeakKDFIteration.ql failed 'tags contain` constraint []
[2026-09-08 18:55:47] [SPAMMIER] resolve queries> Query Filter: C:\Users\rafar\.codeql\packages\codeql\python-queries\1.8.9\experimental\cryptography\example_alerts\WeakKDFKeyLength.ql failed 'tags contain` constraint []
[2026-09-08 18:55:47] [SPAMMIER] resolve queries> Query Filter: C:\Users\rafar\.codeql\packages\codeql\python-queries\1.8.9\experimental\cryptography\example_alerts\WeakKDFMode.ql failed 'tags contain` constraint []
[2026-09-08 18:55:47] [SPAMMIER] resolve queries> Query Filter: C:\Users\rafar\.codeql\packages\codeql\python-queries\1.8.9\experimental\cryptography\example_alerts\WeakKDFSaltGen.ql failed 'tags contain` constraint []
[2026-09-08 18:55:47] [SPAMMIER] resolve queries> Query Filter: C:\Users\rafar\.codeql\packages\codeql\python-queries\1.8.9\experimental\cryptography\example_alerts\WeakKDFSaltSize.ql failed 'tags contain` constraint []
[2026-09-08 18:55:47] [SPAMMIER] resolve queries> Query Filter: C:\Users\rafar\.codeql\packages\codeql\python-queries\1.8.9\experimental\cryptography\example_alerts\WeakSymmetricEncryption.ql failed 'tags contain` constraint [external/cwe/cwe-327]
[2026-09-08 18:55:47] [SPAMMIER] resolve queries> Query Filter: C:\Users\rafar\.codeql\packages\codeql\python-queries\1.8.9\experimental\cryptography\inventory\new_models\AllAsymmetricAlgorithms.ql failed the constraint of precision (not present).
[2026-09-08 18:55:47] [SPAMMIER] resolve queries> Query Filter: C:\Users\rafar\.codeql\packages\codeql\python-queries\1.8.9\experimental\cryptography\inventory\new_models\AllCryptoAlgorithms.ql failed the constraint of precision (not present).
[2026-09-08 18:55:47] [SPAMMIER] resolve queries> Query Filter: C:\Users\rafar\.codeql\packages\codeql\python-queries\1.8.9\experimental\cryptography\inventory\new_models\AsymmetricEncryptionAlgorithms.ql failed the constraint of precision (not present).
[2026-09-08 18:55:47] [SPAMMIER] resolve queries> Query Filter: C:\Users\rafar\.codeql\packages\codeql\python-queries\1.8.9\experimental\cryptography\inventory\new_models\AsymmetricKeyGenOperation.ql failed the constraint of precision (not present).
[2026-09-08 18:55:47] [SPAMMIER] resolve queries> Query Filter: C:\Users\rafar\.codeql\packages\codeql\python-queries\1.8.9\experimental\cryptography\inventory\new_models\AsymmetricPaddingAlgorithms.ql failed the constraint of precision (not present).
[2026-09-08 18:55:47] [SPAMMIER] resolve queries> Query Filter: C:\Users\rafar\.codeql\packages\codeql\python-queries\1.8.9\experimental\cryptography\inventory\new_models\AuthenticatedEncryptionAlgorithms.ql failed the constraint of precision (not present).
[2026-09-08 18:55:47] [SPAMMIER] resolve queries> Query Filter: C:\Users\rafar\.codeql\packages\codeql\python-queries\1.8.9\experimental\cryptography\inventory\new_models\BlockModeAlgorithms.ql failed the constraint of precision (not present).
[2026-09-08 18:55:47] [SPAMMIER] resolve queries> Query Filter: C:\Users\rafar\.codeql\packages\codeql\python-queries\1.8.9\experimental\cryptography\inventory\new_models\BlockModeKnownIVsOrNonces.ql failed the constraint of precision (not present).
[2026-09-08 18:55:47] [SPAMMIER] resolve queries> Query Filter: C:\Users\rafar\.codeql\packages\codeql\python-queries\1.8.9\experimental\cryptography\inventory\new_models\BlockModeUnknownIVsOrNonces.ql failed the constraint of precision (not present).
[2026-09-08 18:55:47] [SPAMMIER] resolve queries> Query Filter: C:\Users\rafar\.codeql\packages\codeql\python-queries\1.8.9\experimental\cryptography\inventory\new_models\EllipticCurveAlgorithms.ql failed the constraint of precision (not present).
[2026-09-08 18:55:47] [SPAMMIER] resolve queries> Query Filter: C:\Users\rafar\.codeql\packages\codeql\python-queries\1.8.9\experimental\cryptography\inventory\new_models\HashingAlgorithms.ql failed the constraint of precision (not present).
[2026-09-08 18:55:47] [SPAMMIER] resolve queries> Query Filter: C:\Users\rafar\.codeql\packages\codeql\python-queries\1.8.9\experimental\cryptography\inventory\new_models\KeyDerivationAlgorithms.ql failed the constraint of precision (not present).
[2026-09-08 18:55:47] [SPAMMIER] resolve queries> Query Filter: C:\Users\rafar\.codeql\packages\codeql\python-queries\1.8.9\experimental\cryptography\inventory\new_models\KeyExchangeAlgorithms.ql failed the constraint of precision (not present).
[2026-09-08 18:55:47] [SPAMMIER] resolve queries> Query Filter: C:\Users\rafar\.codeql\packages\codeql\python-queries\1.8.9\experimental\cryptography\inventory\new_models\SigningAlgorithms.ql failed the constraint of precision (not present).
[2026-09-08 18:55:47] [SPAMMIER] resolve queries> Query Filter: C:\Users\rafar\.codeql\packages\codeql\python-queries\1.8.9\experimental\cryptography\inventory\new_models\SymmetricEncryptionAlgorithms.ql failed the constraint of precision (not present).
[2026-09-08 18:55:47] [SPAMMIER] resolve queries> Query Filter: C:\Users\rafar\.codeql\packages\codeql\python-queries\1.8.9\experimental\cryptography\inventory\new_models\SymmetricPaddingAlgorithms.ql failed the constraint of precision (not present).
[2026-09-08 18:55:47] [SPAMMIER] resolve queries> Query Filter: C:\Users\rafar\.codeql\packages\codeql\python-queries\1.8.9\experimental\cryptography\inventory\old_models\AllCryptoAlgorithms.ql failed the constraint of precision (not present).
[2026-09-08 18:55:47] [SPAMMIER] resolve queries> Query Filter: C:\Users\rafar\.codeql\packages\codeql\python-queries\1.8.9\experimental\cryptography\inventory\old_models\BlockModeAlgorithms.ql failed the constraint of precision (not present).
[2026-09-08 18:55:47] [SPAMMIER] resolve queries> Query Filter: C:\Users\rafar\.codeql\packages\codeql\python-queries\1.8.9\experimental\cryptography\inventory\old_models\HashingAlgorithms.ql failed the constraint of precision (not present).
[2026-09-08 18:55:47] [SPAMMIER] resolve queries> Query Filter: C:\Users\rafar\.codeql\packages\codeql\python-queries\1.8.9\experimental\Functions\NamingConventionsFunctions.ql failed the constraint of precision (not present).
[2026-09-08 18:55:47] [SPAMMY] resolve queries> Query Filter: Including C:\Users\rafar\.codeql\packages\codeql\python-queries\1.8.9\experimental\Security\CWE-022\ZipSlip.ql.
[2026-09-08 18:55:47] [SPAMMY] resolve queries> Query Filter: Including C:\Users\rafar\.codeql\packages\codeql\python-queries\1.8.9\experimental\Security\CWE-022bis\TarSlipImprov.ql.
[2026-09-08 18:55:47] [SPAMMIER] resolve queries> Query Filter: C:\Users\rafar\.codeql\packages\codeql\python-queries\1.8.9\experimental\Security\CWE-022bis\UnsafeUnpack.ql failed the constraint of precision (was medium).
[2026-09-08 18:55:47] [SPAMMY] resolve queries> Query Filter: Including C:\Users\rafar\.codeql\packages\codeql\python-queries\1.8.9\experimental\Security\CWE-074\remoteCommandExecution\RemoteCommandExecution.ql.
[2026-09-08 18:55:47] [SPAMMIER] resolve queries> Query Filter: C:\Users\rafar\.codeql\packages\codeql\python-queries\1.8.9\experimental\Security\CWE-079\EmailXss.ql failed the constraint of precision (not present).
[2026-09-08 18:55:47] [SPAMMY] resolve queries> Query Filter: Including C:\Users\rafar\.codeql\packages\codeql\python-queries\1.8.9\experimental\Security\CWE-091\XsltInjection.ql.
[2026-09-08 18:55:47] [SPAMMY] resolve queries> Query Filter: Including C:\Users\rafar\.codeql\packages\codeql\python-queries\1.8.9\experimental\Security\CWE-094\Js2Py.ql.
[2026-09-08 18:55:47] [SPAMMIER] resolve queries> Query Filter: C:\Users\rafar\.codeql\packages\codeql\python-queries\1.8.9\experimental\Security\CWE-1236\CsvInjection.ql failed the constraint of precision (not present).
[2026-09-08 18:55:47] [SPAMMY] resolve queries> Query Filter: Including C:\Users\rafar\.codeql\packages\codeql\python-queries\1.8.9\experimental\Security\CWE-1427\PromptInjection.ql.
[2026-09-08 18:55:47] [SPAMMY] resolve queries> Query Filter: Including C:\Users\rafar\.codeql\packages\codeql\python-queries\1.8.9\experimental\Security\CWE-176\UnicodeBypassValidation.ql.
[2026-09-08 18:55:47] [SPAMMIER] resolve queries> Query Filter: C:\Users\rafar\.codeql\packages\codeql\python-queries\1.8.9\experimental\Security\CWE-208\TimingAttackAgainstHash\PossibleTimingAttackAgainstHash.ql failed the constraint of precision (was low).
[2026-09-08 18:55:47] [SPAMMIER] resolve queries> Query Filter: C:\Users\rafar\.codeql\packages\codeql\python-queries\1.8.9\experimental\Security\CWE-208\TimingAttackAgainstHash\TimingAttackAgainstHash.ql failed the constraint of precision (was low).
[2026-09-08 18:55:47] [SPAMMY] resolve queries> Query Filter: Including C:\Users\rafar\.codeql\packages\codeql\python-queries\1.8.9\experimental\Security\CWE-208\TimingAttackAgainstHeaderValue\TimingAttackAgainstHeaderValue.ql.
[2026-09-08 18:55:47] [SPAMMIER] resolve queries> Query Filter: C:\Users\rafar\.codeql\packages\codeql\python-queries\1.8.9\experimental\Security\CWE-208\TimingAttackAgainstSensitiveInfo\PossibleTimingAttackAgainstSensitiveInfo.ql failed the constraint of precision (was low).
[2026-09-08 18:55:47] [SPAMMIER] resolve queries> Query Filter: C:\Users\rafar\.codeql\packages\codeql\python-queries\1.8.9\experimental\Security\CWE-208\TimingAttackAgainstSensitiveInfo\TimingAttackAgainstSensitiveInfo.ql failed the constraint of precision (was low).
[2026-09-08 18:55:47] [SPAMMIER] resolve queries> Query Filter: C:\Users\rafar\.codeql\packages\codeql\python-queries\1.8.9\experimental\Security\CWE-287\ImproperLdapAuth.ql failed the constraint of precision (not present).
[2026-09-08 18:55:47] [SPAMMY] resolve queries> Query Filter: Including C:\Users\rafar\.codeql\packages\codeql\python-queries\1.8.9\experimental\Security\CWE-287-ConstantSecretKey\WebAppConstantSecretKey.ql.
[2026-09-08 18:55:47] [SPAMMIER] resolve queries> Query Filter: C:\Users\rafar\.codeql\packages\codeql\python-queries\1.8.9\experimental\Security\CWE-327\Azure\UnsafeUsageOfClientSideEncryptionVersion.ql failed the constraint of precision (was medium).
[2026-09-08 18:55:47] [SPAMMY] resolve queries> Query Filter: Including C:\Users\rafar\.codeql\packages\codeql\python-queries\1.8.9\experimental\Security\CWE-338\InsecureRandomness.ql.
[2026-09-08 18:55:47] [SPAMMIER] resolve queries> Query Filter: C:\Users\rafar\.codeql\packages\codeql\python-queries\1.8.9\experimental\Security\CWE-340\TokenBuiltFromUUID.ql failed the constraint of precision (was medium).
[2026-09-08 18:55:47] [SPAMMIER] resolve queries> Query Filter: C:\Users\rafar\.codeql\packages\codeql\python-queries\1.8.9\experimental\Security\CWE-346\CorsBypass.ql failed the constraint of precision (not present).
[2026-09-08 18:55:47] [SPAMMIER] resolve queries> Query Filter: C:\Users\rafar\.codeql\packages\codeql\python-queries\1.8.9\experimental\Security\CWE-347\JWTEmptyKeyOrAlgorithm.ql failed the constraint of precision (not present).
[2026-09-08 18:55:47] [SPAMMIER] resolve queries> Query Filter: C:\Users\rafar\.codeql\packages\codeql\python-queries\1.8.9\experimental\Security\CWE-347\JWTMissingSecretOrPublicKeyVerification.ql failed the constraint of precision (not present).
[2026-09-08 18:55:47] [SPAMMY] resolve queries> Query Filter: Including C:\Users\rafar\.codeql\packages\codeql\python-queries\1.8.9\experimental\Security\CWE-348\ClientSuppliedIpUsedInSecurityCheck.ql.
[2026-09-08 18:55:47] [SPAMMY] resolve queries> Query Filter: Including C:\Users\rafar\.codeql\packages\codeql\python-queries\1.8.9\experimental\Security\CWE-409\DecompressionBombs.ql.
[2026-09-08 18:55:47] [SPAMMIER] resolve queries> Query Filter: C:\Users\rafar\.codeql\packages\codeql\python-queries\1.8.9\experimental\Security\CWE-522\LdapInsecureAuth.ql failed the constraint of precision (not present).
[2026-09-08 18:55:47] [SPAMMY] resolve queries> Query Filter: Including C:\Users\rafar\.codeql\packages\codeql\python-queries\1.8.9\experimental\Security\CWE-611\SimpleXmlRpcServer.ql.
[2026-09-08 18:55:47] [SPAMMY] resolve queries> Query Filter: Including C:\Users\rafar\.codeql\packages\codeql\python-queries\1.8.9\experimental\Security\CWE-770\UnicodeDoS.ql.
[2026-09-08 18:55:47] [SPAMMY] resolve queries> Query Filter: Including C:\Users\rafar\.codeql\packages\codeql\python-queries\1.8.9\experimental\Security\CWE-942\CorsMisconfigurationMiddleware.ql.
[2026-09-08 18:55:47] [SPAMMIER] resolve queries> Query Filter: C:\Users\rafar\.codeql\packages\codeql\python-queries\1.8.9\Expressions\CallToSuperWrongClass.ql failed 'tags contain` constraint [quality, reliability, correctness, external/cwe/cwe-687]
[2026-09-08 18:55:47] [SPAMMIER] resolve queries> Query Filter: C:\Users\rafar\.codeql\packages\codeql\python-queries\1.8.9\Expressions\CompareConstants.ql failed 'tags contain` constraint [quality, maintainability, useless-code, external/cwe/cwe-570, external/cwe/cwe-571]
[2026-09-08 18:55:47] [SPAMMIER] resolve queries> Query Filter: C:\Users\rafar\.codeql\packages\codeql\python-queries\1.8.9\Expressions\CompareIdenticalValues.ql failed 'tags contain` constraint [quality, maintainability, readability, external/cwe/cwe-570, external/cwe/cwe-571]
[2026-09-08 18:55:47] [SPAMMIER] resolve queries> Query Filter: C:\Users\rafar\.codeql\packages\codeql\python-queries\1.8.9\Expressions\CompareIdenticalValuesMissingSelf.ql failed 'tags contain` constraint [quality, reliability, correctness, external/cwe/cwe-570, external/cwe/cwe-571]
[2026-09-08 18:55:47] [SPAMMIER] resolve queries> Query Filter: C:\Users\rafar\.codeql\packages\codeql\python-queries\1.8.9\Expressions\Comparisons\UselessComparisonTest.ql failed 'tags contain` constraint [quality, maintainability, useless-code, external/cwe/cwe-561, external/cwe/cwe-570, external/cwe/cwe-571]
[2026-09-08 18:55:47] [SPAMMIER] resolve queries> Query Filter: C:\Users\rafar\.codeql\packages\codeql\python-queries\1.8.9\Expressions\ContainsNonContainer.ql failed 'tags contain` constraint [quality, reliability, correctness]
[2026-09-08 18:55:47] [SPAMMIER] resolve queries> Query Filter: C:\Users\rafar\.codeql\packages\codeql\python-queries\1.8.9\Expressions\DuplicateKeyInDictionaryLiteral.ql failed 'tags contain` constraint [quality, maintainability, useless-code, external/cwe/cwe-561]
[2026-09-08 18:55:47] [SPAMMIER] resolve queries> Query Filter: C:\Users\rafar\.codeql\packages\codeql\python-queries\1.8.9\Expressions\EqualsNone.ql failed 'tags contain` constraint [quality, reliability, correctness, performance]
[2026-09-08 18:55:47] [SPAMMIER] resolve queries> Query Filter: C:\Users\rafar\.codeql\packages\codeql\python-queries\1.8.9\Expressions\ExpectedMappingForFormatString.ql failed 'tags contain` constraint [quality, reliability, correctness]
[2026-09-08 18:55:47] [SPAMMIER] resolve queries> Query Filter: C:\Users\rafar\.codeql\packages\codeql\python-queries\1.8.9\Expressions\ExplicitCallToDel.ql failed 'tags contain` constraint [quality, reliability, correctness]
[2026-09-08 18:55:47] [SPAMMIER] resolve queries> Query Filter: C:\Users\rafar\.codeql\packages\codeql\python-queries\1.8.9\Expressions\Formatting\MixedExplicitImplicitIn3101Format.ql failed 'tags contain` constraint [quality, reliability, correctness]
[2026-09-08 18:55:47] [SPAMMIER] resolve queries> Query Filter: C:\Users\rafar\.codeql\packages\codeql\python-queries\1.8.9\Expressions\Formatting\UnusedArgumentIn3101Format.ql failed 'tags contain` constraint [quality, maintainability, useless-code]
[2026-09-08 18:55:47] [SPAMMIER] resolve queries> Query Filter: C:\Users\rafar\.codeql\packages\codeql\python-queries\1.8.9\Expressions\Formatting\UnusedNamedArgumentIn3101Format.ql failed 'tags contain` constraint [quality, maintainability, useless-code]
[2026-09-08 18:55:47] [SPAMMIER] resolve queries> Query Filter: C:\Users\rafar\.codeql\packages\codeql\python-queries\1.8.9\Expressions\Formatting\WrongNameInArgumentsFor3101Format.ql failed 'tags contain` constraint [quality, reliability, correctness]
[2026-09-08 18:55:47] [SPAMMIER] resolve queries> Query Filter: C:\Users\rafar\.codeql\packages\codeql\python-queries\1.8.9\Expressions\Formatting\WrongNumberArgumentsFor3101Format.ql failed 'tags contain` constraint [quality, reliability, correctness]
[2026-09-08 18:55:47] [SPAMMIER] resolve queries> Query Filter: C:\Users\rafar\.codeql\packages\codeql\python-queries\1.8.9\Expressions\HashedButNoHash.ql failed 'tags contain` constraint [quality, reliability, correctness]
[2026-09-08 18:55:47] [SPAMMIER] resolve queries> Query Filter: C:\Users\rafar\.codeql\packages\codeql\python-queries\1.8.9\Expressions\IncorrectComparisonUsingIs.ql failed 'tags contain` constraint [quality, reliability, correctness]
[2026-09-08 18:55:47] [SPAMMIER] resolve queries> Query Filter: C:\Users\rafar\.codeql\packages\codeql\python-queries\1.8.9\Expressions\NonCallableCalled.ql failed 'tags contain` constraint [quality, reliability, correctness]
[2026-09-08 18:55:47] [SPAMMIER] resolve queries> Query Filter: C:\Users\rafar\.codeql\packages\codeql\python-queries\1.8.9\Expressions\NonPortableComparisonUsingIs.ql failed the constraint of precision (was medium).
[2026-09-08 18:55:47] [SPAMMIER] resolve queries> Query Filter: C:\Users\rafar\.codeql\packages\codeql\python-queries\1.8.9\Expressions\Regex\BackspaceEscape.ql failed 'tags contain` constraint [quality, maintainability, readability]
[2026-09-08 18:55:47] [SPAMMIER] resolve queries> Query Filter: C:\Users\rafar\.codeql\packages\codeql\python-queries\1.8.9\Expressions\Regex\DuplicateCharacterInSet.ql failed 'tags contain` constraint [quality, maintainability, readability]
[2026-09-08 18:55:47] [SPAMMIER] resolve queries> Query Filter: C:\Users\rafar\.codeql\packages\codeql\python-queries\1.8.9\Expressions\Regex\MissingPartSpecialGroup.ql failed 'tags contain` constraint [quality, reliability, correctness]
[2026-09-08 18:55:47] [SPAMMIER] resolve queries> Query Filter: C:\Users\rafar\.codeql\packages\codeql\python-queries\1.8.9\Expressions\Regex\UnmatchableCaret.ql failed 'tags contain` constraint [quality, reliability, correctness]
[2026-09-08 18:55:47] [SPAMMIER] resolve queries> Query Filter: C:\Users\rafar\.codeql\packages\codeql\python-queries\1.8.9\Expressions\Regex\UnmatchableDollar.ql failed 'tags contain` constraint [quality, reliability, correctness]
[2026-09-08 18:55:47] [SPAMMIER] resolve queries> Query Filter: C:\Users\rafar\.codeql\packages\codeql\python-queries\1.8.9\Expressions\TruncatedDivision.ql failed 'tags contain` constraint [maintainability, correctness]
[2026-09-08 18:55:47] [SPAMMIER] resolve queries> Query Filter: C:\Users\rafar\.codeql\packages\codeql\python-queries\1.8.9\Expressions\UnintentionalImplicitStringConcatenation.ql failed 'tags contain` constraint [quality, maintainability, readability, external/cwe/cwe-665]
[2026-09-08 18:55:47] [SPAMMIER] resolve queries> Query Filter: C:\Users\rafar\.codeql\packages\codeql\python-queries\1.8.9\Expressions\UnnecessaryLambda.ql failed 'tags contain` constraint [quality, maintainability, useless-code]
[2026-09-08 18:55:47] [SPAMMIER] resolve queries> Query Filter: C:\Users\rafar\.codeql\packages\codeql\python-queries\1.8.9\Expressions\UnsupportedFormatCharacter.ql failed 'tags contain` constraint [quality, reliability, correctness]
[2026-09-08 18:55:47] [SPAMMIER] resolve queries> Query Filter: C:\Users\rafar\.codeql\packages\codeql\python-queries\1.8.9\Expressions\UseofApply.ql failed 'tags contain` constraint [maintainability]
[2026-09-08 18:55:47] [SPAMMY] resolve queries> Query Filter: Including C:\Users\rafar\.codeql\packages\codeql\python-queries\1.8.9\Expressions\UseofInput.ql.
[2026-09-08 18:55:47] [SPAMMIER] resolve queries> Query Filter: C:\Users\rafar\.codeql\packages\codeql\python-queries\1.8.9\Expressions\WrongNameForArgumentInCall.ql failed 'tags contain` constraint [quality, reliability, correctness, external/cwe/cwe-628]
[2026-09-08 18:55:47] [SPAMMIER] resolve queries> Query Filter: C:\Users\rafar\.codeql\packages\codeql\python-queries\1.8.9\Expressions\WrongNumberArgumentsForFormat.ql failed 'tags contain` constraint [quality, reliability, correctness, external/cwe/cwe-685]
[2026-09-08 18:55:47] [SPAMMIER] resolve queries> Query Filter: C:\Users\rafar\.codeql\packages\codeql\python-queries\1.8.9\Expressions\WrongNumberArgumentsInCall.ql failed 'tags contain` constraint [quality, reliability, correctness, external/cwe/cwe-685]
[2026-09-08 18:55:47] [SPAMMIER] resolve queries> Query Filter: C:\Users\rafar\.codeql\packages\codeql\python-queries\1.8.9\external\DuplicateBlock.ql failed the constraint of precision (was medium).
[2026-09-08 18:55:47] [SPAMMIER] resolve queries> Query Filter: C:\Users\rafar\.codeql\packages\codeql\python-queries\1.8.9\external\DuplicateFunction.ql failed 'tags contain` constraint [testability, useless-code, maintainability, duplicate-code, statistical, non-attributable]
[2026-09-08 18:55:47] [SPAMMIER] resolve queries> Query Filter: C:\Users\rafar\.codeql\packages\codeql\python-queries\1.8.9\external\MostlyDuplicateClass.ql failed 'tags contain` constraint [testability, maintainability, useless-code, duplicate-code, statistical, non-attributable]
[2026-09-08 18:55:47] [SPAMMIER] resolve queries> Query Filter: C:\Users\rafar\.codeql\packages\codeql\python-queries\1.8.9\external\MostlyDuplicateFile.ql failed 'tags contain` constraint [testability, maintainability, useless-code, duplicate-code, statistical, non-attributable]
[2026-09-08 18:55:47] [SPAMMIER] resolve queries> Query Filter: C:\Users\rafar\.codeql\packages\codeql\python-queries\1.8.9\external\MostlySimilarFile.ql failed 'tags contain` constraint [testability, maintainability, useless-code, duplicate-code, statistical, non-attributable]
[2026-09-08 18:55:47] [SPAMMIER] resolve queries> Query Filter: C:\Users\rafar\.codeql\packages\codeql\python-queries\1.8.9\external\SimilarFunction.ql failed 'tags contain` constraint [testability, maintainability, useless-code, duplicate-code, statistical, non-attributable]
[2026-09-08 18:55:47] [SPAMMIER] resolve queries> Query Filter: C:\Users\rafar\.codeql\packages\codeql\python-queries\1.8.9\Filters\ClassifyFiles.ql failed the constraint of kind (was file-classifier).
[2026-09-08 18:55:47] [SPAMMIER] resolve queries> Query Filter: C:\Users\rafar\.codeql\packages\codeql\python-queries\1.8.9\Functions\ConsistentReturns.ql failed 'tags contain` constraint [quality, reliability, correctness]
[2026-09-08 18:55:47] [SPAMMIER] resolve queries> Query Filter: C:\Users\rafar\.codeql\packages\codeql\python-queries\1.8.9\Functions\DeprecatedSliceMethod.ql failed 'tags contain` constraint [maintainability]
[2026-09-08 18:55:47] [SPAMMIER] resolve queries> Query Filter: C:\Users\rafar\.codeql\packages\codeql\python-queries\1.8.9\Functions\ExplicitReturnInInit.ql failed 'tags contain` constraint [quality, reliability, correctness]
[2026-09-08 18:55:47] [SPAMMIER] resolve queries> Query Filter: C:\Users\rafar\.codeql\packages\codeql\python-queries\1.8.9\Functions\IncorrectlyOverriddenMethod.ql failed 'tags contain` constraint [quality, reliability, correctness]
[2026-09-08 18:55:47] [SPAMMIER] resolve queries> Query Filter: C:\Users\rafar\.codeql\packages\codeql\python-queries\1.8.9\Functions\IncorrectlySpecifiedOverriddenMethod.ql failed 'tags contain` constraint [quality, reliability, correctness]
[2026-09-08 18:55:47] [SPAMMIER] resolve queries> Query Filter: C:\Users\rafar\.codeql\packages\codeql\python-queries\1.8.9\Functions\IncorrectRaiseInSpecialMethod.ql failed 'tags contain` constraint [quality, reliability, error-handling]
[2026-09-08 18:55:47] [SPAMMIER] resolve queries> Query Filter: C:\Users\rafar\.codeql\packages\codeql\python-queries\1.8.9\Functions\InitIsGenerator.ql failed 'tags contain` constraint [quality, reliability, correctness]
[2026-09-08 18:55:47] [SPAMMIER] resolve queries> Query Filter: C:\Users\rafar\.codeql\packages\codeql\python-queries\1.8.9\Functions\IterReturnsNonIterator.ql failed 'tags contain` constraint [quality, reliability, correctness]
[2026-09-08 18:55:47] [SPAMMIER] resolve queries> Query Filter: C:\Users\rafar\.codeql\packages\codeql\python-queries\1.8.9\Functions\IterReturnsNonSelf.ql failed 'tags contain` constraint [reliability, correctness, quality]
[2026-09-08 18:55:47] [SPAMMIER] resolve queries> Query Filter: C:\Users\rafar\.codeql\packages\codeql\python-queries\1.8.9\Functions\ModificationOfParameterWithDefault.ql failed 'tags contain` constraint [quality, reliability, correctness]
[2026-09-08 18:55:47] [SPAMMIER] resolve queries> Query Filter: C:\Users\rafar\.codeql\packages\codeql\python-queries\1.8.9\Functions\NonCls.ql failed 'tags contain` constraint [maintainability, readability, convention, quality]
[2026-09-08 18:55:47] [SPAMMIER] resolve queries> Query Filter: C:\Users\rafar\.codeql\packages\codeql\python-queries\1.8.9\Functions\NonSelf.ql failed 'tags contain` constraint [maintainability, readability, convention, quality]
[2026-09-08 18:55:47] [SPAMMIER] resolve queries> Query Filter: C:\Users\rafar\.codeql\packages\codeql\python-queries\1.8.9\Functions\OverlyComplexDelMethod.ql failed 'tags contain` constraint [quality, maintainability, complexity]
[2026-09-08 18:55:47] [SPAMMIER] resolve queries> Query Filter: C:\Users\rafar\.codeql\packages\codeql\python-queries\1.8.9\Functions\ReturnConsistentTupleSizes.ql failed 'tags contain` constraint [quality, reliability, correctness]
[2026-09-08 18:55:47] [SPAMMIER] resolve queries> Query Filter: C:\Users\rafar\.codeql\packages\codeql\python-queries\1.8.9\Functions\ReturnValueIgnored.ql failed the constraint of precision (was medium).
[2026-09-08 18:55:47] [SPAMMIER] resolve queries> Query Filter: C:\Users\rafar\.codeql\packages\codeql\python-queries\1.8.9\Functions\SignatureOverriddenMethod.ql failed 'tags contain` constraint [quality, reliability, correctness]
[2026-09-08 18:55:47] [SPAMMIER] resolve queries> Query Filter: C:\Users\rafar\.codeql\packages\codeql\python-queries\1.8.9\Functions\SignatureSpecialMethods.ql failed 'tags contain` constraint [reliability, correctness, quality]
[2026-09-08 18:55:47] [SPAMMIER] resolve queries> Query Filter: C:\Users\rafar\.codeql\packages\codeql\python-queries\1.8.9\Functions\UseImplicitNoneReturnValue.ql failed 'tags contain` constraint [quality, maintainability, readability]
[2026-09-08 18:55:47] [SPAMMIER] resolve queries> Query Filter: C:\Users\rafar\.codeql\packages\codeql\python-queries\1.8.9\Imports\CyclicImport.ql failed 'tags contain` constraint [reliability, maintainability, modularity]
[2026-09-08 18:55:47] [SPAMMIER] resolve queries> Query Filter: C:\Users\rafar\.codeql\packages\codeql\python-queries\1.8.9\Imports\DeprecatedModule.ql failed 'tags contain` constraint [maintainability, external/cwe/cwe-477]
[2026-09-08 18:55:47] [SPAMMIER] resolve queries> Query Filter: C:\Users\rafar\.codeql\packages\codeql\python-queries\1.8.9\Imports\EncodingError.ql failed 'tags contain` constraint [quality, reliability, correctness]
[2026-09-08 18:55:47] [SPAMMIER] resolve queries> Query Filter: C:\Users\rafar\.codeql\packages\codeql\python-queries\1.8.9\Imports\FromImportOfMutableAttribute.ql failed the constraint of precision (was medium).
[2026-09-08 18:55:47] [SPAMMIER] resolve queries> Query Filter: C:\Users\rafar\.codeql\packages\codeql\python-queries\1.8.9\Imports\ImportandImportFrom.ql failed 'tags contain` constraint [quality, maintainability, readability]
[2026-09-08 18:55:47] [SPAMMIER] resolve queries> Query Filter: C:\Users\rafar\.codeql\packages\codeql\python-queries\1.8.9\Imports\Imports.ql failed the constraint of precision (was medium).
[2026-09-08 18:55:47] [SPAMMIER] resolve queries> Query Filter: C:\Users\rafar\.codeql\packages\codeql\python-queries\1.8.9\Imports\ImportShadowedByLoopVar.ql failed 'tags contain` constraint [maintainability]
[2026-09-08 18:55:47] [SPAMMIER] resolve queries> Query Filter: C:\Users\rafar\.codeql\packages\codeql\python-queries\1.8.9\Imports\ImportStarUsed.ql failed the constraint of precision (was medium).
[2026-09-08 18:55:47] [SPAMMIER] resolve queries> Query Filter: C:\Users\rafar\.codeql\packages\codeql\python-queries\1.8.9\Imports\ModuleImportsItself.ql failed 'tags contain` constraint [quality, maintainability, useless-code]
[2026-09-08 18:55:47] [SPAMMIER] resolve queries> Query Filter: C:\Users\rafar\.codeql\packages\codeql\python-queries\1.8.9\Imports\ModuleLevelCyclicImport.ql failed 'tags contain` constraint [reliability, correctness, types]
[2026-09-08 18:55:47] [SPAMMIER] resolve queries> Query Filter: C:\Users\rafar\.codeql\packages\codeql\python-queries\1.8.9\Imports\MultipleImports.ql failed 'tags contain` constraint [quality, maintainability, useless-code]
[2026-09-08 18:55:47] [SPAMMIER] resolve queries> Query Filter: C:\Users\rafar\.codeql\packages\codeql\python-queries\1.8.9\Imports\SyntaxError.ql failed 'tags contain` constraint [quality, reliability, correctness]
[2026-09-08 18:55:47] [SPAMMIER] resolve queries> Query Filter: C:\Users\rafar\.codeql\packages\codeql\python-queries\1.8.9\Imports\UnintentionalImport.ql failed 'tags contain` constraint [quality, maintainability, readability]
[2026-09-08 18:55:47] [SPAMMIER] resolve queries> Query Filter: C:\Users\rafar\.codeql\packages\codeql\python-queries\1.8.9\Imports\UnusedImport.ql failed 'tags contain` constraint [quality, maintainability, useless-code]
[2026-09-08 18:55:47] [SPAMMIER] resolve queries> Query Filter: C:\Users\rafar\.codeql\packages\codeql\python-queries\1.8.9\Lexical\CommentedOutCode.ql failed 'tags contain` constraint [quality, maintainability, readability]
[2026-09-08 18:55:47] [SPAMMIER] resolve queries> Query Filter: C:\Users\rafar\.codeql\packages\codeql\python-queries\1.8.9\Lexical\FCommentedOutCode.ql failed the constraint of kind (was treemap).
[2026-09-08 18:55:47] [SPAMMIER] resolve queries> Query Filter: C:\Users\rafar\.codeql\packages\codeql\python-queries\1.8.9\Lexical\OldOctalLiteral.ql failed 'tags contain` constraint [readability]
[2026-09-08 18:55:47] [SPAMMIER] resolve queries> Query Filter: C:\Users\rafar\.codeql\packages\codeql\python-queries\1.8.9\Lexical\ToDoComment.ql failed the constraint of precision (was medium).
[2026-09-08 18:55:47] [SPAMMIER] resolve queries> Query Filter: C:\Users\rafar\.codeql\packages\codeql\python-queries\1.8.9\meta\alerts\InterestingTaintSinks.ql failed the constraint of precision (was very-low).
[2026-09-08 18:55:47] [SPAMMIER] resolve queries> Query Filter: C:\Users\rafar\.codeql\packages\codeql\python-queries\1.8.9\meta\alerts\RemoteFlowSources.ql failed the constraint of precision (was very-low).
[2026-09-08 18:55:47] [SPAMMIER] resolve queries> Query Filter: C:\Users\rafar\.codeql\packages\codeql\python-queries\1.8.9\meta\alerts\RemoteFlowSourcesReach.ql failed the constraint of precision (was very-low).
[2026-09-08 18:55:47] [SPAMMIER] resolve queries> Query Filter: C:\Users\rafar\.codeql\packages\codeql\python-queries\1.8.9\meta\alerts\RequestHandlers.ql failed the constraint of precision (was very-low).
[2026-09-08 18:55:47] [SPAMMIER] resolve queries> Query Filter: C:\Users\rafar\.codeql\packages\codeql\python-queries\1.8.9\meta\alerts\TaintSinks.ql failed the constraint of precision (was very-low).
[2026-09-08 18:55:47] [SPAMMIER] resolve queries> Query Filter: C:\Users\rafar\.codeql\packages\codeql\python-queries\1.8.9\meta\analysis-quality\CallGraph.ql failed the constraint of precision (was very-low).
[2026-09-08 18:55:47] [SPAMMIER] resolve queries> Query Filter: C:\Users\rafar\.codeql\packages\codeql\python-queries\1.8.9\meta\analysis-quality\PointsToResolvableCallRatio.ql failed the constraint of kind (was metric).
[2026-09-08 18:55:47] [SPAMMIER] resolve queries> Query Filter: C:\Users\rafar\.codeql\packages\codeql\python-queries\1.8.9\meta\analysis-quality\PointsToResolvableCalls.ql failed the constraint of kind (was metric).
[2026-09-08 18:55:47] [SPAMMIER] resolve queries> Query Filter: C:\Users\rafar\.codeql\packages\codeql\python-queries\1.8.9\meta\analysis-quality\PointsToResolvableCallsRelevantTarget.ql failed the constraint of kind (was metric).
[2026-09-08 18:55:47] [SPAMMIER] resolve queries> Query Filter: C:\Users\rafar\.codeql\packages\codeql\python-queries\1.8.9\meta\analysis-quality\ResolvableCallCandidates.ql failed the constraint of kind (was metric).
[2026-09-08 18:55:47] [SPAMMIER] resolve queries> Query Filter: C:\Users\rafar\.codeql\packages\codeql\python-queries\1.8.9\meta\analysis-quality\SummarizedCallableCallSites.ql failed the constraint of precision (was very-low).
[2026-09-08 18:55:47] [SPAMMIER] resolve queries> Query Filter: C:\Users\rafar\.codeql\packages\codeql\python-queries\1.8.9\meta\analysis-quality\TTCallGraph.ql failed the constraint of precision (was very-low).
[2026-09-08 18:55:47] [SPAMMIER] resolve queries> Query Filter: C:\Users\rafar\.codeql\packages\codeql\python-queries\1.8.9\meta\analysis-quality\TTCallGraphMissing.ql failed the constraint of precision (was very-low).
[2026-09-08 18:55:47] [SPAMMIER] resolve queries> Query Filter: C:\Users\rafar\.codeql\packages\codeql\python-queries\1.8.9\meta\analysis-quality\TTCallGraphNew.ql failed the constraint of precision (was very-low).
[2026-09-08 18:55:47] [SPAMMIER] resolve queries> Query Filter: C:\Users\rafar\.codeql\packages\codeql\python-queries\1.8.9\meta\analysis-quality\TTCallGraphNewAmbiguous.ql failed the constraint of precision (was very-low).
[2026-09-08 18:55:47] [SPAMMIER] resolve queries> Query Filter: C:\Users\rafar\.codeql\packages\codeql\python-queries\1.8.9\meta\analysis-quality\TTCallGraphOverview.ql failed the constraint of kind (not present).
[2026-09-08 18:55:47] [SPAMMIER] resolve queries> Query Filter: C:\Users\rafar\.codeql\packages\codeql\python-queries\1.8.9\meta\analysis-quality\TTCallGraphShared.ql failed the constraint of precision (was very-low).
[2026-09-08 18:55:47] [SPAMMIER] resolve queries> Query Filter: C:\Users\rafar\.codeql\packages\codeql\python-queries\1.8.9\meta\ClassHierarchy\Find.ql failed the constraint of kind (was table).
[2026-09-08 18:55:47] [SPAMMIER] resolve queries> Query Filter: C:\Users\rafar\.codeql\packages\codeql\python-queries\1.8.9\meta\debug\DebugStats.ql failed the constraint of kind (not present).
[2026-09-08 18:55:47] [SPAMMIER] resolve queries> Query Filter: C:\Users\rafar\.codeql\packages\codeql\python-queries\1.8.9\meta\debug\SimpleClassDebug.ql failed the constraint of kind (not present).
[2026-09-08 18:55:47] [SPAMMIER] resolve queries> Query Filter: C:\Users\rafar\.codeql\packages\codeql\python-queries\1.8.9\Metrics\ClassAfferentCoupling.ql failed the constraint of kind (was treemap).
[2026-09-08 18:55:47] [SPAMMIER] resolve queries> Query Filter: C:\Users\rafar\.codeql\packages\codeql\python-queries\1.8.9\Metrics\ClassEfferentCoupling.ql failed the constraint of kind (was treemap).
[2026-09-08 18:55:47] [SPAMMIER] resolve queries> Query Filter: C:\Users\rafar\.codeql\packages\codeql\python-queries\1.8.9\Metrics\CLinesOfCode.ql failed the constraint of kind (was treemap).
[2026-09-08 18:55:47] [SPAMMIER] resolve queries> Query Filter: C:\Users\rafar\.codeql\packages\codeql\python-queries\1.8.9\Metrics\CommentRatio.ql failed the constraint of kind (was treemap).
[2026-09-08 18:55:47] [SPAMMIER] resolve queries> Query Filter: C:\Users\rafar\.codeql\packages\codeql\python-queries\1.8.9\Metrics\CyclomaticComplexity.ql failed the constraint of kind (was treemap).
[2026-09-08 18:55:47] [SPAMMIER] resolve queries> Query Filter: C:\Users\rafar\.codeql\packages\codeql\python-queries\1.8.9\Metrics\Dependencies\ExternalDependencies.ql failed the constraint of kind (was treemap).
[2026-09-08 18:55:47] [SPAMMIER] resolve queries> Query Filter: C:\Users\rafar\.codeql\packages\codeql\python-queries\1.8.9\Metrics\Dependencies\ExternalDependenciesSourceLinks.ql failed the constraint of kind (was source-link).
[2026-09-08 18:55:47] [SPAMMIER] resolve queries> Query Filter: C:\Users\rafar\.codeql\packages\codeql\python-queries\1.8.9\Metrics\DirectImports.ql failed the constraint of kind (was treemap).
[2026-09-08 18:55:47] [SPAMMIER] resolve queries> Query Filter: C:\Users\rafar\.codeql\packages\codeql\python-queries\1.8.9\Metrics\DocStringRatio.ql failed the constraint of kind (was treemap).
[2026-09-08 18:55:47] [SPAMMIER] resolve queries> Query Filter: C:\Users\rafar\.codeql\packages\codeql\python-queries\1.8.9\Metrics\External\CommitDisplayStrings.ql failed the constraint of kind (was display-string).
[2026-09-08 18:55:47] [SPAMMIER] resolve queries> Query Filter: C:\Users\rafar\.codeql\packages\codeql\python-queries\1.8.9\Metrics\External\CommitSourceLinks.ql failed the constraint of kind (was source-link).
[2026-09-08 18:55:47] [SPAMMIER] resolve queries> Query Filter: C:\Users\rafar\.codeql\packages\codeql\python-queries\1.8.9\Metrics\FClasses.ql failed the constraint of kind (was treemap).
[2026-09-08 18:55:47] [SPAMMIER] resolve queries> Query Filter: C:\Users\rafar\.codeql\packages\codeql\python-queries\1.8.9\Metrics\FFunctionsAndMethods.ql failed the constraint of kind (was treemap).
[2026-09-08 18:55:47] [SPAMMIER] resolve queries> Query Filter: C:\Users\rafar\.codeql\packages\codeql\python-queries\1.8.9\Metrics\FLines.ql failed the constraint of kind (was treemap).
[2026-09-08 18:55:47] [SPAMMIER] resolve queries> Query Filter: C:\Users\rafar\.codeql\packages\codeql\python-queries\1.8.9\Metrics\FLinesOfCode.ql failed the constraint of kind (was treemap).
[2026-09-08 18:55:47] [SPAMMIER] resolve queries> Query Filter: C:\Users\rafar\.codeql\packages\codeql\python-queries\1.8.9\Metrics\FLinesOfComments.ql failed the constraint of kind (was treemap).
[2026-09-08 18:55:47] [SPAMMIER] resolve queries> Query Filter: C:\Users\rafar\.codeql\packages\codeql\python-queries\1.8.9\Metrics\FLinesOfDuplicatedCode.ql failed the constraint of kind (was treemap).
[2026-09-08 18:55:47] [SPAMMIER] resolve queries> Query Filter: C:\Users\rafar\.codeql\packages\codeql\python-queries\1.8.9\Metrics\FLinesOfSimilarCode.ql failed the constraint of kind (was treemap).
[2026-09-08 18:55:47] [SPAMMIER] resolve queries> Query Filter: C:\Users\rafar\.codeql\packages\codeql\python-queries\1.8.9\Metrics\FNumberOfTests.ql failed the constraint of kind (was treemap).
[2026-09-08 18:55:47] [SPAMMIER] resolve queries> Query Filter: C:\Users\rafar\.codeql\packages\codeql\python-queries\1.8.9\Metrics\FunctionNumberOfCalls.ql failed the constraint of kind (was treemap).
[2026-09-08 18:55:47] [SPAMMIER] resolve queries> Query Filter: C:\Users\rafar\.codeql\packages\codeql\python-queries\1.8.9\Metrics\FunctionStatementNestingDepth.ql failed the constraint of kind (was treemap).
[2026-09-08 18:55:47] [SPAMMIER] resolve queries> Query Filter: C:\Users\rafar\.codeql\packages\codeql\python-queries\1.8.9\Metrics\History\HChurn.ql failed the constraint of kind (was treemap).
[2026-09-08 18:55:47] [SPAMMIER] resolve queries> Query Filter: C:\Users\rafar\.codeql\packages\codeql\python-queries\1.8.9\Metrics\History\HLinesAdded.ql failed the constraint of kind (was treemap).
[2026-09-08 18:55:47] [SPAMMIER] resolve queries> Query Filter: C:\Users\rafar\.codeql\packages\codeql\python-queries\1.8.9\Metrics\History\HLinesDeleted.ql failed the constraint of kind (was treemap).
[2026-09-08 18:55:47] [SPAMMIER] resolve queries> Query Filter: C:\Users\rafar\.codeql\packages\codeql\python-queries\1.8.9\Metrics\History\HNumberOfAuthors.ql failed the constraint of kind (was treemap).
[2026-09-08 18:55:47] [SPAMMIER] resolve queries> Query Filter: C:\Users\rafar\.codeql\packages\codeql\python-queries\1.8.9\Metrics\History\HNumberOfCoCommits.ql failed the constraint of kind (was treemap).
[2026-09-08 18:55:47] [SPAMMIER] resolve queries> Query Filter: C:\Users\rafar\.codeql\packages\codeql\python-queries\1.8.9\Metrics\History\HNumberOfCommits.ql failed the constraint of kind (was treemap).
[2026-09-08 18:55:47] [SPAMMIER] resolve queries> Query Filter: C:\Users\rafar\.codeql\packages\codeql\python-queries\1.8.9\Metrics\History\HNumberOfRecentAuthors.ql failed the constraint of kind (was treemap).
[2026-09-08 18:55:47] [SPAMMIER] resolve queries> Query Filter: C:\Users\rafar\.codeql\packages\codeql\python-queries\1.8.9\Metrics\History\HNumberOfRecentChangedFiles.ql failed the constraint of kind (was treemap).
[2026-09-08 18:55:47] [SPAMMIER] resolve queries> Query Filter: C:\Users\rafar\.codeql\packages\codeql\python-queries\1.8.9\Metrics\History\HNumberOfRecentCommits.ql failed the constraint of kind (was treemap).
[2026-09-08 18:55:47] [SPAMMIER] resolve queries> Query Filter: C:\Users\rafar\.codeql\packages\codeql\python-queries\1.8.9\Metrics\History\HNumberOfReCommits.ql failed the constraint of kind (was treemap).
[2026-09-08 18:55:47] [SPAMMIER] resolve queries> Query Filter: C:\Users\rafar\.codeql\packages\codeql\python-queries\1.8.9\Metrics\Internal\CallableDisplayStrings.ql failed the constraint of kind (was display-string).
[2026-09-08 18:55:47] [SPAMMIER] resolve queries> Query Filter: C:\Users\rafar\.codeql\packages\codeql\python-queries\1.8.9\Metrics\Internal\CallableExtents.ql failed the constraint of kind (was extent).
[2026-09-08 18:55:47] [SPAMMIER] resolve queries> Query Filter: C:\Users\rafar\.codeql\packages\codeql\python-queries\1.8.9\Metrics\Internal\CallableSourceLinks.ql failed the constraint of kind (was source-link).
[2026-09-08 18:55:47] [SPAMMIER] resolve queries> Query Filter: C:\Users\rafar\.codeql\packages\codeql\python-queries\1.8.9\Metrics\Internal\ClassDisplayStrings.ql failed the constraint of kind (was display-string).
[2026-09-08 18:55:47] [SPAMMIER] resolve queries> Query Filter: C:\Users\rafar\.codeql\packages\codeql\python-queries\1.8.9\Metrics\Internal\ClassExtents.ql failed the constraint of kind (was extent).
[2026-09-08 18:55:47] [SPAMMIER] resolve queries> Query Filter: C:\Users\rafar\.codeql\packages\codeql\python-queries\1.8.9\Metrics\Internal\ClassSourceLinks.ql failed the constraint of kind (was source-link).
[2026-09-08 18:55:47] [SPAMMIER] resolve queries> Query Filter: C:\Users\rafar\.codeql\packages\codeql\python-queries\1.8.9\Metrics\Internal\TypeAnnotations.ql failed the constraint of kind (was table).
[2026-09-08 18:55:47] [SPAMMIER] resolve queries> Query Filter: C:\Users\rafar\.codeql\packages\codeql\python-queries\1.8.9\Metrics\LackofCohesionInMethodsCK.ql failed the constraint of kind (was treemap).
[2026-09-08 18:55:47] [SPAMMIER] resolve queries> Query Filter: C:\Users\rafar\.codeql\packages\codeql\python-queries\1.8.9\Metrics\LackofCohesionInMethodsHM.ql failed the constraint of kind (was treemap).
[2026-09-08 18:55:47] [SPAMMIER] resolve queries> Query Filter: C:\Users\rafar\.codeql\packages\codeql\python-queries\1.8.9\Metrics\ModuleAfferentCoupling.ql failed the constraint of kind (was treemap).
[2026-09-08 18:55:47] [SPAMMIER] resolve queries> Query Filter: C:\Users\rafar\.codeql\packages\codeql\python-queries\1.8.9\Metrics\ModuleEfferentCoupling.ql failed the constraint of kind (was treemap).
[2026-09-08 18:55:47] [SPAMMIER] resolve queries> Query Filter: C:\Users\rafar\.codeql\packages\codeql\python-queries\1.8.9\Metrics\NumberOfParametersWithoutDefault.ql failed the constraint of kind (was treemap).
[2026-09-08 18:55:47] [SPAMMIER] resolve queries> Query Filter: C:\Users\rafar\.codeql\packages\codeql\python-queries\1.8.9\Metrics\NumberOfStatements.ql failed the constraint of kind (was treemap).
[2026-09-08 18:55:47] [SPAMMIER] resolve queries> Query Filter: C:\Users\rafar\.codeql\packages\codeql\python-queries\1.8.9\Metrics\TransitiveImports.ql failed the constraint of kind (was treemap).
[2026-09-08 18:55:47] [SPAMMIER] resolve queries> Query Filter: C:\Users\rafar\.codeql\packages\codeql\python-queries\1.8.9\Numerics\Pythagorean.ql failed the constraint of precision (was medium).
[2026-09-08 18:55:47] [SPAMMIER] resolve queries> Query Filter: C:\Users\rafar\.codeql\packages\codeql\python-queries\1.8.9\Resources\FileNotAlwaysClosed.ql failed 'tags contain` constraint [quality, reliability, correctness, performance, external/cwe/cwe-772]
[2026-09-08 18:55:47] [SPAMMY] resolve queries> Query Filter: Including C:\Users\rafar\.codeql\packages\codeql\python-queries\1.8.9\Security\CVE-2018-1281\BindToAllInterfaces.ql.
[2026-09-08 18:55:47] [SPAMMY] resolve queries> Query Filter: Including C:\Users\rafar\.codeql\packages\codeql\python-queries\1.8.9\Security\CWE-020\CookieInjection.ql.
[2026-09-08 18:55:47] [SPAMMY] resolve queries> Query Filter: Including C:\Users\rafar\.codeql\packages\codeql\python-queries\1.8.9\Security\CWE-020\IncompleteHostnameRegExp.ql.
[2026-09-08 18:55:47] [SPAMMY] resolve queries> Query Filter: Including C:\Users\rafar\.codeql\packages\codeql\python-queries\1.8.9\Security\CWE-020\IncompleteUrlSubstringSanitization.ql.
[2026-09-08 18:55:47] [SPAMMY] resolve queries> Query Filter: Including C:\Users\rafar\.codeql\packages\codeql\python-queries\1.8.9\Security\CWE-020\OverlyLargeRange.ql.
[2026-09-08 18:55:47] [SPAMMIER] resolve queries> Query Filter: C:\Users\rafar\.codeql\packages\codeql\python-queries\1.8.9\Security\CWE-020-ExternalAPIs\ExternalAPIsUsedWithUntrustedData.ql failed the constraint of kind (was table).
[2026-09-08 18:55:47] [SPAMMIER] resolve queries> Query Filter: C:\Users\rafar\.codeql\packages\codeql\python-queries\1.8.9\Security\CWE-020-ExternalAPIs\UntrustedDataToExternalAPI.ql failed the constraint of precision (was low).
[2026-09-08 18:55:47] [SPAMMY] resolve queries> Query Filter: Including C:\Users\rafar\.codeql\packages\codeql\python-queries\1.8.9\Security\CWE-022\PathInjection.ql.
[2026-09-08 18:55:47] [SPAMMIER] resolve queries> Query Filter: C:\Users\rafar\.codeql\packages\codeql\python-queries\1.8.9\Security\CWE-022\TarSlip.ql failed the constraint of precision (was medium).
[2026-09-08 18:55:47] [SPAMMY] resolve queries> Query Filter: Including C:\Users\rafar\.codeql\packages\codeql\python-queries\1.8.9\Security\CWE-074\TemplateInjection.ql.
[2026-09-08 18:55:47] [SPAMMY] resolve queries> Query Filter: Including C:\Users\rafar\.codeql\packages\codeql\python-queries\1.8.9\Security\CWE-078\CommandInjection.ql.
[2026-09-08 18:55:47] [SPAMMIER] resolve queries> Query Filter: C:\Users\rafar\.codeql\packages\codeql\python-queries\1.8.9\Security\CWE-078\UnsafeShellCommandConstruction.ql failed the constraint of precision (was medium).
[2026-09-08 18:55:47] [SPAMMIER] resolve queries> Query Filter: C:\Users\rafar\.codeql\packages\codeql\python-queries\1.8.9\Security\CWE-079\Jinja2WithoutEscaping.ql failed the constraint of precision (was medium).
[2026-09-08 18:55:47] [SPAMMY] resolve queries> Query Filter: Including C:\Users\rafar\.codeql\packages\codeql\python-queries\1.8.9\Security\CWE-079\ReflectedXss.ql.
[2026-09-08 18:55:47] [SPAMMY] resolve queries> Query Filter: Including C:\Users\rafar\.codeql\packages\codeql\python-queries\1.8.9\Security\CWE-089\SqlInjection.ql.
[2026-09-08 18:55:47] [SPAMMY] resolve queries> Query Filter: Including C:\Users\rafar\.codeql\packages\codeql\python-queries\1.8.9\Security\CWE-090\LdapInjection.ql.
[2026-09-08 18:55:47] [SPAMMY] resolve queries> Query Filter: Including C:\Users\rafar\.codeql\packages\codeql\python-queries\1.8.9\Security\CWE-094\CodeInjection.ql.
[2026-09-08 18:55:47] [SPAMMY] resolve queries> Query Filter: Including C:\Users\rafar\.codeql\packages\codeql\python-queries\1.8.9\Security\CWE-1004\NonHttpOnlyCookie.ql.
[2026-09-08 18:55:47] [SPAMMY] resolve queries> Query Filter: Including C:\Users\rafar\.codeql\packages\codeql\python-queries\1.8.9\Security\CWE-113\HeaderInjection.ql.
[2026-09-08 18:55:47] [SPAMMY] resolve queries> Query Filter: Including C:\Users\rafar\.codeql\packages\codeql\python-queries\1.8.9\Security\CWE-116\BadTagFilter.ql.
[2026-09-08 18:55:47] [SPAMMIER] resolve queries> Query Filter: C:\Users\rafar\.codeql\packages\codeql\python-queries\1.8.9\Security\CWE-117\LogInjection.ql failed the constraint of precision (was medium).
[2026-09-08 18:55:47] [SPAMMY] resolve queries> Query Filter: Including C:\Users\rafar\.codeql\packages\codeql\python-queries\1.8.9\Security\CWE-1275\SameSiteNoneCookie.ql.
[2026-09-08 18:55:47] [SPAMMY] resolve queries> Query Filter: Including C:\Users\rafar\.codeql\packages\codeql\python-queries\1.8.9\Security\CWE-209\StackTraceExposure.ql.
[2026-09-08 18:55:47] [SPAMMY] resolve queries> Query Filter: Including C:\Users\rafar\.codeql\packages\codeql\python-queries\1.8.9\Security\CWE-215\FlaskDebug.ql.
[2026-09-08 18:55:47] [SPAMMY] resolve queries> Query Filter: Including C:\Users\rafar\.codeql\packages\codeql\python-queries\1.8.9\Security\CWE-285\PamAuthorization.ql.
[2026-09-08 18:55:47] [SPAMMY] resolve queries> Query Filter: Including C:\Users\rafar\.codeql\packages\codeql\python-queries\1.8.9\Security\CWE-295\MissingHostKeyValidation.ql.
[2026-09-08 18:55:47] [SPAMMIER] resolve queries> Query Filter: C:\Users\rafar\.codeql\packages\codeql\python-queries\1.8.9\Security\CWE-295\RequestWithoutValidation.ql failed the constraint of precision (was medium).
[2026-09-08 18:55:47] [SPAMMY] resolve queries> Query Filter: Including C:\Users\rafar\.codeql\packages\codeql\python-queries\1.8.9\Security\CWE-312\CleartextLogging.ql.
[2026-09-08 18:55:47] [SPAMMY] resolve queries> Query Filter: Including C:\Users\rafar\.codeql\packages\codeql\python-queries\1.8.9\Security\CWE-312\CleartextStorage.ql.
[2026-09-08 18:55:47] [SPAMMY] resolve queries> Query Filter: Including C:\Users\rafar\.codeql\packages\codeql\python-queries\1.8.9\Security\CWE-326\WeakCryptoKey.ql.
[2026-09-08 18:55:47] [SPAMMY] resolve queries> Query Filter: Including C:\Users\rafar\.codeql\packages\codeql\python-queries\1.8.9\Security\CWE-327\BrokenCryptoAlgorithm.ql.
[2026-09-08 18:55:47] [SPAMMY] resolve queries> Query Filter: Including C:\Users\rafar\.codeql\packages\codeql\python-queries\1.8.9\Security\CWE-327\InsecureDefaultProtocol.ql.
[2026-09-08 18:55:47] [SPAMMY] resolve queries> Query Filter: Including C:\Users\rafar\.codeql\packages\codeql\python-queries\1.8.9\Security\CWE-327\InsecureProtocol.ql.
[2026-09-08 18:55:47] [SPAMMY] resolve queries> Query Filter: Including C:\Users\rafar\.codeql\packages\codeql\python-queries\1.8.9\Security\CWE-327\WeakSensitiveDataHashing.ql.
[2026-09-08 18:55:47] [SPAMMY] resolve queries> Query Filter: Including C:\Users\rafar\.codeql\packages\codeql\python-queries\1.8.9\Security\CWE-352\CSRFProtectionDisabled.ql.
[2026-09-08 18:55:47] [SPAMMY] resolve queries> Query Filter: Including C:\Users\rafar\.codeql\packages\codeql\python-queries\1.8.9\Security\CWE-377\InsecureTemporaryFile.ql.
[2026-09-08 18:55:47] [SPAMMY] resolve queries> Query Filter: Including C:\Users\rafar\.codeql\packages\codeql\python-queries\1.8.9\Security\CWE-502\UnsafeDeserialization.ql.
[2026-09-08 18:55:47] [SPAMMY] resolve queries> Query Filter: Including C:\Users\rafar\.codeql\packages\codeql\python-queries\1.8.9\Security\CWE-601\UrlRedirect.ql.
[2026-09-08 18:55:47] [SPAMMY] resolve queries> Query Filter: Including C:\Users\rafar\.codeql\packages\codeql\python-queries\1.8.9\Security\CWE-611\Xxe.ql.
[2026-09-08 18:55:47] [SPAMMY] resolve queries> Query Filter: Including C:\Users\rafar\.codeql\packages\codeql\python-queries\1.8.9\Security\CWE-614\InsecureCookie.ql.
[2026-09-08 18:55:47] [SPAMMY] resolve queries> Query Filter: Including C:\Users\rafar\.codeql\packages\codeql\python-queries\1.8.9\Security\CWE-643\XpathInjection.ql.
[2026-09-08 18:55:47] [SPAMMY] resolve queries> Query Filter: Including C:\Users\rafar\.codeql\packages\codeql\python-queries\1.8.9\Security\CWE-730\PolynomialReDoS.ql.
[2026-09-08 18:55:47] [SPAMMY] resolve queries> Query Filter: Including C:\Users\rafar\.codeql\packages\codeql\python-queries\1.8.9\Security\CWE-730\ReDoS.ql.
[2026-09-08 18:55:47] [SPAMMY] resolve queries> Query Filter: Including C:\Users\rafar\.codeql\packages\codeql\python-queries\1.8.9\Security\CWE-730\RegexInjection.ql.
[2026-09-08 18:55:47] [SPAMMIER] resolve queries> Query Filter: C:\Users\rafar\.codeql\packages\codeql\python-queries\1.8.9\Security\CWE-732\WeakFilePermissions.ql failed the constraint of precision (was medium).
[2026-09-08 18:55:47] [SPAMMY] resolve queries> Query Filter: Including C:\Users\rafar\.codeql\packages\codeql\python-queries\1.8.9\Security\CWE-776\XmlBomb.ql.
[2026-09-08 18:55:47] [SPAMMIER] resolve queries> Query Filter: C:\Users\rafar\.codeql\packages\codeql\python-queries\1.8.9\Security\CWE-798\HardcodedCredentials.ql failed the constraint of precision (was low).
[2026-09-08 18:55:47] [SPAMMY] resolve queries> Query Filter: Including C:\Users\rafar\.codeql\packages\codeql\python-queries\1.8.9\Security\CWE-918\FullServerSideRequestForgery.ql.
[2026-09-08 18:55:47] [SPAMMIER] resolve queries> Query Filter: C:\Users\rafar\.codeql\packages\codeql\python-queries\1.8.9\Security\CWE-918\PartialServerSideRequestForgery.ql failed the constraint of precision (was medium).
[2026-09-08 18:55:47] [SPAMMY] resolve queries> Query Filter: Including C:\Users\rafar\.codeql\packages\codeql\python-queries\1.8.9\Security\CWE-943\NoSqlInjection.ql.
[2026-09-08 18:55:47] [SPAMMIER] resolve queries> Query Filter: C:\Users\rafar\.codeql\packages\codeql\python-queries\1.8.9\Statements\AssertLiteralConstant.ql failed the constraint of precision (was medium).
[2026-09-08 18:55:47] [SPAMMIER] resolve queries> Query Filter: C:\Users\rafar\.codeql\packages\codeql\python-queries\1.8.9\Statements\AssertOnTuple.ql failed 'tags contain` constraint [quality, reliability, correctness, external/cwe/cwe-670]
[2026-09-08 18:55:47] [SPAMMIER] resolve queries> Query Filter: C:\Users\rafar\.codeql\packages\codeql\python-queries\1.8.9\Statements\BreakOrReturnInFinally.ql failed the constraint of precision (was medium).
[2026-09-08 18:55:47] [SPAMMIER] resolve queries> Query Filter: C:\Users\rafar\.codeql\packages\codeql\python-queries\1.8.9\Statements\ConstantInConditional.ql failed 'tags contain` constraint [quality, maintainability, useless-code, external/cwe/cwe-561, external/cwe/cwe-570, external/cwe/cwe-571]
[2026-09-08 18:55:47] [SPAMMIER] resolve queries> Query Filter: C:\Users\rafar\.codeql\packages\codeql\python-queries\1.8.9\Statements\C_StyleParentheses.ql failed 'tags contain` constraint [maintainability]
[2026-09-08 18:55:47] [SPAMMIER] resolve queries> Query Filter: C:\Users\rafar\.codeql\packages\codeql\python-queries\1.8.9\Statements\DocStrings.ql failed the constraint of precision (was medium).
[2026-09-08 18:55:47] [SPAMMIER] resolve queries> Query Filter: C:\Users\rafar\.codeql\packages\codeql\python-queries\1.8.9\Statements\ExecUsed.ql failed the constraint of precision (was low).
[2026-09-08 18:55:47] [SPAMMIER] resolve queries> Query Filter: C:\Users\rafar\.codeql\packages\codeql\python-queries\1.8.9\Statements\IterableStringOrSequence.ql failed 'tags contain` constraint [quality, reliability, correctness]
[2026-09-08 18:55:47] [SPAMMIER] resolve queries> Query Filter: C:\Users\rafar\.codeql\packages\codeql\python-queries\1.8.9\Statements\MismatchInMultipleAssignment.ql failed 'tags contain` constraint [quality, reliability, correctness]
[2026-09-08 18:55:47] [SPAMMIER] resolve queries> Query Filter: C:\Users\rafar\.codeql\packages\codeql\python-queries\1.8.9\Statements\ModificationOfLocals.ql failed 'tags contain` constraint [quality, reliability, correctness]
[2026-09-08 18:55:47] [SPAMMIER] resolve queries> Query Filter: C:\Users\rafar\.codeql\packages\codeql\python-queries\1.8.9\Statements\NestedLoopsSameVariable.ql failed 'tags contain` constraint [quality, maintainability, readability]
[2026-09-08 18:55:47] [SPAMMIER] resolve queries> Query Filter: C:\Users\rafar\.codeql\packages\codeql\python-queries\1.8.9\Statements\NestedLoopsSameVariableWithReuse.ql failed 'tags contain` constraint [quality, reliability, correctness]
[2026-09-08 18:55:47] [SPAMMIER] resolve queries> Query Filter: C:\Users\rafar\.codeql\packages\codeql\python-queries\1.8.9\Statements\NonIteratorInForLoop.ql failed 'tags contain` constraint [quality, reliability, correctness]
[2026-09-08 18:55:47] [SPAMMIER] resolve queries> Query Filter: C:\Users\rafar\.codeql\packages\codeql\python-queries\1.8.9\Statements\RedundantAssignment.ql failed 'tags contain` constraint [quality, reliability, correctness, external/cwe/cwe-563]
[2026-09-08 18:55:47] [SPAMMIER] resolve queries> Query Filter: C:\Users\rafar\.codeql\packages\codeql\python-queries\1.8.9\Statements\ReturnOrYieldOutsideFunction.ql failed the constraint of precision (was medium).
[2026-09-08 18:55:47] [SPAMMIER] resolve queries> Query Filter: C:\Users\rafar\.codeql\packages\codeql\python-queries\1.8.9\Statements\ShouldUseWithStatement.ql failed 'tags contain` constraint [quality, maintainability, readability]
[2026-09-08 18:55:47] [SPAMMIER] resolve queries> Query Filter: C:\Users\rafar\.codeql\packages\codeql\python-queries\1.8.9\Statements\SideEffectInAssert.ql failed 'tags contain` constraint [quality, reliability, correctness]
[2026-09-08 18:55:47] [SPAMMIER] resolve queries> Query Filter: C:\Users\rafar\.codeql\packages\codeql\python-queries\1.8.9\Statements\StatementNoEffect.ql failed 'tags contain` constraint [quality, maintainability, useless-code, external/cwe/cwe-561]
[2026-09-08 18:55:47] [SPAMMIER] resolve queries> Query Filter: C:\Users\rafar\.codeql\packages\codeql\python-queries\1.8.9\Statements\StringConcatenationInLoop.ql failed the constraint of precision (was low).
[2026-09-08 18:55:47] [SPAMMIER] resolve queries> Query Filter: C:\Users\rafar\.codeql\packages\codeql\python-queries\1.8.9\Statements\TopLevelPrint.ql failed 'tags contain` constraint [quality, reliability, correctness]
[2026-09-08 18:55:47] [SPAMMIER] resolve queries> Query Filter: C:\Users\rafar\.codeql\packages\codeql\python-queries\1.8.9\Statements\UnnecessaryDelete.ql failed 'tags contain` constraint [maintainability, useless-code]
[2026-09-08 18:55:47] [SPAMMIER] resolve queries> Query Filter: C:\Users\rafar\.codeql\packages\codeql\python-queries\1.8.9\Statements\UnnecessaryElseClause.ql failed 'tags contain` constraint [quality, maintainability, useless-code]
[2026-09-08 18:55:47] [SPAMMIER] resolve queries> Query Filter: C:\Users\rafar\.codeql\packages\codeql\python-queries\1.8.9\Statements\UnnecessaryPass.ql failed 'tags contain` constraint [quality, maintainability, useless-code]
[2026-09-08 18:55:47] [SPAMMIER] resolve queries> Query Filter: C:\Users\rafar\.codeql\packages\codeql\python-queries\1.8.9\Statements\UnreachableCode.ql failed 'tags contain` constraint [quality, maintainability, useless-code, external/cwe/cwe-561]
[2026-09-08 18:55:47] [SPAMMIER] resolve queries> Query Filter: C:\Users\rafar\.codeql\packages\codeql\python-queries\1.8.9\Statements\UnusedExceptionObject.ql failed 'tags contain` constraint [quality, reliability, error-handling]
[2026-09-08 18:55:47] [SPAMMIER] resolve queries> Query Filter: C:\Users\rafar\.codeql\packages\codeql\python-queries\1.8.9\Statements\UseOfExit.ql failed 'tags contain` constraint [quality, reliability, correctness]
[2026-09-08 18:55:47] [SPAMMIER] resolve queries> Query Filter: C:\Users\rafar\.codeql\packages\codeql\python-queries\1.8.9\Summary\LinesOfCode.ql failed the constraint of kind (was metric).
[2026-09-08 18:55:47] [SPAMMIER] resolve queries> Query Filter: C:\Users\rafar\.codeql\packages\codeql\python-queries\1.8.9\Summary\LinesOfUserCode.ql failed the constraint of kind (was metric).
[2026-09-08 18:55:47] [SPAMMIER] resolve queries> Query Filter: C:\Users\rafar\.codeql\packages\codeql\python-queries\1.8.9\Testing\ImpreciseAssert.ql failed 'tags contain` constraint [quality, maintainability, readability]
[2026-09-08 18:55:47] [SPAMMIER] resolve queries> Query Filter: C:\Users\rafar\.codeql\packages\codeql\python-queries\1.8.9\utils\modeleditor\FrameworkModeEndpoints.ql failed the constraint of kind (was table).
[2026-09-08 18:55:47] [SPAMMIER] resolve queries> Query Filter: C:\Users\rafar\.codeql\packages\codeql\python-queries\1.8.9\Variables\Global.ql failed 'tags contain` constraint []
[2026-09-08 18:55:47] [SPAMMIER] resolve queries> Query Filter: C:\Users\rafar\.codeql\packages\codeql\python-queries\1.8.9\Variables\GlobalAtModuleLevel.ql failed 'tags contain` constraint [quality, maintainability, useless-code]
[2026-09-08 18:55:47] [SPAMMIER] resolve queries> Query Filter: C:\Users\rafar\.codeql\packages\codeql\python-queries\1.8.9\Variables\LeakingListComprehension.ql failed 'tags contain` constraint [portability, correctness]
[2026-09-08 18:55:47] [SPAMMIER] resolve queries> Query Filter: C:\Users\rafar\.codeql\packages\codeql\python-queries\1.8.9\Variables\LoopVariableCapture\LoopVariableCapture.ql failed 'tags contain` constraint [quality, reliability, correctness]
[2026-09-08 18:55:47] [SPAMMIER] resolve queries> Query Filter: C:\Users\rafar\.codeql\packages\codeql\python-queries\1.8.9\Variables\MultiplyDefined.ql failed 'tags contain` constraint [quality, maintainability, useless-code, external/cwe/cwe-563]
[2026-09-08 18:55:47] [SPAMMIER] resolve queries> Query Filter: C:\Users\rafar\.codeql\packages\codeql\python-queries\1.8.9\Variables\ShadowBuiltin.ql failed the constraint of precision (was medium).
[2026-09-08 18:55:47] [SPAMMIER] resolve queries> Query Filter: C:\Users\rafar\.codeql\packages\codeql\python-queries\1.8.9\Variables\ShadowGlobal.ql failed the constraint of precision (was medium).
[2026-09-08 18:55:47] [SPAMMIER] resolve queries> Query Filter: C:\Users\rafar\.codeql\packages\codeql\python-queries\1.8.9\Variables\SuspiciousUnusedLoopIterationVariable.ql failed 'tags contain` constraint [quality, reliability, correctness]
[2026-09-08 18:55:47] [SPAMMIER] resolve queries> Query Filter: C:\Users\rafar\.codeql\packages\codeql\python-queries\1.8.9\Variables\UndefinedExport.ql failed 'tags contain` constraint [quality, reliability, correctness]
[2026-09-08 18:55:47] [SPAMMIER] resolve queries> Query Filter: C:\Users\rafar\.codeql\packages\codeql\python-queries\1.8.9\Variables\UndefinedGlobal.ql failed the constraint of precision (was low).
[2026-09-08 18:55:47] [SPAMMIER] resolve queries> Query Filter: C:\Users\rafar\.codeql\packages\codeql\python-queries\1.8.9\Variables\UndefinedPlaceHolder.ql failed the constraint of precision (was medium).
[2026-09-08 18:55:47] [SPAMMIER] resolve queries> Query Filter: C:\Users\rafar\.codeql\packages\codeql\python-queries\1.8.9\Variables\UninitializedLocal.ql failed the constraint of precision (was medium).
[2026-09-08 18:55:47] [SPAMMIER] resolve queries> Query Filter: C:\Users\rafar\.codeql\packages\codeql\python-queries\1.8.9\Variables\UnusedLocalVariable.ql failed 'tags contain` constraint [quality, maintainability, useless-code, external/cwe/cwe-563]
[2026-09-08 18:55:47] [SPAMMIER] resolve queries> Query Filter: C:\Users\rafar\.codeql\packages\codeql\python-queries\1.8.9\Variables\UnusedModuleVariable.ql failed 'tags contain` constraint [quality, maintainability, useless-code, external/cwe/cwe-563]
[2026-09-08 18:55:47] [SPAMMIER] resolve queries> Query Filter: C:\Users\rafar\.codeql\packages\codeql\python-queries\1.8.9\Variables\UnusedParameter.ql failed the constraint of precision (was medium).
[2026-09-08 18:55:47] [SPAMMIER] resolve queries> Resolution instruction: include.
[2026-09-08 18:55:47] [SPAMMY] resolve queries> Query Filter: Including by constraints kind=problem|path-problem; precision=medium; problem.severity=error|warning; tags contain=security.
[2026-09-08 18:55:47] [SPAMMIER] resolve queries> Query Filter: C:\Users\rafar\.codeql\packages\codeql\python-queries\1.8.9\AlertSuppression.ql failed the constraint of kind (was alert-suppression).
[2026-09-08 18:55:47] [SPAMMIER] resolve queries> Query Filter: C:\Users\rafar\.codeql\packages\codeql\python-queries\1.8.9\analysis\CallGraphEfficiency.ql failed the constraint of kind (not present).
[2026-09-08 18:55:47] [SPAMMIER] resolve queries> Query Filter: C:\Users\rafar\.codeql\packages\codeql\python-queries\1.8.9\analysis\CallGraphMarginalEfficiency.ql failed the constraint of kind (not present).
[2026-09-08 18:55:47] [SPAMMIER] resolve queries> Query Filter: C:\Users\rafar\.codeql\packages\codeql\python-queries\1.8.9\analysis\Consistency.ql failed the constraint of kind (not present).
[2026-09-08 18:55:47] [SPAMMIER] resolve queries> Query Filter: C:\Users\rafar\.codeql\packages\codeql\python-queries\1.8.9\analysis\ContextEfficiency.ql failed the constraint of kind (not present).
[2026-09-08 18:55:47] [SPAMMIER] resolve queries> Query Filter: C:\Users\rafar\.codeql\packages\codeql\python-queries\1.8.9\analysis\ContextMarginalEfficiency.ql failed the constraint of kind (not present).
[2026-09-08 18:55:47] [SPAMMIER] resolve queries> Query Filter: C:\Users\rafar\.codeql\packages\codeql\python-queries\1.8.9\analysis\Definitions.ql failed the constraint of kind (was definitions).
[2026-09-08 18:55:47] [SPAMMIER] resolve queries> Query Filter: C:\Users\rafar\.codeql\packages\codeql\python-queries\1.8.9\analysis\Efficiency.ql failed the constraint of kind (not present).
[2026-09-08 18:55:47] [SPAMMIER] resolve queries> Query Filter: C:\Users\rafar\.codeql\packages\codeql\python-queries\1.8.9\analysis\FailedInference.ql failed the constraint of kind (not present).
[2026-09-08 18:55:47] [SPAMMIER] resolve queries> Query Filter: C:\Users\rafar\.codeql\packages\codeql\python-queries\1.8.9\analysis\ImportFailure.ql failed the constraint of precision (not present).
[2026-09-08 18:55:47] [SPAMMIER] resolve queries> Query Filter: C:\Users\rafar\.codeql\packages\codeql\python-queries\1.8.9\analysis\KeyPointsToFailure.ql failed the constraint of precision (not present).
[2026-09-08 18:55:47] [SPAMMIER] resolve queries> Query Filter: C:\Users\rafar\.codeql\packages\codeql\python-queries\1.8.9\analysis\PointsToFailure.ql failed the constraint of precision (not present).
[2026-09-08 18:55:47] [SPAMMIER] resolve queries> Query Filter: C:\Users\rafar\.codeql\packages\codeql\python-queries\1.8.9\analysis\Pruned.ql failed the constraint of kind (not present).
[2026-09-08 18:55:47] [SPAMMIER] resolve queries> Query Filter: C:\Users\rafar\.codeql\packages\codeql\python-queries\1.8.9\analysis\RatioOfDefinitions.ql failed the constraint of kind (not present).
[2026-09-08 18:55:47] [SPAMMIER] resolve queries> Query Filter: C:\Users\rafar\.codeql\packages\codeql\python-queries\1.8.9\analysis\Summary.ql failed the constraint of kind (not present).
[2026-09-08 18:55:47] [SPAMMIER] resolve queries> Query Filter: C:\Users\rafar\.codeql\packages\codeql\python-queries\1.8.9\analysis\TypeHierarchyFailure.ql failed the constraint of precision (not present).
[2026-09-08 18:55:47] [SPAMMIER] resolve queries> Query Filter: C:\Users\rafar\.codeql\packages\codeql\python-queries\1.8.9\analysis\TypeInferenceFailure.ql failed the constraint of precision (not present).
[2026-09-08 18:55:47] [SPAMMIER] resolve queries> Query Filter: C:\Users\rafar\.codeql\packages\codeql\python-queries\1.8.9\Classes\CallsToInitDel\MissingCallToDel.ql failed the constraint of precision (was high).
[2026-09-08 18:55:47] [SPAMMIER] resolve queries> Query Filter: C:\Users\rafar\.codeql\packages\codeql\python-queries\1.8.9\Classes\CallsToInitDel\MissingCallToInit.ql failed the constraint of precision (was high).
[2026-09-08 18:55:47] [SPAMMIER] resolve queries> Query Filter: C:\Users\rafar\.codeql\packages\codeql\python-queries\1.8.9\Classes\CallsToInitDel\SuperclassDelCalledMultipleTimes.ql failed the constraint of precision (was very-high).
[2026-09-08 18:55:47] [SPAMMIER] resolve queries> Query Filter: C:\Users\rafar\.codeql\packages\codeql\python-queries\1.8.9\Classes\CallsToInitDel\SuperclassInitCalledMultipleTimes.ql failed the constraint of precision (was very-high).
[2026-09-08 18:55:47] [SPAMMIER] resolve queries> Query Filter: C:\Users\rafar\.codeql\packages\codeql\python-queries\1.8.9\Classes\Comparisons\EqualsOrHash.ql failed the constraint of precision (was very-high).
[2026-09-08 18:55:47] [SPAMMIER] resolve queries> Query Filter: C:\Users\rafar\.codeql\packages\codeql\python-queries\1.8.9\Classes\Comparisons\EqualsOrNotEquals.ql failed the constraint of precision (was very-high).
[2026-09-08 18:55:47] [SPAMMIER] resolve queries> Query Filter: C:\Users\rafar\.codeql\packages\codeql\python-queries\1.8.9\Classes\Comparisons\IncompleteOrdering.ql failed the constraint of precision (was very-high).
[2026-09-08 18:55:47] [SPAMMIER] resolve queries> Query Filter: C:\Users\rafar\.codeql\packages\codeql\python-queries\1.8.9\Classes\ConflictingAttributesInBaseClasses.ql failed the constraint of precision (was high).
[2026-09-08 18:55:47] [SPAMMIER] resolve queries> Query Filter: C:\Users\rafar\.codeql\packages\codeql\python-queries\1.8.9\Classes\DefineEqualsWhenAddingAttributes.ql failed the constraint of precision (was high).
[2026-09-08 18:55:47] [SPAMMIER] resolve queries> Query Filter: C:\Users\rafar\.codeql\packages\codeql\python-queries\1.8.9\Classes\InconsistentMRO.ql failed the constraint of precision (was very-high).
[2026-09-08 18:55:47] [SPAMMIER] resolve queries> Query Filter: C:\Users\rafar\.codeql\packages\codeql\python-queries\1.8.9\Classes\InitCallsSubclass\InitCallsSubclassMethod.ql failed the constraint of precision (was high).
[2026-09-08 18:55:47] [SPAMMIER] resolve queries> Query Filter: C:\Users\rafar\.codeql\packages\codeql\python-queries\1.8.9\Classes\MaybeUndefinedClassAttribute.ql failed the constraint of precision (was low).
[2026-09-08 18:55:47] [SPAMMIER] resolve queries> Query Filter: C:\Users\rafar\.codeql\packages\codeql\python-queries\1.8.9\Classes\MutatingDescriptor.ql failed the constraint of precision (was very-high).
[2026-09-08 18:55:47] [SPAMMIER] resolve queries> Query Filter: C:\Users\rafar\.codeql\packages\codeql\python-queries\1.8.9\Classes\OverwritingAttributeInSuperClass.ql failed 'tags contain` constraint [quality, reliability, correctness]
[2026-09-08 18:55:47] [SPAMMIER] resolve queries> Query Filter: C:\Users\rafar\.codeql\packages\codeql\python-queries\1.8.9\Classes\PropertyInOldStyleClass.ql failed the constraint of precision (was very-high).
[2026-09-08 18:55:47] [SPAMMIER] resolve queries> Query Filter: C:\Users\rafar\.codeql\packages\codeql\python-queries\1.8.9\Classes\ShouldBeContextManager.ql failed the constraint of problem.severity (was recommendation).
[2026-09-08 18:55:47] [SPAMMIER] resolve queries> Query Filter: C:\Users\rafar\.codeql\packages\codeql\python-queries\1.8.9\Classes\SlotsInOldStyleClass.ql failed the constraint of precision (was very-high).
[2026-09-08 18:55:47] [SPAMMIER] resolve queries> Query Filter: C:\Users\rafar\.codeql\packages\codeql\python-queries\1.8.9\Classes\SubclassShadowing\SubclassShadowing.ql failed the constraint of precision (was high).
[2026-09-08 18:55:47] [SPAMMIER] resolve queries> Query Filter: C:\Users\rafar\.codeql\packages\codeql\python-queries\1.8.9\Classes\SuperInOldStyleClass.ql failed the constraint of precision (was very-high).
[2026-09-08 18:55:47] [SPAMMIER] resolve queries> Query Filter: C:\Users\rafar\.codeql\packages\codeql\python-queries\1.8.9\Classes\UndefinedClassAttribute.ql failed the constraint of precision (was low).
[2026-09-08 18:55:47] [SPAMMIER] resolve queries> Query Filter: C:\Users\rafar\.codeql\packages\codeql\python-queries\1.8.9\Classes\UselessClass.ql failed the constraint of problem.severity (was recommendation).
[2026-09-08 18:55:47] [SPAMMIER] resolve queries> Query Filter: C:\Users\rafar\.codeql\packages\codeql\python-queries\1.8.9\Classes\WrongNameForArgumentInClassInstantiation.ql failed the constraint of precision (was very-high).
[2026-09-08 18:55:47] [SPAMMIER] resolve queries> Query Filter: C:\Users\rafar\.codeql\packages\codeql\python-queries\1.8.9\Classes\WrongNumberArgumentsInClassInstantiation.ql failed the constraint of precision (was very-high).
[2026-09-08 18:55:47] [SPAMMIER] resolve queries> Query Filter: C:\Users\rafar\.codeql\packages\codeql\python-queries\1.8.9\Diagnostics\ExtractedFiles.ql failed the constraint of kind (was diagnostic).
[2026-09-08 18:55:47] [SPAMMIER] resolve queries> Query Filter: C:\Users\rafar\.codeql\packages\codeql\python-queries\1.8.9\Diagnostics\ExtractionWarnings.ql failed the constraint of kind (was diagnostic).
[2026-09-08 18:55:47] [SPAMMIER] resolve queries> Query Filter: C:\Users\rafar\.codeql\packages\codeql\python-queries\1.8.9\Exceptions\CatchingBaseException.ql failed the constraint of precision (was very-high).
[2026-09-08 18:55:47] [SPAMMIER] resolve queries> Query Filter: C:\Users\rafar\.codeql\packages\codeql\python-queries\1.8.9\Exceptions\EmptyExcept.ql failed the constraint of precision (was high).
[2026-09-08 18:55:47] [SPAMMIER] resolve queries> Query Filter: C:\Users\rafar\.codeql\packages\codeql\python-queries\1.8.9\Exceptions\IllegalExceptionHandlerType.ql failed the constraint of precision (was very-high).
[2026-09-08 18:55:47] [SPAMMIER] resolve queries> Query Filter: C:\Users\rafar\.codeql\packages\codeql\python-queries\1.8.9\Exceptions\IllegalRaise.ql failed the constraint of precision (was very-high).
[2026-09-08 18:55:47] [SPAMMIER] resolve queries> Query Filter: C:\Users\rafar\.codeql\packages\codeql\python-queries\1.8.9\Exceptions\IncorrectExceptOrder.ql failed the constraint of precision (was very-high).
[2026-09-08 18:55:47] [SPAMMIER] resolve queries> Query Filter: C:\Users\rafar\.codeql\packages\codeql\python-queries\1.8.9\Exceptions\NotImplementedIsNotAnException.ql failed the constraint of precision (was very-high).
[2026-09-08 18:55:47] [SPAMMIER] resolve queries> Query Filter: C:\Users\rafar\.codeql\packages\codeql\python-queries\1.8.9\Exceptions\RaisingTuple.ql failed the constraint of precision (was very-high).
[2026-09-08 18:55:47] [SPAMMIER] resolve queries> Query Filter: C:\Users\rafar\.codeql\packages\codeql\python-queries\1.8.9\Exceptions\UnguardedNextInGenerator.ql failed the constraint of precision (was very-high).
[2026-09-08 18:55:47] [SPAMMIER] resolve queries> Query Filter: C:\Users\rafar\.codeql\packages\codeql\python-queries\1.8.9\experimental\Classes\NamingConventionsClasses.ql failed the constraint of precision (not present).
[2026-09-08 18:55:47] [SPAMMIER] resolve queries> Query Filter: C:\Users\rafar\.codeql\packages\codeql\python-queries\1.8.9\experimental\cryptography\example_alerts\UnknownAsymmetricKeyGen.ql failed the constraint of precision (was high).
[2026-09-08 18:55:47] [SPAMMIER] resolve queries> Query Filter: C:\Users\rafar\.codeql\packages\codeql\python-queries\1.8.9\experimental\cryptography\example_alerts\WeakAsymmetricKeyGen.ql failed the constraint of precision (was high).
[2026-09-08 18:55:47] [SPAMMIER] resolve queries> Query Filter: C:\Users\rafar\.codeql\packages\codeql\python-queries\1.8.9\experimental\cryptography\example_alerts\WeakAsymmetricPadding.ql failed the constraint of precision (was high).
[2026-09-08 18:55:47] [SPAMMIER] resolve queries> Query Filter: C:\Users\rafar\.codeql\packages\codeql\python-queries\1.8.9\experimental\cryptography\example_alerts\WeakBlockMode.ql failed the constraint of precision (was high).
[2026-09-08 18:55:47] [SPAMMIER] resolve queries> Query Filter: C:\Users\rafar\.codeql\packages\codeql\python-queries\1.8.9\experimental\cryptography\example_alerts\WeakBlockModeIVorNonce.ql failed the constraint of precision (was high).
[2026-09-08 18:55:47] [SPAMMIER] resolve queries> Query Filter: C:\Users\rafar\.codeql\packages\codeql\python-queries\1.8.9\experimental\cryptography\example_alerts\WeakEllipticCurve.ql failed the constraint of precision (was high).
[2026-09-08 18:55:47] [SPAMMIER] resolve queries> Query Filter: C:\Users\rafar\.codeql\packages\codeql\python-queries\1.8.9\experimental\cryptography\example_alerts\WeakHashes.ql failed the constraint of precision (was high).
[2026-09-08 18:55:47] [SPAMMIER] resolve queries> Query Filter: C:\Users\rafar\.codeql\packages\codeql\python-queries\1.8.9\experimental\cryptography\example_alerts\WeakKDFAlgorithm.ql failed the constraint of precision (was high).
[2026-09-08 18:55:47] [SPAMMIER] resolve queries> Query Filter: C:\Users\rafar\.codeql\packages\codeql\python-queries\1.8.9\experimental\cryptography\example_alerts\WeakKDFIteration.ql failed the constraint of precision (was high).
[2026-09-08 18:55:47] [SPAMMIER] resolve queries> Query Filter: C:\Users\rafar\.codeql\packages\codeql\python-queries\1.8.9\experimental\cryptography\example_alerts\WeakKDFKeyLength.ql failed the constraint of precision (was high).
[2026-09-08 18:55:47] [SPAMMIER] resolve queries> Query Filter: C:\Users\rafar\.codeql\packages\codeql\python-queries\1.8.9\experimental\cryptography\example_alerts\WeakKDFMode.ql failed the constraint of precision (was high).
[2026-09-08 18:55:47] [SPAMMIER] resolve queries> Query Filter: C:\Users\rafar\.codeql\packages\codeql\python-queries\1.8.9\experimental\cryptography\example_alerts\WeakKDFSaltGen.ql failed the constraint of precision (was high).
[2026-09-08 18:55:47] [SPAMMIER] resolve queries> Query Filter: C:\Users\rafar\.codeql\packages\codeql\python-queries\1.8.9\experimental\cryptography\example_alerts\WeakKDFSaltSize.ql failed the constraint of precision (was high).
[2026-09-08 18:55:47] [SPAMMIER] resolve queries> Query Filter: C:\Users\rafar\.codeql\packages\codeql\python-queries\1.8.9\experimental\cryptography\example_alerts\WeakSymmetricEncryption.ql failed the constraint of precision (was high).
[2026-09-08 18:55:47] [SPAMMIER] resolve queries> Query Filter: C:\Users\rafar\.codeql\packages\codeql\python-queries\1.8.9\experimental\cryptography\inventory\new_models\AllAsymmetricAlgorithms.ql failed the constraint of precision (not present).
[2026-09-08 18:55:47] [SPAMMIER] resolve queries> Query Filter: C:\Users\rafar\.codeql\packages\codeql\python-queries\1.8.9\experimental\cryptography\inventory\new_models\AllCryptoAlgorithms.ql failed the constraint of precision (not present).
[2026-09-08 18:55:47] [SPAMMIER] resolve queries> Query Filter: C:\Users\rafar\.codeql\packages\codeql\python-queries\1.8.9\experimental\cryptography\inventory\new_models\AsymmetricEncryptionAlgorithms.ql failed the constraint of precision (not present).
[2026-09-08 18:55:47] [SPAMMIER] resolve queries> Query Filter: C:\Users\rafar\.codeql\packages\codeql\python-queries\1.8.9\experimental\cryptography\inventory\new_models\AsymmetricKeyGenOperation.ql failed the constraint of precision (not present).
[2026-09-08 18:55:47] [SPAMMIER] resolve queries> Query Filter: C:\Users\rafar\.codeql\packages\codeql\python-queries\1.8.9\experimental\cryptography\inventory\new_models\AsymmetricPaddingAlgorithms.ql failed the constraint of precision (not present).
[2026-09-08 18:55:47] [SPAMMIER] resolve queries> Query Filter: C:\Users\rafar\.codeql\packages\codeql\python-queries\1.8.9\experimental\cryptography\inventory\new_models\AuthenticatedEncryptionAlgorithms.ql failed the constraint of precision (not present).
[2026-09-08 18:55:47] [SPAMMIER] resolve queries> Query Filter: C:\Users\rafar\.codeql\packages\codeql\python-queries\1.8.9\experimental\cryptography\inventory\new_models\BlockModeAlgorithms.ql failed the constraint of precision (not present).
[2026-09-08 18:55:47] [SPAMMIER] resolve queries> Query Filter: C:\Users\rafar\.codeql\packages\codeql\python-queries\1.8.9\experimental\cryptography\inventory\new_models\BlockModeKnownIVsOrNonces.ql failed the constraint of precision (not present).
[2026-09-08 18:55:47] [SPAMMIER] resolve queries> Query Filter: C:\Users\rafar\.codeql\packages\codeql\python-queries\1.8.9\experimental\cryptography\inventory\new_models\BlockModeUnknownIVsOrNonces.ql failed the constraint of precision (not present).
[2026-09-08 18:55:47] [SPAMMIER] resolve queries> Query Filter: C:\Users\rafar\.codeql\packages\codeql\python-queries\1.8.9\experimental\cryptography\inventory\new_models\EllipticCurveAlgorithms.ql failed the constraint of precision (not present).
[2026-09-08 18:55:47] [SPAMMIER] resolve queries> Query Filter: C:\Users\rafar\.codeql\packages\codeql\python-queries\1.8.9\experimental\cryptography\inventory\new_models\HashingAlgorithms.ql failed the constraint of precision (not present).
[2026-09-08 18:55:47] [SPAMMIER] resolve queries> Query Filter: C:\Users\rafar\.codeql\packages\codeql\python-queries\1.8.9\experimental\cryptography\inventory\new_models\KeyDerivationAlgorithms.ql failed the constraint of precision (not present).
[2026-09-08 18:55:47] [SPAMMIER] resolve queries> Query Filter: C:\Users\rafar\.codeql\packages\codeql\python-queries\1.8.9\experimental\cryptography\inventory\new_models\KeyExchangeAlgorithms.ql failed the constraint of precision (not present).
[2026-09-08 18:55:47] [SPAMMIER] resolve queries> Query Filter: C:\Users\rafar\.codeql\packages\codeql\python-queries\1.8.9\experimental\cryptography\inventory\new_models\SigningAlgorithms.ql failed the constraint of precision (not present).
[2026-09-08 18:55:47] [SPAMMIER] resolve queries> Query Filter: C:\Users\rafar\.codeql\packages\codeql\python-queries\1.8.9\experimental\cryptography\inventory\new_models\SymmetricEncryptionAlgorithms.ql failed the constraint of precision (not present).
[2026-09-08 18:55:47] [SPAMMIER] resolve queries> Query Filter: C:\Users\rafar\.codeql\packages\codeql\python-queries\1.8.9\experimental\cryptography\inventory\new_models\SymmetricPaddingAlgorithms.ql failed the constraint of precision (not present).
[2026-09-08 18:55:47] [SPAMMIER] resolve queries> Query Filter: C:\Users\rafar\.codeql\packages\codeql\python-queries\1.8.9\experimental\cryptography\inventory\old_models\AllCryptoAlgorithms.ql failed the constraint of precision (not present).
[2026-09-08 18:55:47] [SPAMMIER] resolve queries> Query Filter: C:\Users\rafar\.codeql\packages\codeql\python-queries\1.8.9\experimental\cryptography\inventory\old_models\BlockModeAlgorithms.ql failed the constraint of precision (not present).
[2026-09-08 18:55:47] [SPAMMIER] resolve queries> Query Filter: C:\Users\rafar\.codeql\packages\codeql\python-queries\1.8.9\experimental\cryptography\inventory\old_models\HashingAlgorithms.ql failed the constraint of precision (not present).
[2026-09-08 18:55:47] [SPAMMIER] resolve queries> Query Filter: C:\Users\rafar\.codeql\packages\codeql\python-queries\1.8.9\experimental\Functions\NamingConventionsFunctions.ql failed the constraint of precision (not present).
[2026-09-08 18:55:47] [SPAMMY] resolve queries> Query Filter: Including C:\Users\rafar\.codeql\packages\codeql\python-queries\1.8.9\experimental\Security\CWE-022bis\UnsafeUnpack.ql.
[2026-09-08 18:55:47] [SPAMMIER] resolve queries> Query Filter: C:\Users\rafar\.codeql\packages\codeql\python-queries\1.8.9\experimental\Security\CWE-079\EmailXss.ql failed the constraint of precision (not present).
[2026-09-08 18:55:47] [SPAMMIER] resolve queries> Query Filter: C:\Users\rafar\.codeql\packages\codeql\python-queries\1.8.9\experimental\Security\CWE-1236\CsvInjection.ql failed the constraint of precision (not present).
[2026-09-08 18:55:47] [SPAMMIER] resolve queries> Query Filter: C:\Users\rafar\.codeql\packages\codeql\python-queries\1.8.9\experimental\Security\CWE-208\TimingAttackAgainstHash\PossibleTimingAttackAgainstHash.ql failed the constraint of precision (was low).
[2026-09-08 18:55:47] [SPAMMIER] resolve queries> Query Filter: C:\Users\rafar\.codeql\packages\codeql\python-queries\1.8.9\experimental\Security\CWE-208\TimingAttackAgainstHash\TimingAttackAgainstHash.ql failed the constraint of precision (was low).
[2026-09-08 18:55:47] [SPAMMIER] resolve queries> Query Filter: C:\Users\rafar\.codeql\packages\codeql\python-queries\1.8.9\experimental\Security\CWE-208\TimingAttackAgainstSensitiveInfo\PossibleTimingAttackAgainstSensitiveInfo.ql failed the constraint of precision (was low).
[2026-09-08 18:55:47] [SPAMMIER] resolve queries> Query Filter: C:\Users\rafar\.codeql\packages\codeql\python-queries\1.8.9\experimental\Security\CWE-208\TimingAttackAgainstSensitiveInfo\TimingAttackAgainstSensitiveInfo.ql failed the constraint of precision (was low).
[2026-09-08 18:55:47] [SPAMMIER] resolve queries> Query Filter: C:\Users\rafar\.codeql\packages\codeql\python-queries\1.8.9\experimental\Security\CWE-287\ImproperLdapAuth.ql failed the constraint of precision (not present).
[2026-09-08 18:55:47] [SPAMMY] resolve queries> Query Filter: Including C:\Users\rafar\.codeql\packages\codeql\python-queries\1.8.9\experimental\Security\CWE-327\Azure\UnsafeUsageOfClientSideEncryptionVersion.ql.
[2026-09-08 18:55:47] [SPAMMY] resolve queries> Query Filter: Including C:\Users\rafar\.codeql\packages\codeql\python-queries\1.8.9\experimental\Security\CWE-340\TokenBuiltFromUUID.ql.
[2026-09-08 18:55:47] [SPAMMIER] resolve queries> Query Filter: C:\Users\rafar\.codeql\packages\codeql\python-queries\1.8.9\experimental\Security\CWE-346\CorsBypass.ql failed the constraint of precision (not present).
[2026-09-08 18:55:47] [SPAMMIER] resolve queries> Query Filter: C:\Users\rafar\.codeql\packages\codeql\python-queries\1.8.9\experimental\Security\CWE-347\JWTEmptyKeyOrAlgorithm.ql failed the constraint of precision (not present).
[2026-09-08 18:55:47] [SPAMMIER] resolve queries> Query Filter: C:\Users\rafar\.codeql\packages\codeql\python-queries\1.8.9\experimental\Security\CWE-347\JWTMissingSecretOrPublicKeyVerification.ql failed the constraint of precision (not present).
[2026-09-08 18:55:47] [SPAMMIER] resolve queries> Query Filter: C:\Users\rafar\.codeql\packages\codeql\python-queries\1.8.9\experimental\Security\CWE-522\LdapInsecureAuth.ql failed the constraint of precision (not present).
[2026-09-08 18:55:47] [SPAMMIER] resolve queries> Query Filter: C:\Users\rafar\.codeql\packages\codeql\python-queries\1.8.9\Expressions\CallToSuperWrongClass.ql failed the constraint of precision (was high).
[2026-09-08 18:55:47] [SPAMMIER] resolve queries> Query Filter: C:\Users\rafar\.codeql\packages\codeql\python-queries\1.8.9\Expressions\CompareConstants.ql failed the constraint of precision (was very-high).
[2026-09-08 18:55:47] [SPAMMIER] resolve queries> Query Filter: C:\Users\rafar\.codeql\packages\codeql\python-queries\1.8.9\Expressions\CompareIdenticalValues.ql failed the constraint of precision (was very-high).
[2026-09-08 18:55:47] [SPAMMIER] resolve queries> Query Filter: C:\Users\rafar\.codeql\packages\codeql\python-queries\1.8.9\Expressions\CompareIdenticalValuesMissingSelf.ql failed the constraint of precision (was very-high).
[2026-09-08 18:55:47] [SPAMMIER] resolve queries> Query Filter: C:\Users\rafar\.codeql\packages\codeql\python-queries\1.8.9\Expressions\Comparisons\UselessComparisonTest.ql failed the constraint of precision (was high).
[2026-09-08 18:55:47] [SPAMMIER] resolve queries> Query Filter: C:\Users\rafar\.codeql\packages\codeql\python-queries\1.8.9\Expressions\ContainsNonContainer.ql failed the constraint of precision (was high).
[2026-09-08 18:55:47] [SPAMMIER] resolve queries> Query Filter: C:\Users\rafar\.codeql\packages\codeql\python-queries\1.8.9\Expressions\DuplicateKeyInDictionaryLiteral.ql failed the constraint of precision (was very-high).
[2026-09-08 18:55:47] [SPAMMIER] resolve queries> Query Filter: C:\Users\rafar\.codeql\packages\codeql\python-queries\1.8.9\Expressions\EqualsNone.ql failed the constraint of precision (was very-high).
[2026-09-08 18:55:47] [SPAMMIER] resolve queries> Query Filter: C:\Users\rafar\.codeql\packages\codeql\python-queries\1.8.9\Expressions\ExpectedMappingForFormatString.ql failed the constraint of precision (was high).
[2026-09-08 18:55:47] [SPAMMIER] resolve queries> Query Filter: C:\Users\rafar\.codeql\packages\codeql\python-queries\1.8.9\Expressions\ExplicitCallToDel.ql failed the constraint of precision (was very-high).
[2026-09-08 18:55:47] [SPAMMIER] resolve queries> Query Filter: C:\Users\rafar\.codeql\packages\codeql\python-queries\1.8.9\Expressions\Formatting\MixedExplicitImplicitIn3101Format.ql failed the constraint of precision (was high).
[2026-09-08 18:55:47] [SPAMMIER] resolve queries> Query Filter: C:\Users\rafar\.codeql\packages\codeql\python-queries\1.8.9\Expressions\Formatting\UnusedArgumentIn3101Format.ql failed the constraint of precision (was high).
[2026-09-08 18:55:47] [SPAMMIER] resolve queries> Query Filter: C:\Users\rafar\.codeql\packages\codeql\python-queries\1.8.9\Expressions\Formatting\UnusedNamedArgumentIn3101Format.ql failed the constraint of precision (was very-high).
[2026-09-08 18:55:47] [SPAMMIER] resolve queries> Query Filter: C:\Users\rafar\.codeql\packages\codeql\python-queries\1.8.9\Expressions\Formatting\WrongNameInArgumentsFor3101Format.ql failed the constraint of precision (was high).
[2026-09-08 18:55:47] [SPAMMIER] resolve queries> Query Filter: C:\Users\rafar\.codeql\packages\codeql\python-queries\1.8.9\Expressions\Formatting\WrongNumberArgumentsFor3101Format.ql failed the constraint of precision (was high).
[2026-09-08 18:55:47] [SPAMMIER] resolve queries> Query Filter: C:\Users\rafar\.codeql\packages\codeql\python-queries\1.8.9\Expressions\HashedButNoHash.ql failed the constraint of precision (was very-high).
[2026-09-08 18:55:47] [SPAMMIER] resolve queries> Query Filter: C:\Users\rafar\.codeql\packages\codeql\python-queries\1.8.9\Expressions\IncorrectComparisonUsingIs.ql failed the constraint of precision (was high).
[2026-09-08 18:55:47] [SPAMMIER] resolve queries> Query Filter: C:\Users\rafar\.codeql\packages\codeql\python-queries\1.8.9\Expressions\NonCallableCalled.ql failed the constraint of precision (was high).
[2026-09-08 18:55:47] [SPAMMIER] resolve queries> Query Filter: C:\Users\rafar\.codeql\packages\codeql\python-queries\1.8.9\Expressions\NonPortableComparisonUsingIs.ql failed the constraint of problem.severity (was recommendation).
[2026-09-08 18:55:47] [SPAMMIER] resolve queries> Query Filter: C:\Users\rafar\.codeql\packages\codeql\python-queries\1.8.9\Expressions\Regex\BackspaceEscape.ql failed the constraint of precision (was very-high).
[2026-09-08 18:55:47] [SPAMMIER] resolve queries> Query Filter: C:\Users\rafar\.codeql\packages\codeql\python-queries\1.8.9\Expressions\Regex\DuplicateCharacterInSet.ql failed the constraint of precision (was very-high).
[2026-09-08 18:55:47] [SPAMMIER] resolve queries> Query Filter: C:\Users\rafar\.codeql\packages\codeql\python-queries\1.8.9\Expressions\Regex\MissingPartSpecialGroup.ql failed the constraint of precision (was high).
[2026-09-08 18:55:47] [SPAMMIER] resolve queries> Query Filter: C:\Users\rafar\.codeql\packages\codeql\python-queries\1.8.9\Expressions\Regex\UnmatchableCaret.ql failed the constraint of precision (was high).
[2026-09-08 18:55:47] [SPAMMIER] resolve queries> Query Filter: C:\Users\rafar\.codeql\packages\codeql\python-queries\1.8.9\Expressions\Regex\UnmatchableDollar.ql failed the constraint of precision (was high).
[2026-09-08 18:55:47] [SPAMMIER] resolve queries> Query Filter: C:\Users\rafar\.codeql\packages\codeql\python-queries\1.8.9\Expressions\TruncatedDivision.ql failed the constraint of precision (was very-high).
[2026-09-08 18:55:47] [SPAMMIER] resolve queries> Query Filter: C:\Users\rafar\.codeql\packages\codeql\python-queries\1.8.9\Expressions\UnintentionalImplicitStringConcatenation.ql failed the constraint of precision (was high).
[2026-09-08 18:55:47] [SPAMMIER] resolve queries> Query Filter: C:\Users\rafar\.codeql\packages\codeql\python-queries\1.8.9\Expressions\UnnecessaryLambda.ql failed the constraint of precision (was high).
[2026-09-08 18:55:47] [SPAMMIER] resolve queries> Query Filter: C:\Users\rafar\.codeql\packages\codeql\python-queries\1.8.9\Expressions\UnsupportedFormatCharacter.ql failed the constraint of precision (was high).
[2026-09-08 18:55:47] [SPAMMIER] resolve queries> Query Filter: C:\Users\rafar\.codeql\packages\codeql\python-queries\1.8.9\Expressions\UseofApply.ql failed the constraint of precision (was very-high).
[2026-09-08 18:55:47] [SPAMMIER] resolve queries> Query Filter: C:\Users\rafar\.codeql\packages\codeql\python-queries\1.8.9\Expressions\WrongNameForArgumentInCall.ql failed the constraint of precision (was very-high).
[2026-09-08 18:55:47] [SPAMMIER] resolve queries> Query Filter: C:\Users\rafar\.codeql\packages\codeql\python-queries\1.8.9\Expressions\WrongNumberArgumentsForFormat.ql failed the constraint of precision (was very-high).
[2026-09-08 18:55:47] [SPAMMIER] resolve queries> Query Filter: C:\Users\rafar\.codeql\packages\codeql\python-queries\1.8.9\Expressions\WrongNumberArgumentsInCall.ql failed the constraint of precision (was very-high).
[2026-09-08 18:55:47] [SPAMMIER] resolve queries> Query Filter: C:\Users\rafar\.codeql\packages\codeql\python-queries\1.8.9\external\DuplicateBlock.ql failed the constraint of problem.severity (was recommendation).
[2026-09-08 18:55:47] [SPAMMIER] resolve queries> Query Filter: C:\Users\rafar\.codeql\packages\codeql\python-queries\1.8.9\external\DuplicateFunction.ql failed the constraint of precision (was high).
[2026-09-08 18:55:47] [SPAMMIER] resolve queries> Query Filter: C:\Users\rafar\.codeql\packages\codeql\python-queries\1.8.9\external\MostlyDuplicateClass.ql failed the constraint of precision (was high).
[2026-09-08 18:55:47] [SPAMMIER] resolve queries> Query Filter: C:\Users\rafar\.codeql\packages\codeql\python-queries\1.8.9\external\MostlyDuplicateFile.ql failed the constraint of precision (was high).
[2026-09-08 18:55:47] [SPAMMIER] resolve queries> Query Filter: C:\Users\rafar\.codeql\packages\codeql\python-queries\1.8.9\external\MostlySimilarFile.ql failed the constraint of precision (was high).
[2026-09-08 18:55:47] [SPAMMIER] resolve queries> Query Filter: C:\Users\rafar\.codeql\packages\codeql\python-queries\1.8.9\external\SimilarFunction.ql failed the constraint of precision (was very-high).
[2026-09-08 18:55:47] [SPAMMIER] resolve queries> Query Filter: C:\Users\rafar\.codeql\packages\codeql\python-queries\1.8.9\Filters\ClassifyFiles.ql failed the constraint of kind (was file-classifier).
[2026-09-08 18:55:47] [SPAMMIER] resolve queries> Query Filter: C:\Users\rafar\.codeql\packages\codeql\python-queries\1.8.9\Functions\ConsistentReturns.ql failed the constraint of precision (was high).
[2026-09-08 18:55:47] [SPAMMIER] resolve queries> Query Filter: C:\Users\rafar\.codeql\packages\codeql\python-queries\1.8.9\Functions\DeprecatedSliceMethod.ql failed the constraint of precision (was very-high).
[2026-09-08 18:55:47] [SPAMMIER] resolve queries> Query Filter: C:\Users\rafar\.codeql\packages\codeql\python-queries\1.8.9\Functions\ExplicitReturnInInit.ql failed the constraint of precision (was very-high).
[2026-09-08 18:55:47] [SPAMMIER] resolve queries> Query Filter: C:\Users\rafar\.codeql\packages\codeql\python-queries\1.8.9\Functions\IncorrectlyOverriddenMethod.ql failed the constraint of precision (was high).
[2026-09-08 18:55:47] [SPAMMIER] resolve queries> Query Filter: C:\Users\rafar\.codeql\packages\codeql\python-queries\1.8.9\Functions\IncorrectlySpecifiedOverriddenMethod.ql failed the constraint of precision (was high).
[2026-09-08 18:55:47] [SPAMMIER] resolve queries> Query Filter: C:\Users\rafar\.codeql\packages\codeql\python-queries\1.8.9\Functions\IncorrectRaiseInSpecialMethod.ql failed the constraint of precision (was high).
[2026-09-08 18:55:47] [SPAMMIER] resolve queries> Query Filter: C:\Users\rafar\.codeql\packages\codeql\python-queries\1.8.9\Functions\InitIsGenerator.ql failed the constraint of precision (was very-high).
[2026-09-08 18:55:47] [SPAMMIER] resolve queries> Query Filter: C:\Users\rafar\.codeql\packages\codeql\python-queries\1.8.9\Functions\IterReturnsNonIterator.ql failed the constraint of precision (was high).
[2026-09-08 18:55:47] [SPAMMIER] resolve queries> Query Filter: C:\Users\rafar\.codeql\packages\codeql\python-queries\1.8.9\Functions\IterReturnsNonSelf.ql failed the constraint of precision (was high).
[2026-09-08 18:55:47] [SPAMMIER] resolve queries> Query Filter: C:\Users\rafar\.codeql\packages\codeql\python-queries\1.8.9\Functions\ModificationOfParameterWithDefault.ql failed the constraint of precision (was high).
[2026-09-08 18:55:47] [SPAMMIER] resolve queries> Query Filter: C:\Users\rafar\.codeql\packages\codeql\python-queries\1.8.9\Functions\NonCls.ql failed the constraint of precision (was high).
[2026-09-08 18:55:47] [SPAMMIER] resolve queries> Query Filter: C:\Users\rafar\.codeql\packages\codeql\python-queries\1.8.9\Functions\NonSelf.ql failed the constraint of precision (was very-high).
[2026-09-08 18:55:47] [SPAMMIER] resolve queries> Query Filter: C:\Users\rafar\.codeql\packages\codeql\python-queries\1.8.9\Functions\OverlyComplexDelMethod.ql failed the constraint of precision (was high).
[2026-09-08 18:55:47] [SPAMMIER] resolve queries> Query Filter: C:\Users\rafar\.codeql\packages\codeql\python-queries\1.8.9\Functions\ReturnConsistentTupleSizes.ql failed the constraint of precision (was high).
[2026-09-08 18:55:47] [SPAMMIER] resolve queries> Query Filter: C:\Users\rafar\.codeql\packages\codeql\python-queries\1.8.9\Functions\ReturnValueIgnored.ql failed the constraint of problem.severity (was recommendation).
[2026-09-08 18:55:47] [SPAMMIER] resolve queries> Query Filter: C:\Users\rafar\.codeql\packages\codeql\python-queries\1.8.9\Functions\SignatureOverriddenMethod.ql failed the constraint of precision (was very-high).
[2026-09-08 18:55:47] [SPAMMIER] resolve queries> Query Filter: C:\Users\rafar\.codeql\packages\codeql\python-queries\1.8.9\Functions\SignatureSpecialMethods.ql failed the constraint of precision (was high).
[2026-09-08 18:55:47] [SPAMMIER] resolve queries> Query Filter: C:\Users\rafar\.codeql\packages\codeql\python-queries\1.8.9\Functions\UseImplicitNoneReturnValue.ql failed the constraint of precision (was high).
[2026-09-08 18:55:47] [SPAMMIER] resolve queries> Query Filter: C:\Users\rafar\.codeql\packages\codeql\python-queries\1.8.9\Imports\CyclicImport.ql failed the constraint of precision (was high).
[2026-09-08 18:55:47] [SPAMMIER] resolve queries> Query Filter: C:\Users\rafar\.codeql\packages\codeql\python-queries\1.8.9\Imports\DeprecatedModule.ql failed the constraint of precision (was very-high).
[2026-09-08 18:55:47] [SPAMMIER] resolve queries> Query Filter: C:\Users\rafar\.codeql\packages\codeql\python-queries\1.8.9\Imports\EncodingError.ql failed the constraint of precision (was high).
[2026-09-08 18:55:47] [SPAMMIER] resolve queries> Query Filter: C:\Users\rafar\.codeql\packages\codeql\python-queries\1.8.9\Imports\FromImportOfMutableAttribute.ql failed 'tags contain` constraint [quality, reliability, correctness]
[2026-09-08 18:55:47] [SPAMMIER] resolve queries> Query Filter: C:\Users\rafar\.codeql\packages\codeql\python-queries\1.8.9\Imports\ImportandImportFrom.ql failed the constraint of precision (was very-high).
[2026-09-08 18:55:47] [SPAMMIER] resolve queries> Query Filter: C:\Users\rafar\.codeql\packages\codeql\python-queries\1.8.9\Imports\Imports.ql failed the constraint of problem.severity (was recommendation).
[2026-09-08 18:55:47] [SPAMMIER] resolve queries> Query Filter: C:\Users\rafar\.codeql\packages\codeql\python-queries\1.8.9\Imports\ImportShadowedByLoopVar.ql failed the constraint of precision (was very-high).
[2026-09-08 18:55:47] [SPAMMIER] resolve queries> Query Filter: C:\Users\rafar\.codeql\packages\codeql\python-queries\1.8.9\Imports\ImportStarUsed.ql failed the constraint of problem.severity (was recommendation).
[2026-09-08 18:55:47] [SPAMMIER] resolve queries> Query Filter: C:\Users\rafar\.codeql\packages\codeql\python-queries\1.8.9\Imports\ModuleImportsItself.ql failed the constraint of precision (was very-high).
[2026-09-08 18:55:47] [SPAMMIER] resolve queries> Query Filter: C:\Users\rafar\.codeql\packages\codeql\python-queries\1.8.9\Imports\ModuleLevelCyclicImport.ql failed the constraint of precision (was high).
[2026-09-08 18:55:47] [SPAMMIER] resolve queries> Query Filter: C:\Users\rafar\.codeql\packages\codeql\python-queries\1.8.9\Imports\MultipleImports.ql failed the constraint of precision (was very-high).
[2026-09-08 18:55:47] [SPAMMIER] resolve queries> Query Filter: C:\Users\rafar\.codeql\packages\codeql\python-queries\1.8.9\Imports\SyntaxError.ql failed the constraint of precision (was high).
[2026-09-08 18:55:47] [SPAMMIER] resolve queries> Query Filter: C:\Users\rafar\.codeql\packages\codeql\python-queries\1.8.9\Imports\UnintentionalImport.ql failed the constraint of precision (was very-high).
[2026-09-08 18:55:47] [SPAMMIER] resolve queries> Query Filter: C:\Users\rafar\.codeql\packages\codeql\python-queries\1.8.9\Imports\UnusedImport.ql failed the constraint of precision (was very-high).
[2026-09-08 18:55:47] [SPAMMIER] resolve queries> Query Filter: C:\Users\rafar\.codeql\packages\codeql\python-queries\1.8.9\Lexical\CommentedOutCode.ql failed the constraint of precision (was high).
[2026-09-08 18:55:47] [SPAMMIER] resolve queries> Query Filter: C:\Users\rafar\.codeql\packages\codeql\python-queries\1.8.9\Lexical\FCommentedOutCode.ql failed the constraint of kind (was treemap).
[2026-09-08 18:55:47] [SPAMMIER] resolve queries> Query Filter: C:\Users\rafar\.codeql\packages\codeql\python-queries\1.8.9\Lexical\OldOctalLiteral.ql failed the constraint of precision (was high).
[2026-09-08 18:55:47] [SPAMMIER] resolve queries> Query Filter: C:\Users\rafar\.codeql\packages\codeql\python-queries\1.8.9\Lexical\ToDoComment.ql failed the constraint of problem.severity (was recommendation).
[2026-09-08 18:55:47] [SPAMMIER] resolve queries> Query Filter: C:\Users\rafar\.codeql\packages\codeql\python-queries\1.8.9\meta\alerts\InterestingTaintSinks.ql failed the constraint of precision (was very-low).
[2026-09-08 18:55:47] [SPAMMIER] resolve queries> Query Filter: C:\Users\rafar\.codeql\packages\codeql\python-queries\1.8.9\meta\alerts\RemoteFlowSources.ql failed the constraint of precision (was very-low).
[2026-09-08 18:55:47] [SPAMMIER] resolve queries> Query Filter: C:\Users\rafar\.codeql\packages\codeql\python-queries\1.8.9\meta\alerts\RemoteFlowSourcesReach.ql failed the constraint of precision (was very-low).
[2026-09-08 18:55:47] [SPAMMIER] resolve queries> Query Filter: C:\Users\rafar\.codeql\packages\codeql\python-queries\1.8.9\meta\alerts\RequestHandlers.ql failed the constraint of precision (was very-low).
[2026-09-08 18:55:47] [SPAMMIER] resolve queries> Query Filter: C:\Users\rafar\.codeql\packages\codeql\python-queries\1.8.9\meta\alerts\TaintSinks.ql failed the constraint of precision (was very-low).
[2026-09-08 18:55:47] [SPAMMIER] resolve queries> Query Filter: C:\Users\rafar\.codeql\packages\codeql\python-queries\1.8.9\meta\analysis-quality\CallGraph.ql failed the constraint of precision (was very-low).
[2026-09-08 18:55:47] [SPAMMIER] resolve queries> Query Filter: C:\Users\rafar\.codeql\packages\codeql\python-queries\1.8.9\meta\analysis-quality\PointsToResolvableCallRatio.ql failed the constraint of kind (was metric).
[2026-09-08 18:55:47] [SPAMMIER] resolve queries> Query Filter: C:\Users\rafar\.codeql\packages\codeql\python-queries\1.8.9\meta\analysis-quality\PointsToResolvableCalls.ql failed the constraint of kind (was metric).
[2026-09-08 18:55:47] [SPAMMIER] resolve queries> Query Filter: C:\Users\rafar\.codeql\packages\codeql\python-queries\1.8.9\meta\analysis-quality\PointsToResolvableCallsRelevantTarget.ql failed the constraint of kind (was metric).
[2026-09-08 18:55:47] [SPAMMIER] resolve queries> Query Filter: C:\Users\rafar\.codeql\packages\codeql\python-queries\1.8.9\meta\analysis-quality\ResolvableCallCandidates.ql failed the constraint of kind (was metric).
[2026-09-08 18:55:47] [SPAMMIER] resolve queries> Query Filter: C:\Users\rafar\.codeql\packages\codeql\python-queries\1.8.9\meta\analysis-quality\SummarizedCallableCallSites.ql failed the constraint of precision (was very-low).
[2026-09-08 18:55:47] [SPAMMIER] resolve queries> Query Filter: C:\Users\rafar\.codeql\packages\codeql\python-queries\1.8.9\meta\analysis-quality\TTCallGraph.ql failed the constraint of precision (was very-low).
[2026-09-08 18:55:47] [SPAMMIER] resolve queries> Query Filter: C:\Users\rafar\.codeql\packages\codeql\python-queries\1.8.9\meta\analysis-quality\TTCallGraphMissing.ql failed the constraint of precision (was very-low).
[2026-09-08 18:55:47] [SPAMMIER] resolve queries> Query Filter: C:\Users\rafar\.codeql\packages\codeql\python-queries\1.8.9\meta\analysis-quality\TTCallGraphNew.ql failed the constraint of precision (was very-low).
[2026-09-08 18:55:47] [SPAMMIER] resolve queries> Query Filter: C:\Users\rafar\.codeql\packages\codeql\python-queries\1.8.9\meta\analysis-quality\TTCallGraphNewAmbiguous.ql failed the constraint of precision (was very-low).
[2026-09-08 18:55:47] [SPAMMIER] resolve queries> Query Filter: C:\Users\rafar\.codeql\packages\codeql\python-queries\1.8.9\meta\analysis-quality\TTCallGraphOverview.ql failed the constraint of kind (not present).
[2026-09-08 18:55:47] [SPAMMIER] resolve queries> Query Filter: C:\Users\rafar\.codeql\packages\codeql\python-queries\1.8.9\meta\analysis-quality\TTCallGraphShared.ql failed the constraint of precision (was very-low).
[2026-09-08 18:55:47] [SPAMMIER] resolve queries> Query Filter: C:\Users\rafar\.codeql\packages\codeql\python-queries\1.8.9\meta\ClassHierarchy\Find.ql failed the constraint of kind (was table).
[2026-09-08 18:55:47] [SPAMMIER] resolve queries> Query Filter: C:\Users\rafar\.codeql\packages\codeql\python-queries\1.8.9\meta\debug\DebugStats.ql failed the constraint of kind (not present).
[2026-09-08 18:55:47] [SPAMMIER] resolve queries> Query Filter: C:\Users\rafar\.codeql\packages\codeql\python-queries\1.8.9\meta\debug\SimpleClassDebug.ql failed the constraint of kind (not present).
[2026-09-08 18:55:47] [SPAMMIER] resolve queries> Query Filter: C:\Users\rafar\.codeql\packages\codeql\python-queries\1.8.9\Metrics\ClassAfferentCoupling.ql failed the constraint of kind (was treemap).
[2026-09-08 18:55:47] [SPAMMIER] resolve queries> Query Filter: C:\Users\rafar\.codeql\packages\codeql\python-queries\1.8.9\Metrics\ClassEfferentCoupling.ql failed the constraint of kind (was treemap).
[2026-09-08 18:55:47] [SPAMMIER] resolve queries> Query Filter: C:\Users\rafar\.codeql\packages\codeql\python-queries\1.8.9\Metrics\CLinesOfCode.ql failed the constraint of kind (was treemap).
[2026-09-08 18:55:47] [SPAMMIER] resolve queries> Query Filter: C:\Users\rafar\.codeql\packages\codeql\python-queries\1.8.9\Metrics\CommentRatio.ql failed the constraint of kind (was treemap).
[2026-09-08 18:55:47] [SPAMMIER] resolve queries> Query Filter: C:\Users\rafar\.codeql\packages\codeql\python-queries\1.8.9\Metrics\CyclomaticComplexity.ql failed the constraint of kind (was treemap).
[2026-09-08 18:55:47] [SPAMMIER] resolve queries> Query Filter: C:\Users\rafar\.codeql\packages\codeql\python-queries\1.8.9\Metrics\Dependencies\ExternalDependencies.ql failed the constraint of kind (was treemap).
[2026-09-08 18:55:47] [SPAMMIER] resolve queries> Query Filter: C:\Users\rafar\.codeql\packages\codeql\python-queries\1.8.9\Metrics\Dependencies\ExternalDependenciesSourceLinks.ql failed the constraint of kind (was source-link).
[2026-09-08 18:55:47] [SPAMMIER] resolve queries> Query Filter: C:\Users\rafar\.codeql\packages\codeql\python-queries\1.8.9\Metrics\DirectImports.ql failed the constraint of kind (was treemap).
[2026-09-08 18:55:47] [SPAMMIER] resolve queries> Query Filter: C:\Users\rafar\.codeql\packages\codeql\python-queries\1.8.9\Metrics\DocStringRatio.ql failed the constraint of kind (was treemap).
[2026-09-08 18:55:47] [SPAMMIER] resolve queries> Query Filter: C:\Users\rafar\.codeql\packages\codeql\python-queries\1.8.9\Metrics\External\CommitDisplayStrings.ql failed the constraint of kind (was display-string).
[2026-09-08 18:55:47] [SPAMMIER] resolve queries> Query Filter: C:\Users\rafar\.codeql\packages\codeql\python-queries\1.8.9\Metrics\External\CommitSourceLinks.ql failed the constraint of kind (was source-link).
[2026-09-08 18:55:47] [SPAMMIER] resolve queries> Query Filter: C:\Users\rafar\.codeql\packages\codeql\python-queries\1.8.9\Metrics\FClasses.ql failed the constraint of kind (was treemap).
[2026-09-08 18:55:47] [SPAMMIER] resolve queries> Query Filter: C:\Users\rafar\.codeql\packages\codeql\python-queries\1.8.9\Metrics\FFunctionsAndMethods.ql failed the constraint of kind (was treemap).
[2026-09-08 18:55:47] [SPAMMIER] resolve queries> Query Filter: C:\Users\rafar\.codeql\packages\codeql\python-queries\1.8.9\Metrics\FLines.ql failed the constraint of kind (was treemap).
[2026-09-08 18:55:47] [SPAMMIER] resolve queries> Query Filter: C:\Users\rafar\.codeql\packages\codeql\python-queries\1.8.9\Metrics\FLinesOfCode.ql failed the constraint of kind (was treemap).
[2026-09-08 18:55:47] [SPAMMIER] resolve queries> Query Filter: C:\Users\rafar\.codeql\packages\codeql\python-queries\1.8.9\Metrics\FLinesOfComments.ql failed the constraint of kind (was treemap).
[2026-09-08 18:55:47] [SPAMMIER] resolve queries> Query Filter: C:\Users\rafar\.codeql\packages\codeql\python-queries\1.8.9\Metrics\FLinesOfDuplicatedCode.ql failed the constraint of kind (was treemap).
[2026-09-08 18:55:47] [SPAMMIER] resolve queries> Query Filter: C:\Users\rafar\.codeql\packages\codeql\python-queries\1.8.9\Metrics\FLinesOfSimilarCode.ql failed the constraint of kind (was treemap).
[2026-09-08 18:55:47] [SPAMMIER] resolve queries> Query Filter: C:\Users\rafar\.codeql\packages\codeql\python-queries\1.8.9\Metrics\FNumberOfTests.ql failed the constraint of kind (was treemap).
[2026-09-08 18:55:47] [SPAMMIER] resolve queries> Query Filter: C:\Users\rafar\.codeql\packages\codeql\python-queries\1.8.9\Metrics\FunctionNumberOfCalls.ql failed the constraint of kind (was treemap).
[2026-09-08 18:55:47] [SPAMMIER] resolve queries> Query Filter: C:\Users\rafar\.codeql\packages\codeql\python-queries\1.8.9\Metrics\FunctionStatementNestingDepth.ql failed the constraint of kind (was treemap).
[2026-09-08 18:55:47] [SPAMMIER] resolve queries> Query Filter: C:\Users\rafar\.codeql\packages\codeql\python-queries\1.8.9\Metrics\History\HChurn.ql failed the constraint of kind (was treemap).
[2026-09-08 18:55:47] [SPAMMIER] resolve queries> Query Filter: C:\Users\rafar\.codeql\packages\codeql\python-queries\1.8.9\Metrics\History\HLinesAdded.ql failed the constraint of kind (was treemap).
[2026-09-08 18:55:47] [SPAMMIER] resolve queries> Query Filter: C:\Users\rafar\.codeql\packages\codeql\python-queries\1.8.9\Metrics\History\HLinesDeleted.ql failed the constraint of kind (was treemap).
[2026-09-08 18:55:47] [SPAMMIER] resolve queries> Query Filter: C:\Users\rafar\.codeql\packages\codeql\python-queries\1.8.9\Metrics\History\HNumberOfAuthors.ql failed the constraint of kind (was treemap).
[2026-09-08 18:55:47] [SPAMMIER] resolve queries> Query Filter: C:\Users\rafar\.codeql\packages\codeql\python-queries\1.8.9\Metrics\History\HNumberOfCoCommits.ql failed the constraint of kind (was treemap).
[2026-09-08 18:55:47] [SPAMMIER] resolve queries> Query Filter: C:\Users\rafar\.codeql\packages\codeql\python-queries\1.8.9\Metrics\History\HNumberOfCommits.ql failed the constraint of kind (was treemap).
[2026-09-08 18:55:47] [SPAMMIER] resolve queries> Query Filter: C:\Users\rafar\.codeql\packages\codeql\python-queries\1.8.9\Metrics\History\HNumberOfRecentAuthors.ql failed the constraint of kind (was treemap).
[2026-09-08 18:55:47] [SPAMMIER] resolve queries> Query Filter: C:\Users\rafar\.codeql\packages\codeql\python-queries\1.8.9\Metrics\History\HNumberOfRecentChangedFiles.ql failed the constraint of kind (was treemap).
[2026-09-08 18:55:47] [SPAMMIER] resolve queries> Query Filter: C:\Users\rafar\.codeql\packages\codeql\python-queries\1.8.9\Metrics\History\HNumberOfRecentCommits.ql failed the constraint of kind (was treemap).
[2026-09-08 18:55:47] [SPAMMIER] resolve queries> Query Filter: C:\Users\rafar\.codeql\packages\codeql\python-queries\1.8.9\Metrics\History\HNumberOfReCommits.ql failed the constraint of kind (was treemap).
[2026-09-08 18:55:47] [SPAMMIER] resolve queries> Query Filter: C:\Users\rafar\.codeql\packages\codeql\python-queries\1.8.9\Metrics\Internal\CallableDisplayStrings.ql failed the constraint of kind (was display-string).
[2026-09-08 18:55:47] [SPAMMIER] resolve queries> Query Filter: C:\Users\rafar\.codeql\packages\codeql\python-queries\1.8.9\Metrics\Internal\CallableExtents.ql failed the constraint of kind (was extent).
[2026-09-08 18:55:47] [SPAMMIER] resolve queries> Query Filter: C:\Users\rafar\.codeql\packages\codeql\python-queries\1.8.9\Metrics\Internal\CallableSourceLinks.ql failed the constraint of kind (was source-link).
[2026-09-08 18:55:47] [SPAMMIER] resolve queries> Query Filter: C:\Users\rafar\.codeql\packages\codeql\python-queries\1.8.9\Metrics\Internal\ClassDisplayStrings.ql failed the constraint of kind (was display-string).
[2026-09-08 18:55:47] [SPAMMIER] resolve queries> Query Filter: C:\Users\rafar\.codeql\packages\codeql\python-queries\1.8.9\Metrics\Internal\ClassExtents.ql failed the constraint of kind (was extent).
[2026-09-08 18:55:47] [SPAMMIER] resolve queries> Query Filter: C:\Users\rafar\.codeql\packages\codeql\python-queries\1.8.9\Metrics\Internal\ClassSourceLinks.ql failed the constraint of kind (was source-link).
[2026-09-08 18:55:47] [SPAMMIER] resolve queries> Query Filter: C:\Users\rafar\.codeql\packages\codeql\python-queries\1.8.9\Metrics\Internal\TypeAnnotations.ql failed the constraint of kind (was table).
[2026-09-08 18:55:47] [SPAMMIER] resolve queries> Query Filter: C:\Users\rafar\.codeql\packages\codeql\python-queries\1.8.9\Metrics\LackofCohesionInMethodsCK.ql failed the constraint of kind (was treemap).
[2026-09-08 18:55:47] [SPAMMIER] resolve queries> Query Filter: C:\Users\rafar\.codeql\packages\codeql\python-queries\1.8.9\Metrics\LackofCohesionInMethodsHM.ql failed the constraint of kind (was treemap).
[2026-09-08 18:55:47] [SPAMMIER] resolve queries> Query Filter: C:\Users\rafar\.codeql\packages\codeql\python-queries\1.8.9\Metrics\ModuleAfferentCoupling.ql failed the constraint of kind (was treemap).
[2026-09-08 18:55:47] [SPAMMIER] resolve queries> Query Filter: C:\Users\rafar\.codeql\packages\codeql\python-queries\1.8.9\Metrics\ModuleEfferentCoupling.ql failed the constraint of kind (was treemap).
[2026-09-08 18:55:47] [SPAMMIER] resolve queries> Query Filter: C:\Users\rafar\.codeql\packages\codeql\python-queries\1.8.9\Metrics\NumberOfParametersWithoutDefault.ql failed the constraint of kind (was treemap).
[2026-09-08 18:55:47] [SPAMMIER] resolve queries> Query Filter: C:\Users\rafar\.codeql\packages\codeql\python-queries\1.8.9\Metrics\NumberOfStatements.ql failed the constraint of kind (was treemap).
[2026-09-08 18:55:47] [SPAMMIER] resolve queries> Query Filter: C:\Users\rafar\.codeql\packages\codeql\python-queries\1.8.9\Metrics\TransitiveImports.ql failed the constraint of kind (was treemap).
[2026-09-08 18:55:47] [SPAMMIER] resolve queries> Query Filter: C:\Users\rafar\.codeql\packages\codeql\python-queries\1.8.9\Numerics\Pythagorean.ql failed 'tags contain` constraint [accuracy]
[2026-09-08 18:55:47] [SPAMMIER] resolve queries> Query Filter: C:\Users\rafar\.codeql\packages\codeql\python-queries\1.8.9\Resources\FileNotAlwaysClosed.ql failed the constraint of precision (was high).
[2026-09-08 18:55:47] [SPAMMIER] resolve queries> Query Filter: C:\Users\rafar\.codeql\packages\codeql\python-queries\1.8.9\Security\CWE-020-ExternalAPIs\ExternalAPIsUsedWithUntrustedData.ql failed the constraint of kind (was table).
[2026-09-08 18:55:47] [SPAMMIER] resolve queries> Query Filter: C:\Users\rafar\.codeql\packages\codeql\python-queries\1.8.9\Security\CWE-020-ExternalAPIs\UntrustedDataToExternalAPI.ql failed the constraint of precision (was low).
[2026-09-08 18:55:47] [SPAMMY] resolve queries> Query Filter: Including C:\Users\rafar\.codeql\packages\codeql\python-queries\1.8.9\Security\CWE-022\TarSlip.ql.
[2026-09-08 18:55:47] [SPAMMY] resolve queries> Query Filter: Including C:\Users\rafar\.codeql\packages\codeql\python-queries\1.8.9\Security\CWE-078\UnsafeShellCommandConstruction.ql.
[2026-09-08 18:55:47] [SPAMMY] resolve queries> Query Filter: Including C:\Users\rafar\.codeql\packages\codeql\python-queries\1.8.9\Security\CWE-079\Jinja2WithoutEscaping.ql.
[2026-09-08 18:55:47] [SPAMMY] resolve queries> Query Filter: Including C:\Users\rafar\.codeql\packages\codeql\python-queries\1.8.9\Security\CWE-117\LogInjection.ql.
[2026-09-08 18:55:47] [SPAMMY] resolve queries> Query Filter: Including C:\Users\rafar\.codeql\packages\codeql\python-queries\1.8.9\Security\CWE-295\RequestWithoutValidation.ql.
[2026-09-08 18:55:47] [SPAMMY] resolve queries> Query Filter: Including C:\Users\rafar\.codeql\packages\codeql\python-queries\1.8.9\Security\CWE-732\WeakFilePermissions.ql.
[2026-09-08 18:55:47] [SPAMMIER] resolve queries> Query Filter: C:\Users\rafar\.codeql\packages\codeql\python-queries\1.8.9\Security\CWE-798\HardcodedCredentials.ql failed the constraint of precision (was low).
[2026-09-08 18:55:47] [SPAMMY] resolve queries> Query Filter: Including C:\Users\rafar\.codeql\packages\codeql\python-queries\1.8.9\Security\CWE-918\PartialServerSideRequestForgery.ql.
[2026-09-08 18:55:47] [SPAMMIER] resolve queries> Query Filter: C:\Users\rafar\.codeql\packages\codeql\python-queries\1.8.9\Statements\AssertLiteralConstant.ql failed the constraint of problem.severity (was recommendation).
[2026-09-08 18:55:47] [SPAMMIER] resolve queries> Query Filter: C:\Users\rafar\.codeql\packages\codeql\python-queries\1.8.9\Statements\AssertOnTuple.ql failed the constraint of precision (was very-high).
[2026-09-08 18:55:47] [SPAMMIER] resolve queries> Query Filter: C:\Users\rafar\.codeql\packages\codeql\python-queries\1.8.9\Statements\BreakOrReturnInFinally.ql failed 'tags contain` constraint [quality, reliability, error-handling, correctness, external/cwe/cwe-584]
[2026-09-08 18:55:47] [SPAMMIER] resolve queries> Query Filter: C:\Users\rafar\.codeql\packages\codeql\python-queries\1.8.9\Statements\ConstantInConditional.ql failed the constraint of precision (was very-high).
[2026-09-08 18:55:47] [SPAMMIER] resolve queries> Query Filter: C:\Users\rafar\.codeql\packages\codeql\python-queries\1.8.9\Statements\C_StyleParentheses.ql failed the constraint of precision (was very-high).
[2026-09-08 18:55:47] [SPAMMIER] resolve queries> Query Filter: C:\Users\rafar\.codeql\packages\codeql\python-queries\1.8.9\Statements\DocStrings.ql failed the constraint of problem.severity (was recommendation).
[2026-09-08 18:55:47] [SPAMMIER] resolve queries> Query Filter: C:\Users\rafar\.codeql\packages\codeql\python-queries\1.8.9\Statements\ExecUsed.ql failed the constraint of precision (was low).
[2026-09-08 18:55:47] [SPAMMIER] resolve queries> Query Filter: C:\Users\rafar\.codeql\packages\codeql\python-queries\1.8.9\Statements\IterableStringOrSequence.ql failed the constraint of precision (was high).
[2026-09-08 18:55:47] [SPAMMIER] resolve queries> Query Filter: C:\Users\rafar\.codeql\packages\codeql\python-queries\1.8.9\Statements\MismatchInMultipleAssignment.ql failed the constraint of precision (was very-high).
[2026-09-08 18:55:47] [SPAMMIER] resolve queries> Query Filter: C:\Users\rafar\.codeql\packages\codeql\python-queries\1.8.9\Statements\ModificationOfLocals.ql failed the constraint of precision (was very-high).
[2026-09-08 18:55:47] [SPAMMIER] resolve queries> Query Filter: C:\Users\rafar\.codeql\packages\codeql\python-queries\1.8.9\Statements\NestedLoopsSameVariable.ql failed the constraint of precision (was very-high).
[2026-09-08 18:55:47] [SPAMMIER] resolve queries> Query Filter: C:\Users\rafar\.codeql\packages\codeql\python-queries\1.8.9\Statements\NestedLoopsSameVariableWithReuse.ql failed the constraint of precision (was very-high).
[2026-09-08 18:55:47] [SPAMMIER] resolve queries> Query Filter: C:\Users\rafar\.codeql\packages\codeql\python-queries\1.8.9\Statements\NonIteratorInForLoop.ql failed the constraint of precision (was high).
[2026-09-08 18:55:47] [SPAMMIER] resolve queries> Query Filter: C:\Users\rafar\.codeql\packages\codeql\python-queries\1.8.9\Statements\RedundantAssignment.ql failed the constraint of precision (was very-high).
[2026-09-08 18:55:47] [SPAMMIER] resolve queries> Query Filter: C:\Users\rafar\.codeql\packages\codeql\python-queries\1.8.9\Statements\ReturnOrYieldOutsideFunction.ql failed 'tags contain` constraint [quality, reliability, correctness]
[2026-09-08 18:55:47] [SPAMMIER] resolve queries> Query Filter: C:\Users\rafar\.codeql\packages\codeql\python-queries\1.8.9\Statements\ShouldUseWithStatement.ql failed the constraint of precision (was very-high).
[2026-09-08 18:55:47] [SPAMMIER] resolve queries> Query Filter: C:\Users\rafar\.codeql\packages\codeql\python-queries\1.8.9\Statements\SideEffectInAssert.ql failed the constraint of precision (was high).
[2026-09-08 18:55:47] [SPAMMIER] resolve queries> Query Filter: C:\Users\rafar\.codeql\packages\codeql\python-queries\1.8.9\Statements\StatementNoEffect.ql failed the constraint of precision (was high).
[2026-09-08 18:55:47] [SPAMMIER] resolve queries> Query Filter: C:\Users\rafar\.codeql\packages\codeql\python-queries\1.8.9\Statements\StringConcatenationInLoop.ql failed the constraint of precision (was low).
[2026-09-08 18:55:47] [SPAMMIER] resolve queries> Query Filter: C:\Users\rafar\.codeql\packages\codeql\python-queries\1.8.9\Statements\TopLevelPrint.ql failed the constraint of precision (was high).
[2026-09-08 18:55:47] [SPAMMIER] resolve queries> Query Filter: C:\Users\rafar\.codeql\packages\codeql\python-queries\1.8.9\Statements\UnnecessaryDelete.ql failed the constraint of precision (was high).
[2026-09-08 18:55:47] [SPAMMIER] resolve queries> Query Filter: C:\Users\rafar\.codeql\packages\codeql\python-queries\1.8.9\Statements\UnnecessaryElseClause.ql failed the constraint of precision (was very-high).
[2026-09-08 18:55:47] [SPAMMIER] resolve queries> Query Filter: C:\Users\rafar\.codeql\packages\codeql\python-queries\1.8.9\Statements\UnnecessaryPass.ql failed the constraint of precision (was very-high).
[2026-09-08 18:55:47] [SPAMMIER] resolve queries> Query Filter: C:\Users\rafar\.codeql\packages\codeql\python-queries\1.8.9\Statements\UnreachableCode.ql failed the constraint of precision (was very-high).
[2026-09-08 18:55:47] [SPAMMIER] resolve queries> Query Filter: C:\Users\rafar\.codeql\packages\codeql\python-queries\1.8.9\Statements\UnusedExceptionObject.ql failed the constraint of precision (was very-high).
[2026-09-08 18:55:47] [SPAMMIER] resolve queries> Query Filter: C:\Users\rafar\.codeql\packages\codeql\python-queries\1.8.9\Statements\UseOfExit.ql failed the constraint of precision (was very-high).
[2026-09-08 18:55:47] [SPAMMIER] resolve queries> Query Filter: C:\Users\rafar\.codeql\packages\codeql\python-queries\1.8.9\Summary\LinesOfCode.ql failed the constraint of kind (was metric).
[2026-09-08 18:55:47] [SPAMMIER] resolve queries> Query Filter: C:\Users\rafar\.codeql\packages\codeql\python-queries\1.8.9\Summary\LinesOfUserCode.ql failed the constraint of kind (was metric).
[2026-09-08 18:55:47] [SPAMMIER] resolve queries> Query Filter: C:\Users\rafar\.codeql\packages\codeql\python-queries\1.8.9\Testing\ImpreciseAssert.ql failed the constraint of precision (was very-high).
[2026-09-08 18:55:47] [SPAMMIER] resolve queries> Query Filter: C:\Users\rafar\.codeql\packages\codeql\python-queries\1.8.9\utils\modeleditor\FrameworkModeEndpoints.ql failed the constraint of kind (was table).
[2026-09-08 18:55:47] [SPAMMIER] resolve queries> Query Filter: C:\Users\rafar\.codeql\packages\codeql\python-queries\1.8.9\Variables\Global.ql failed the constraint of precision (was very-high).
[2026-09-08 18:55:47] [SPAMMIER] resolve queries> Query Filter: C:\Users\rafar\.codeql\packages\codeql\python-queries\1.8.9\Variables\GlobalAtModuleLevel.ql failed the constraint of precision (was very-high).
[2026-09-08 18:55:47] [SPAMMIER] resolve queries> Query Filter: C:\Users\rafar\.codeql\packages\codeql\python-queries\1.8.9\Variables\LeakingListComprehension.ql failed the constraint of precision (was very-high).
[2026-09-08 18:55:47] [SPAMMIER] resolve queries> Query Filter: C:\Users\rafar\.codeql\packages\codeql\python-queries\1.8.9\meta\ClassHierarchy\Find.ql failed the constraint of kind (was table).
[2026-09-08 18:55:47] [SPAMMIER] resolve queries> Query Filter: C:\Users\rafar\.codeql\packages\codeql\python-queries\1.8.9\meta\debug\DebugStats.ql failed the constraint of kind (not present).
[2026-09-08 18:55:47] [SPAMMIER] resolve queries> Query Filter: C:\Users\rafar\.codeql\packages\codeql\python-queries\1.8.9\meta\debug\SimpleClassDebug.ql failed the constraint of kind (not present).
[2026-09-08 18:55:47] [SPAMMIER] resolve queries> Query Filter: C:\Users\rafar\.codeql\packages\codeql\python-queries\1.8.9\Metrics\ClassAfferentCoupling.ql failed the constraint of kind (was treemap).
[2026-09-08 18:55:47] [SPAMMIER] resolve queries> Query Filter: C:\Users\rafar\.codeql\packages\codeql\python-queries\1.8.9\Metrics\ClassEfferentCoupling.ql failed the constraint of kind (was treemap).
[2026-09-08 18:55:47] [SPAMMIER] resolve queries> Query Filter: C:\Users\rafar\.codeql\packages\codeql\python-queries\1.8.9\Metrics\CLinesOfCode.ql failed the constraint of kind (was treemap).
[2026-09-08 18:55:47] [SPAMMIER] resolve queries> Query Filter: C:\Users\rafar\.codeql\packages\codeql\python-queries\1.8.9\Metrics\CommentRatio.ql failed the constraint of kind (was treemap).
[2026-09-08 18:55:47] [SPAMMIER] resolve queries> Query Filter: C:\Users\rafar\.codeql\packages\codeql\python-queries\1.8.9\Metrics\CyclomaticComplexity.ql failed the constraint of kind (was treemap).
[2026-09-08 18:55:47] [SPAMMIER] resolve queries> Query Filter: C:\Users\rafar\.codeql\packages\codeql\python-queries\1.8.9\Metrics\Dependencies\ExternalDependencies.ql failed the constraint of kind (was treemap).
[2026-09-08 18:55:47] [SPAMMIER] resolve queries> Query Filter: C:\Users\rafar\.codeql\packages\codeql\python-queries\1.8.9\Metrics\Dependencies\ExternalDependenciesSourceLinks.ql failed the constraint of kind (was source-link).
[2026-09-08 18:55:47] [SPAMMIER] resolve queries> Query Filter: C:\Users\rafar\.codeql\packages\codeql\python-queries\1.8.9\Metrics\DirectImports.ql failed the constraint of kind (was treemap).
[2026-09-08 18:55:47] [SPAMMIER] resolve queries> Query Filter: C:\Users\rafar\.codeql\packages\codeql\python-queries\1.8.9\Metrics\DocStringRatio.ql failed the constraint of kind (was treemap).
[2026-09-08 18:55:47] [SPAMMIER] resolve queries> Query Filter: C:\Users\rafar\.codeql\packages\codeql\python-queries\1.8.9\Metrics\External\CommitDisplayStrings.ql failed the constraint of kind (was display-string).
[2026-09-08 18:55:47] [SPAMMIER] resolve queries> Query Filter: C:\Users\rafar\.codeql\packages\codeql\python-queries\1.8.9\Metrics\External\CommitSourceLinks.ql failed the constraint of kind (was source-link).
[2026-09-08 18:55:47] [SPAMMIER] resolve queries> Query Filter: C:\Users\rafar\.codeql\packages\codeql\python-queries\1.8.9\Metrics\FClasses.ql failed the constraint of kind (was treemap).
[2026-09-08 18:55:47] [SPAMMIER] resolve queries> Query Filter: C:\Users\rafar\.codeql\packages\codeql\python-queries\1.8.9\Metrics\FFunctionsAndMethods.ql failed the constraint of kind (was treemap).
[2026-09-08 18:55:47] [SPAMMIER] resolve queries> Query Filter: C:\Users\rafar\.codeql\packages\codeql\python-queries\1.8.9\Metrics\FLines.ql failed the constraint of kind (was treemap).
[2026-09-08 18:55:47] [SPAMMIER] resolve queries> Query Filter: C:\Users\rafar\.codeql\packages\codeql\python-queries\1.8.9\Metrics\FLinesOfCode.ql failed the constraint of kind (was treemap).
[2026-09-08 18:55:47] [SPAMMIER] resolve queries> Query Filter: C:\Users\rafar\.codeql\packages\codeql\python-queries\1.8.9\Metrics\FLinesOfComments.ql failed the constraint of kind (was treemap).
[2026-09-08 18:55:47] [SPAMMIER] resolve queries> Query Filter: C:\Users\rafar\.codeql\packages\codeql\python-queries\1.8.9\Metrics\FLinesOfDuplicatedCode.ql failed the constraint of kind (was treemap).
[2026-09-08 18:55:47] [SPAMMIER] resolve queries> Query Filter: C:\Users\rafar\.codeql\packages\codeql\python-queries\1.8.9\Metrics\FLinesOfSimilarCode.ql failed the constraint of kind (was treemap).
[2026-09-08 18:55:47] [SPAMMIER] resolve queries> Query Filter: C:\Users\rafar\.codeql\packages\codeql\python-queries\1.8.9\Metrics\FNumberOfTests.ql failed the constraint of kind (was treemap).
[2026-09-08 18:55:47] [SPAMMIER] resolve queries> Query Filter: C:\Users\rafar\.codeql\packages\codeql\python-queries\1.8.9\Metrics\FunctionNumberOfCalls.ql failed the constraint of kind (was treemap).
[2026-09-08 18:55:47] [SPAMMIER] resolve queries> Query Filter: C:\Users\rafar\.codeql\packages\codeql\python-queries\1.8.9\Metrics\FunctionStatementNestingDepth.ql failed the constraint of kind (was treemap).
[2026-09-08 18:55:47] [SPAMMIER] resolve queries> Query Filter: C:\Users\rafar\.codeql\packages\codeql\python-queries\1.8.9\Metrics\History\HChurn.ql failed the constraint of kind (was treemap).
[2026-09-08 18:55:47] [SPAMMIER] resolve queries> Query Filter: C:\Users\rafar\.codeql\packages\codeql\python-queries\1.8.9\Metrics\History\HLinesAdded.ql failed the constraint of kind (was treemap).
[2026-09-08 18:55:47] [SPAMMIER] resolve queries> Query Filter: C:\Users\rafar\.codeql\packages\codeql\python-queries\1.8.9\Metrics\History\HLinesDeleted.ql failed the constraint of kind (was treemap).
[2026-09-08 18:55:47] [SPAMMIER] resolve queries> Query Filter: C:\Users\rafar\.codeql\packages\codeql\python-queries\1.8.9\Metrics\History\HNumberOfAuthors.ql failed the constraint of kind (was treemap).
[2026-09-08 18:55:47] [SPAMMIER] resolve queries> Query Filter: C:\Users\rafar\.codeql\packages\codeql\python-queries\1.8.9\Metrics\History\HNumberOfCoCommits.ql failed the constraint of kind (was treemap).
[2026-09-08 18:55:47] [SPAMMIER] resolve queries> Query Filter: C:\Users\rafar\.codeql\packages\codeql\python-queries\1.8.9\Metrics\History\HNumberOfCommits.ql failed the constraint of kind (was treemap).
[2026-09-08 18:55:47] [SPAMMIER] resolve queries> Query Filter: C:\Users\rafar\.codeql\packages\codeql\python-queries\1.8.9\Metrics\History\HNumberOfRecentAuthors.ql failed the constraint of kind (was treemap).
[2026-09-08 18:55:47] [SPAMMIER] resolve queries> Query Filter: C:\Users\rafar\.codeql\packages\codeql\python-queries\1.8.9\Metrics\History\HNumberOfRecentChangedFiles.ql failed the constraint of kind (was treemap).
[2026-09-08 18:55:47] [SPAMMIER] resolve queries> Query Filter: C:\Users\rafar\.codeql\packages\codeql\python-queries\1.8.9\Metrics\History\HNumberOfRecentCommits.ql failed the constraint of kind (was treemap).
[2026-09-08 18:55:47] [SPAMMIER] resolve queries> Query Filter: C:\Users\rafar\.codeql\packages\codeql\python-queries\1.8.9\Metrics\History\HNumberOfReCommits.ql failed the constraint of kind (was treemap).
[2026-09-08 18:55:47] [SPAMMIER] resolve queries> Query Filter: C:\Users\rafar\.codeql\packages\codeql\python-queries\1.8.9\Metrics\Internal\CallableDisplayStrings.ql failed the constraint of kind (was display-string).
[2026-09-08 18:55:47] [SPAMMIER] resolve queries> Query Filter: C:\Users\rafar\.codeql\packages\codeql\python-queries\1.8.9\Metrics\Internal\CallableExtents.ql failed the constraint of kind (was extent).
[2026-09-08 18:55:47] [SPAMMIER] resolve queries> Query Filter: C:\Users\rafar\.codeql\packages\codeql\python-queries\1.8.9\Metrics\Internal\CallableSourceLinks.ql failed the constraint of kind (was source-link).
[2026-09-08 18:55:47] [SPAMMIER] resolve queries> Query Filter: C:\Users\rafar\.codeql\packages\codeql\python-queries\1.8.9\Metrics\Internal\ClassDisplayStrings.ql failed the constraint of kind (was display-string).
[2026-09-08 18:55:47] [SPAMMIER] resolve queries> Query Filter: C:\Users\rafar\.codeql\packages\codeql\python-queries\1.8.9\Metrics\Internal\ClassExtents.ql failed the constraint of kind (was extent).
[2026-09-08 18:55:47] [SPAMMIER] resolve queries> Query Filter: C:\Users\rafar\.codeql\packages\codeql\python-queries\1.8.9\Metrics\Internal\ClassSourceLinks.ql failed the constraint of kind (was source-link).
[2026-09-08 18:55:47] [SPAMMIER] resolve queries> Query Filter: C:\Users\rafar\.codeql\packages\codeql\python-queries\1.8.9\Metrics\Internal\TypeAnnotations.ql failed the constraint of kind (was table).
[2026-09-08 18:55:47] [SPAMMIER] resolve queries> Query Filter: C:\Users\rafar\.codeql\packages\codeql\python-queries\1.8.9\Metrics\LackofCohesionInMethodsCK.ql failed the constraint of kind (was treemap).
[2026-09-08 18:55:47] [SPAMMIER] resolve queries> Query Filter: C:\Users\rafar\.codeql\packages\codeql\python-queries\1.8.9\Metrics\LackofCohesionInMethodsHM.ql failed the constraint of kind (was treemap).
[2026-09-08 18:55:47] [SPAMMIER] resolve queries> Query Filter: C:\Users\rafar\.codeql\packages\codeql\python-queries\1.8.9\Metrics\ModuleAfferentCoupling.ql failed the constraint of kind (was treemap).
[2026-09-08 18:55:47] [SPAMMIER] resolve queries> Query Filter: C:\Users\rafar\.codeql\packages\codeql\python-queries\1.8.9\Metrics\ModuleEfferentCoupling.ql failed the constraint of kind (was treemap).
[2026-09-08 18:55:47] [SPAMMIER] resolve queries> Query Filter: C:\Users\rafar\.codeql\packages\codeql\python-queries\1.8.9\Metrics\NumberOfParametersWithoutDefault.ql failed the constraint of kind (was treemap).
[2026-09-08 18:55:47] [SPAMMIER] resolve queries> Query Filter: C:\Users\rafar\.codeql\packages\codeql\python-queries\1.8.9\Metrics\NumberOfStatements.ql failed the constraint of kind (was treemap).
[2026-09-08 18:55:47] [SPAMMIER] resolve queries> Query Filter: C:\Users\rafar\.codeql\packages\codeql\python-queries\1.8.9\Metrics\TransitiveImports.ql failed the constraint of kind (was treemap).
[2026-09-08 18:55:47] [SPAMMIER] resolve queries> Query Filter: C:\Users\rafar\.codeql\packages\codeql\python-queries\1.8.9\Numerics\Pythagorean.ql failed the constraint of kind (was problem).
[2026-09-08 18:55:47] [SPAMMIER] resolve queries> Query Filter: C:\Users\rafar\.codeql\packages\codeql\python-queries\1.8.9\Resources\FileNotAlwaysClosed.ql failed the constraint of kind (was problem).
[2026-09-08 18:55:47] [SPAMMIER] resolve queries> Query Filter: C:\Users\rafar\.codeql\packages\codeql\python-queries\1.8.9\Security\CWE-020-ExternalAPIs\ExternalAPIsUsedWithUntrustedData.ql failed the constraint of kind (was table).
[2026-09-08 18:55:47] [SPAMMIER] resolve queries> Query Filter: C:\Users\rafar\.codeql\packages\codeql\python-queries\1.8.9\Security\CWE-020-ExternalAPIs\UntrustedDataToExternalAPI.ql failed the constraint of kind (was path-problem).
[2026-09-08 18:55:47] [SPAMMIER] resolve queries> Query Filter: C:\Users\rafar\.codeql\packages\codeql\python-queries\1.8.9\Security\CWE-798\HardcodedCredentials.ql failed the constraint of kind (was path-problem).
[2026-09-08 18:55:47] [SPAMMIER] resolve queries> Query Filter: C:\Users\rafar\.codeql\packages\codeql\python-queries\1.8.9\Statements\AssertLiteralConstant.ql failed the constraint of kind (was problem).
[2026-09-08 18:55:47] [SPAMMIER] resolve queries> Query Filter: C:\Users\rafar\.codeql\packages\codeql\python-queries\1.8.9\Statements\AssertOnTuple.ql failed the constraint of kind (was problem).
[2026-09-08 18:55:47] [SPAMMIER] resolve queries> Query Filter: C:\Users\rafar\.codeql\packages\codeql\python-queries\1.8.9\Statements\BreakOrReturnInFinally.ql failed the constraint of kind (was problem).
[2026-09-08 18:55:47] [SPAMMIER] resolve queries> Query Filter: C:\Users\rafar\.codeql\packages\codeql\python-queries\1.8.9\Statements\ConstantInConditional.ql failed the constraint of kind (was problem).
[2026-09-08 18:55:47] [SPAMMIER] resolve queries> Query Filter: C:\Users\rafar\.codeql\packages\codeql\python-queries\1.8.9\Statements\C_StyleParentheses.ql failed the constraint of kind (was problem).
[2026-09-08 18:55:47] [SPAMMIER] resolve queries> Query Filter: C:\Users\rafar\.codeql\packages\codeql\python-queries\1.8.9\Statements\DocStrings.ql failed the constraint of kind (was problem).
[2026-09-08 18:55:47] [SPAMMIER] resolve queries> Query Filter: C:\Users\rafar\.codeql\packages\codeql\python-queries\1.8.9\Statements\ExecUsed.ql failed the constraint of kind (was problem).
[2026-09-08 18:55:47] [SPAMMIER] resolve queries> Query Filter: C:\Users\rafar\.codeql\packages\codeql\python-queries\1.8.9\Statements\IterableStringOrSequence.ql failed the constraint of kind (was problem).
[2026-09-08 18:55:47] [SPAMMIER] resolve queries> Query Filter: C:\Users\rafar\.codeql\packages\codeql\python-queries\1.8.9\Statements\MismatchInMultipleAssignment.ql failed the constraint of kind (was problem).
[2026-09-08 18:55:47] [SPAMMIER] resolve queries> Query Filter: C:\Users\rafar\.codeql\packages\codeql\python-queries\1.8.9\Statements\ModificationOfLocals.ql failed the constraint of kind (was problem).
[2026-09-08 18:55:47] [SPAMMIER] resolve queries> Query Filter: C:\Users\rafar\.codeql\packages\codeql\python-queries\1.8.9\Statements\NestedLoopsSameVariable.ql failed the constraint of kind (was problem).
[2026-09-08 18:55:47] [SPAMMIER] resolve queries> Query Filter: C:\Users\rafar\.codeql\packages\codeql\python-queries\1.8.9\Statements\NestedLoopsSameVariableWithReuse.ql failed the constraint of kind (was problem).
[2026-09-08 18:55:47] [SPAMMIER] resolve queries> Query Filter: C:\Users\rafar\.codeql\packages\codeql\python-queries\1.8.9\Statements\NonIteratorInForLoop.ql failed the constraint of kind (was problem).
[2026-09-08 18:55:47] [SPAMMIER] resolve queries> Query Filter: C:\Users\rafar\.codeql\packages\codeql\python-queries\1.8.9\Statements\RedundantAssignment.ql failed the constraint of kind (was problem).
[2026-09-08 18:55:47] [SPAMMIER] resolve queries> Query Filter: C:\Users\rafar\.codeql\packages\codeql\python-queries\1.8.9\Statements\ReturnOrYieldOutsideFunction.ql failed the constraint of kind (was problem).
[2026-09-08 18:55:47] [SPAMMIER] resolve queries> Query Filter: C:\Users\rafar\.codeql\packages\codeql\python-queries\1.8.9\Statements\ShouldUseWithStatement.ql failed the constraint of kind (was problem).
[2026-09-08 18:55:47] [SPAMMIER] resolve queries> Query Filter: C:\Users\rafar\.codeql\packages\codeql\python-queries\1.8.9\Statements\SideEffectInAssert.ql failed the constraint of kind (was problem).
[2026-09-08 18:55:47] [SPAMMIER] resolve queries> Query Filter: C:\Users\rafar\.codeql\packages\codeql\python-queries\1.8.9\Statements\StatementNoEffect.ql failed the constraint of kind (was problem).
[2026-09-08 18:55:47] [SPAMMIER] resolve queries> Query Filter: C:\Users\rafar\.codeql\packages\codeql\python-queries\1.8.9\Statements\StringConcatenationInLoop.ql failed the constraint of kind (was problem).
[2026-09-08 18:55:47] [SPAMMIER] resolve queries> Query Filter: C:\Users\rafar\.codeql\packages\codeql\python-queries\1.8.9\Statements\TopLevelPrint.ql failed the constraint of kind (was problem).
[2026-09-08 18:55:47] [SPAMMIER] resolve queries> Query Filter: C:\Users\rafar\.codeql\packages\codeql\python-queries\1.8.9\Statements\UnnecessaryDelete.ql failed the constraint of kind (was problem).
[2026-09-08 18:55:47] [SPAMMIER] resolve queries> Query Filter: C:\Users\rafar\.codeql\packages\codeql\python-queries\1.8.9\Statements\UnnecessaryElseClause.ql failed the constraint of kind (was problem).
[2026-09-08 18:55:47] [SPAMMIER] resolve queries> Query Filter: C:\Users\rafar\.codeql\packages\codeql\python-queries\1.8.9\Statements\UnnecessaryPass.ql failed the constraint of kind (was problem).
[2026-09-08 18:55:47] [SPAMMIER] resolve queries> Query Filter: C:\Users\rafar\.codeql\packages\codeql\python-queries\1.8.9\Statements\UnreachableCode.ql failed the constraint of kind (was problem).
[2026-09-08 18:55:47] [SPAMMIER] resolve queries> Query Filter: C:\Users\rafar\.codeql\packages\codeql\python-queries\1.8.9\Statements\UnusedExceptionObject.ql failed the constraint of kind (was problem).
[2026-09-08 18:55:47] [SPAMMIER] resolve queries> Query Filter: C:\Users\rafar\.codeql\packages\codeql\python-queries\1.8.9\Statements\UseOfExit.ql failed the constraint of kind (was problem).
[2026-09-08 18:55:47] [SPAMMY] resolve queries> Query Filter: Including C:\Users\rafar\.codeql\packages\codeql\python-queries\1.8.9\Summary\LinesOfCode.ql.
[2026-09-08 18:55:47] [SPAMMY] resolve queries> Query Filter: Including C:\Users\rafar\.codeql\packages\codeql\python-queries\1.8.9\Summary\LinesOfUserCode.ql.
[2026-09-08 18:55:47] [SPAMMIER] resolve queries> Query Filter: C:\Users\rafar\.codeql\packages\codeql\python-queries\1.8.9\Testing\ImpreciseAssert.ql failed the constraint of kind (was problem).
[2026-09-08 18:55:47] [SPAMMIER] resolve queries> Query Filter: C:\Users\rafar\.codeql\packages\codeql\python-queries\1.8.9\utils\modeleditor\FrameworkModeEndpoints.ql failed the constraint of kind (was table).
[2026-09-08 18:55:47] [SPAMMIER] resolve queries> Query Filter: C:\Users\rafar\.codeql\packages\codeql\python-queries\1.8.9\Variables\Global.ql failed the constraint of kind (was problem).
[2026-09-08 18:55:47] [SPAMMIER] resolve queries> Query Filter: C:\Users\rafar\.codeql\packages\codeql\python-queries\1.8.9\Variables\GlobalAtModuleLevel.ql failed the constraint of kind (was problem).
[2026-09-08 18:55:47] [SPAMMIER] resolve queries> Query Filter: C:\Users\rafar\.codeql\packages\codeql\python-queries\1.8.9\Variables\LeakingListComprehension.ql failed the constraint of kind (was problem).
[2026-09-08 18:55:47] [SPAMMIER] resolve queries> Query Filter: C:\Users\rafar\.codeql\packages\codeql\python-queries\1.8.9\Variables\LoopVariableCapture\LoopVariableCapture.ql failed the constraint of kind (was path-problem).
[2026-09-08 18:55:47] [SPAMMIER] resolve queries> Query Filter: C:\Users\rafar\.codeql\packages\codeql\python-queries\1.8.9\Variables\MultiplyDefined.ql failed the constraint of kind (was problem).
[2026-09-08 18:55:47] [SPAMMIER] resolve queries> Query Filter: C:\Users\rafar\.codeql\packages\codeql\python-queries\1.8.9\Variables\ShadowBuiltin.ql failed the constraint of kind (was problem).
[2026-09-08 18:55:47] [SPAMMIER] resolve queries> Query Filter: C:\Users\rafar\.codeql\packages\codeql\python-queries\1.8.9\Variables\ShadowGlobal.ql failed the constraint of kind (was problem).
[2026-09-08 18:55:47] [SPAMMIER] resolve queries> Query Filter: C:\Users\rafar\.codeql\packages\codeql\python-queries\1.8.9\Variables\SuspiciousUnusedLoopIterationVariable.ql failed the constraint of kind (was problem).
[2026-09-08 18:55:47] [SPAMMIER] resolve queries> Query Filter: C:\Users\rafar\.codeql\packages\codeql\python-queries\1.8.9\Variables\UndefinedExport.ql failed the constraint of kind (was problem).
[2026-09-08 18:55:47] [SPAMMIER] resolve queries> Query Filter: C:\Users\rafar\.codeql\packages\codeql\python-queries\1.8.9\Variables\UndefinedGlobal.ql failed the constraint of kind (was problem).
[2026-09-08 18:55:47] [SPAMMIER] resolve queries> Query Filter: C:\Users\rafar\.codeql\packages\codeql\python-queries\1.8.9\Variables\UndefinedPlaceHolder.ql failed the constraint of kind (was problem).
[2026-09-08 18:55:47] [SPAMMIER] resolve queries> Query Filter: C:\Users\rafar\.codeql\packages\codeql\python-queries\1.8.9\Variables\UninitializedLocal.ql failed the constraint of kind (was problem).
[2026-09-08 18:55:47] [SPAMMIER] resolve queries> Query Filter: C:\Users\rafar\.codeql\packages\codeql\python-queries\1.8.9\Variables\UnusedLocalVariable.ql failed the constraint of kind (was problem).
[2026-09-08 18:55:47] [SPAMMIER] resolve queries> Query Filter: C:\Users\rafar\.codeql\packages\codeql\python-queries\1.8.9\Variables\UnusedModuleVariable.ql failed the constraint of kind (was problem).
[2026-09-08 18:55:47] [SPAMMIER] resolve queries> Query Filter: C:\Users\rafar\.codeql\packages\codeql\python-queries\1.8.9\Variables\UnusedParameter.ql failed the constraint of kind (was problem).
[2026-09-08 18:55:47] [SPAMMIER] resolve queries> Resolution instruction: exclude.
[2026-09-08 18:55:47] [SPAMMY] resolve queries> Query Filter: Excluding by constraints deprecated=//.
[2026-09-08 18:55:47] [SPAMMIER] resolve queries> Query Filter: C:\Users\rafar\.codeql\packages\codeql\python-queries\1.8.9\experimental\Security\CWE-022\ZipSlip.ql failed the constraint of deprecated (not present).
[2026-09-08 18:55:47] [SPAMMIER] resolve queries> Query Filter: C:\Users\rafar\.codeql\packages\codeql\python-queries\1.8.9\experimental\Security\CWE-022bis\TarSlipImprov.ql failed the constraint of deprecated (not present).
[2026-09-08 18:55:47] [SPAMMIER] resolve queries> Query Filter: C:\Users\rafar\.codeql\packages\codeql\python-queries\1.8.9\experimental\Security\CWE-074\remoteCommandExecution\RemoteCommandExecution.ql failed the constraint of deprecated (not present).
[2026-09-08 18:55:47] [SPAMMIER] resolve queries> Query Filter: C:\Users\rafar\.codeql\packages\codeql\python-queries\1.8.9\experimental\Security\CWE-091\XsltInjection.ql failed the constraint of deprecated (not present).
[2026-09-08 18:55:47] [SPAMMIER] resolve queries> Query Filter: C:\Users\rafar\.codeql\packages\codeql\python-queries\1.8.9\experimental\Security\CWE-094\Js2Py.ql failed the constraint of deprecated (not present).
[2026-09-08 18:55:47] [SPAMMIER] resolve queries> Query Filter: C:\Users\rafar\.codeql\packages\codeql\python-queries\1.8.9\experimental\Security\CWE-1427\PromptInjection.ql failed the constraint of deprecated (not present).
[2026-09-08 18:55:47] [SPAMMIER] resolve queries> Query Filter: C:\Users\rafar\.codeql\packages\codeql\python-queries\1.8.9\experimental\Security\CWE-176\UnicodeBypassValidation.ql failed the constraint of deprecated (not present).
[2026-09-08 18:55:47] [SPAMMIER] resolve queries> Query Filter: C:\Users\rafar\.codeql\packages\codeql\python-queries\1.8.9\experimental\Security\CWE-208\TimingAttackAgainstHeaderValue\TimingAttackAgainstHeaderValue.ql failed the constraint of deprecated (not present).
[2026-09-08 18:55:47] [SPAMMIER] resolve queries> Query Filter: C:\Users\rafar\.codeql\packages\codeql\python-queries\1.8.9\experimental\Security\CWE-287-ConstantSecretKey\WebAppConstantSecretKey.ql failed the constraint of deprecated (not present).
[2026-09-08 18:55:47] [SPAMMIER] resolve queries> Query Filter: C:\Users\rafar\.codeql\packages\codeql\python-queries\1.8.9\experimental\Security\CWE-338\InsecureRandomness.ql failed the constraint of deprecated (not present).
[2026-09-08 18:55:47] [SPAMMIER] resolve queries> Query Filter: C:\Users\rafar\.codeql\packages\codeql\python-queries\1.8.9\experimental\Security\CWE-348\ClientSuppliedIpUsedInSecurityCheck.ql failed the constraint of deprecated (not present).
[2026-09-08 18:55:47] [SPAMMIER] resolve queries> Query Filter: C:\Users\rafar\.codeql\packages\codeql\python-queries\1.8.9\experimental\Security\CWE-409\DecompressionBombs.ql failed the constraint of deprecated (not present).
[2026-09-08 18:55:47] [SPAMMIER] resolve queries> Query Filter: C:\Users\rafar\.codeql\packages\codeql\python-queries\1.8.9\experimental\Security\CWE-611\SimpleXmlRpcServer.ql failed the constraint of deprecated (not present).
[2026-09-08 18:55:47] [SPAMMIER] resolve queries> Query Filter: C:\Users\rafar\.codeql\packages\codeql\python-queries\1.8.9\experimental\Security\CWE-770\UnicodeDoS.ql failed the constraint of deprecated (not present).
[2026-09-08 18:55:47] [SPAMMIER] resolve queries> Query Filter: C:\Users\rafar\.codeql\packages\codeql\python-queries\1.8.9\experimental\Security\CWE-942\CorsMisconfigurationMiddleware.ql failed the constraint of deprecated (not present).
[2026-09-08 18:55:47] [SPAMMIER] resolve queries> Query Filter: C:\Users\rafar\.codeql\packages\codeql\python-queries\1.8.9\Expressions\UseofInput.ql failed the constraint of deprecated (not present).
[2026-09-08 18:55:47] [SPAMMIER] resolve queries> Query Filter: C:\Users\rafar\.codeql\packages\codeql\python-queries\1.8.9\Security\CVE-2018-1281\BindToAllInterfaces.ql failed the constraint of deprecated (not present).
[2026-09-08 18:55:47] [SPAMMIER] resolve queries> Query Filter: C:\Users\rafar\.codeql\packages\codeql\python-queries\1.8.9\Security\CWE-020\CookieInjection.ql failed the constraint of deprecated (not present).
[2026-09-08 18:55:47] [SPAMMIER] resolve queries> Query Filter: C:\Users\rafar\.codeql\packages\codeql\python-queries\1.8.9\Security\CWE-020\IncompleteHostnameRegExp.ql failed the constraint of deprecated (not present).
[2026-09-08 18:55:47] [SPAMMIER] resolve queries> Query Filter: C:\Users\rafar\.codeql\packages\codeql\python-queries\1.8.9\Security\CWE-020\IncompleteUrlSubstringSanitization.ql failed the constraint of deprecated (not present).
[2026-09-08 18:55:47] [SPAMMIER] resolve queries> Query Filter: C:\Users\rafar\.codeql\packages\codeql\python-queries\1.8.9\Security\CWE-020\OverlyLargeRange.ql failed the constraint of deprecated (not present).
[2026-09-08 18:55:47] [SPAMMIER] resolve queries> Query Filter: C:\Users\rafar\.codeql\packages\codeql\python-queries\1.8.9\Security\CWE-022\PathInjection.ql failed the constraint of deprecated (not present).
[2026-09-08 18:55:47] [SPAMMIER] resolve queries> Query Filter: C:\Users\rafar\.codeql\packages\codeql\python-queries\1.8.9\Security\CWE-074\TemplateInjection.ql failed the constraint of deprecated (not present).
[2026-09-08 18:55:47] [SPAMMIER] resolve queries> Query Filter: C:\Users\rafar\.codeql\packages\codeql\python-queries\1.8.9\Security\CWE-078\CommandInjection.ql failed the constraint of deprecated (not present).
[2026-09-08 18:55:47] [SPAMMIER] resolve queries> Query Filter: C:\Users\rafar\.codeql\packages\codeql\python-queries\1.8.9\Security\CWE-079\ReflectedXss.ql failed the constraint of deprecated (not present).
[2026-09-08 18:55:47] [SPAMMIER] resolve queries> Query Filter: C:\Users\rafar\.codeql\packages\codeql\python-queries\1.8.9\Security\CWE-089\SqlInjection.ql failed the constraint of deprecated (not present).
[2026-09-08 18:55:47] [SPAMMIER] resolve queries> Query Filter: C:\Users\rafar\.codeql\packages\codeql\python-queries\1.8.9\Security\CWE-090\LdapInjection.ql failed the constraint of deprecated (not present).
[2026-09-08 18:55:47] [SPAMMIER] resolve queries> Query Filter: C:\Users\rafar\.codeql\packages\codeql\python-queries\1.8.9\Security\CWE-094\CodeInjection.ql failed the constraint of deprecated (not present).
[2026-09-08 18:55:47] [SPAMMIER] resolve queries> Query Filter: C:\Users\rafar\.codeql\packages\codeql\python-queries\1.8.9\Security\CWE-1004\NonHttpOnlyCookie.ql failed the constraint of deprecated (not present).
[2026-09-08 18:55:47] [SPAMMIER] resolve queries> Query Filter: C:\Users\rafar\.codeql\packages\codeql\python-queries\1.8.9\Security\CWE-113\HeaderInjection.ql failed the constraint of deprecated (not present).
[2026-09-08 18:55:47] [SPAMMIER] resolve queries> Query Filter: C:\Users\rafar\.codeql\packages\codeql\python-queries\1.8.9\Security\CWE-116\BadTagFilter.ql failed the constraint of deprecated (not present).
[2026-09-08 18:55:47] [SPAMMIER] resolve queries> Query Filter: C:\Users\rafar\.codeql\packages\codeql\python-queries\1.8.9\Security\CWE-1275\SameSiteNoneCookie.ql failed the constraint of deprecated (not present).
[2026-09-08 18:55:47] [SPAMMIER] resolve queries> Query Filter: C:\Users\rafar\.codeql\packages\codeql\python-queries\1.8.9\Security\CWE-209\StackTraceExposure.ql failed the constraint of deprecated (not present).
[2026-09-08 18:55:47] [SPAMMIER] resolve queries> Query Filter: C:\Users\rafar\.codeql\packages\codeql\python-queries\1.8.9\Security\CWE-215\FlaskDebug.ql failed the constraint of deprecated (not present).
[2026-09-08 18:55:47] [SPAMMIER] resolve queries> Query Filter: C:\Users\rafar\.codeql\packages\codeql\python-queries\1.8.9\Security\CWE-285\PamAuthorization.ql failed the constraint of deprecated (not present).
[2026-09-08 18:55:47] [SPAMMIER] resolve queries> Query Filter: C:\Users\rafar\.codeql\packages\codeql\python-queries\1.8.9\Security\CWE-295\MissingHostKeyValidation.ql failed the constraint of deprecated (not present).
[2026-09-08 18:55:47] [SPAMMIER] resolve queries> Query Filter: C:\Users\rafar\.codeql\packages\codeql\python-queries\1.8.9\Security\CWE-312\CleartextLogging.ql failed the constraint of deprecated (not present).
[2026-09-08 18:55:47] [SPAMMIER] resolve queries> Query Filter: C:\Users\rafar\.codeql\packages\codeql\python-queries\1.8.9\Security\CWE-312\CleartextStorage.ql failed the constraint of deprecated (not present).
[2026-09-08 18:55:47] [SPAMMIER] resolve queries> Query Filter: C:\Users\rafar\.codeql\packages\codeql\python-queries\1.8.9\Security\CWE-326\WeakCryptoKey.ql failed the constraint of deprecated (not present).
[2026-09-08 18:55:47] [SPAMMIER] resolve queries> Query Filter: C:\Users\rafar\.codeql\packages\codeql\python-queries\1.8.9\Security\CWE-327\BrokenCryptoAlgorithm.ql failed the constraint of deprecated (not present).
[2026-09-08 18:55:47] [SPAMMIER] resolve queries> Query Filter: C:\Users\rafar\.codeql\packages\codeql\python-queries\1.8.9\Security\CWE-327\InsecureDefaultProtocol.ql failed the constraint of deprecated (not present).
[2026-09-08 18:55:47] [SPAMMIER] resolve queries> Query Filter: C:\Users\rafar\.codeql\packages\codeql\python-queries\1.8.9\Security\CWE-327\InsecureProtocol.ql failed the constraint of deprecated (not present).
[2026-09-08 18:55:47] [SPAMMIER] resolve queries> Query Filter: C:\Users\rafar\.codeql\packages\codeql\python-queries\1.8.9\Security\CWE-327\WeakSensitiveDataHashing.ql failed the constraint of deprecated (not present).
[2026-09-08 18:55:47] [SPAMMIER] resolve queries> Query Filter: C:\Users\rafar\.codeql\packages\codeql\python-queries\1.8.9\Security\CWE-352\CSRFProtectionDisabled.ql failed the constraint of deprecated (not present).
[2026-09-08 18:55:47] [SPAMMIER] resolve queries> Query Filter: C:\Users\rafar\.codeql\packages\codeql\python-queries\1.8.9\Security\CWE-377\InsecureTemporaryFile.ql failed the constraint of deprecated (not present).
[2026-09-08 18:55:47] [SPAMMIER] resolve queries> Query Filter: C:\Users\rafar\.codeql\packages\codeql\python-queries\1.8.9\Security\CWE-502\UnsafeDeserialization.ql failed the constraint of deprecated (not present).
[2026-09-08 18:55:47] [SPAMMIER] resolve queries> Query Filter: C:\Users\rafar\.codeql\packages\codeql\python-queries\1.8.9\Security\CWE-601\UrlRedirect.ql failed the constraint of deprecated (not present).
[2026-09-08 18:55:47] [SPAMMIER] resolve queries> Query Filter: C:\Users\rafar\.codeql\packages\codeql\python-queries\1.8.9\Security\CWE-611\Xxe.ql failed the constraint of deprecated (not present).
[2026-09-08 18:55:47] [SPAMMIER] resolve queries> Query Filter: C:\Users\rafar\.codeql\packages\codeql\python-queries\1.8.9\Security\CWE-614\InsecureCookie.ql failed the constraint of deprecated (not present).
[2026-09-08 18:55:47] [SPAMMIER] resolve queries> Query Filter: C:\Users\rafar\.codeql\packages\codeql\python-queries\1.8.9\Security\CWE-643\XpathInjection.ql failed the constraint of deprecated (not present).
[2026-09-08 18:55:47] [SPAMMIER] resolve queries> Query Filter: C:\Users\rafar\.codeql\packages\codeql\python-queries\1.8.9\Security\CWE-730\PolynomialReDoS.ql failed the constraint of deprecated (not present).
[2026-09-08 18:55:47] [SPAMMIER] resolve queries> Query Filter: C:\Users\rafar\.codeql\packages\codeql\python-queries\1.8.9\Security\CWE-730\ReDoS.ql failed the constraint of deprecated (not present).
[2026-09-08 18:55:47] [SPAMMIER] resolve queries> Query Filter: C:\Users\rafar\.codeql\packages\codeql\python-queries\1.8.9\Security\CWE-730\RegexInjection.ql failed the constraint of deprecated (not present).
[2026-09-08 18:55:47] [SPAMMIER] resolve queries> Query Filter: C:\Users\rafar\.codeql\packages\codeql\python-queries\1.8.9\Security\CWE-776\XmlBomb.ql failed the constraint of deprecated (not present).
[2026-09-08 18:55:47] [SPAMMIER] resolve queries> Query Filter: C:\Users\rafar\.codeql\packages\codeql\python-queries\1.8.9\Security\CWE-918\FullServerSideRequestForgery.ql failed the constraint of deprecated (not present).
[2026-09-08 18:55:47] [SPAMMIER] resolve queries> Query Filter: C:\Users\rafar\.codeql\packages\codeql\python-queries\1.8.9\Security\CWE-943\NoSqlInjection.ql failed the constraint of deprecated (not present).
[2026-09-08 18:55:47] [SPAMMIER] resolve queries> Query Filter: C:\Users\rafar\.codeql\packages\codeql\python-queries\1.8.9\experimental\Security\CWE-022bis\UnsafeUnpack.ql failed the constraint of deprecated (not present).
[2026-09-08 18:55:47] [SPAMMIER] resolve queries> Query Filter: C:\Users\rafar\.codeql\packages\codeql\python-queries\1.8.9\experimental\Security\CWE-327\Azure\UnsafeUsageOfClientSideEncryptionVersion.ql failed the constraint of deprecated (not present).
[2026-09-08 18:55:47] [SPAMMIER] resolve queries> Query Filter: C:\Users\rafar\.codeql\packages\codeql\python-queries\1.8.9\experimental\Security\CWE-340\TokenBuiltFromUUID.ql failed the constraint of deprecated (not present).
[2026-09-08 18:55:47] [SPAMMIER] resolve queries> Query Filter: C:\Users\rafar\.codeql\packages\codeql\python-queries\1.8.9\Security\CWE-022\TarSlip.ql failed the constraint of deprecated (not present).
[2026-09-08 18:55:47] [SPAMMIER] resolve queries> Query Filter: C:\Users\rafar\.codeql\packages\codeql\python-queries\1.8.9\Security\CWE-078\UnsafeShellCommandConstruction.ql failed the constraint of deprecated (not present).
[2026-09-08 18:55:47] [SPAMMIER] resolve queries> Query Filter: C:\Users\rafar\.codeql\packages\codeql\python-queries\1.8.9\Security\CWE-079\Jinja2WithoutEscaping.ql failed the constraint of deprecated (not present).
[2026-09-08 18:55:47] [SPAMMIER] resolve queries> Query Filter: C:\Users\rafar\.codeql\packages\codeql\python-queries\1.8.9\Security\CWE-117\LogInjection.ql failed the constraint of deprecated (not present).
[2026-09-08 18:55:47] [SPAMMIER] resolve queries> Query Filter: C:\Users\rafar\.codeql\packages\codeql\python-queries\1.8.9\Security\CWE-295\RequestWithoutValidation.ql failed the constraint of deprecated (not present).
[2026-09-08 18:55:47] [SPAMMIER] resolve queries> Query Filter: C:\Users\rafar\.codeql\packages\codeql\python-queries\1.8.9\Security\CWE-732\WeakFilePermissions.ql failed the constraint of deprecated (not present).
[2026-09-08 18:55:47] [SPAMMIER] resolve queries> Query Filter: C:\Users\rafar\.codeql\packages\codeql\python-queries\1.8.9\Security\CWE-918\PartialServerSideRequestForgery.ql failed the constraint of deprecated (not present).
[2026-09-08 18:55:47] [SPAMMIER] resolve queries> Query Filter: C:\Users\rafar\.codeql\packages\codeql\python-queries\1.8.9\Diagnostics\ExtractedFiles.ql failed the constraint of deprecated (not present).
[2026-09-08 18:55:47] [SPAMMIER] resolve queries> Query Filter: C:\Users\rafar\.codeql\packages\codeql\python-queries\1.8.9\Diagnostics\ExtractionWarnings.ql failed the constraint of deprecated (not present).
[2026-09-08 18:55:47] [SPAMMIER] resolve queries> Query Filter: C:\Users\rafar\.codeql\packages\codeql\python-queries\1.8.9\Summary\LinesOfCode.ql failed the constraint of deprecated (not present).
[2026-09-08 18:55:47] [SPAMMIER] resolve queries> Query Filter: C:\Users\rafar\.codeql\packages\codeql\python-queries\1.8.9\Summary\LinesOfUserCode.ql failed the constraint of deprecated (not present).
[2026-09-08 18:55:47] [SPAMMIER] resolve queries> Resolution instruction: exclude.
[2026-09-08 18:55:47] [SPAMMY] resolve queries> Query Filter: Excluding by constraints query path=/^experimental\/.*/|Metrics/Summaries/FrameworkCoverage.ql|/Diagnostics/Internal/.*/.
[2026-09-08 18:55:47] [SPAMMY] resolve queries> Query Filter: Excluding C:\Users\rafar\.codeql\packages\codeql\python-queries\1.8.9\experimental\Security\CWE-022\ZipSlip.ql.
[2026-09-08 18:55:47] [SPAMMY] resolve queries> Query Filter: Excluding C:\Users\rafar\.codeql\packages\codeql\python-queries\1.8.9\experimental\Security\CWE-022bis\TarSlipImprov.ql.
[2026-09-08 18:55:47] [SPAMMY] resolve queries> Query Filter: Excluding C:\Users\rafar\.codeql\packages\codeql\python-queries\1.8.9\experimental\Security\CWE-074\remoteCommandExecution\RemoteCommandExecution.ql.
[2026-09-08 18:55:47] [SPAMMY] resolve queries> Query Filter: Excluding C:\Users\rafar\.codeql\packages\codeql\python-queries\1.8.9\experimental\Security\CWE-091\XsltInjection.ql.
[2026-09-08 18:55:47] [SPAMMY] resolve queries> Query Filter: Excluding C:\Users\rafar\.codeql\packages\codeql\python-queries\1.8.9\experimental\Security\CWE-094\Js2Py.ql.
[2026-09-08 18:55:47] [SPAMMY] resolve queries> Query Filter: Excluding C:\Users\rafar\.codeql\packages\codeql\python-queries\1.8.9\experimental\Security\CWE-1427\PromptInjection.ql.
[2026-09-08 18:55:47] [SPAMMY] resolve queries> Query Filter: Excluding C:\Users\rafar\.codeql\packages\codeql\python-queries\1.8.9\experimental\Security\CWE-176\UnicodeBypassValidation.ql.
[2026-09-08 18:55:47] [SPAMMY] resolve queries> Query Filter: Excluding C:\Users\rafar\.codeql\packages\codeql\python-queries\1.8.9\experimental\Security\CWE-208\TimingAttackAgainstHeaderValue\TimingAttackAgainstHeaderValue.ql.
[2026-09-08 18:55:47] [SPAMMY] resolve queries> Query Filter: Excluding C:\Users\rafar\.codeql\packages\codeql\python-queries\1.8.9\experimental\Security\CWE-287-ConstantSecretKey\WebAppConstantSecretKey.ql.
[2026-09-08 18:55:47] [SPAMMY] resolve queries> Query Filter: Excluding C:\Users\rafar\.codeql\packages\codeql\python-queries\1.8.9\experimental\Security\CWE-338\InsecureRandomness.ql.
[2026-09-08 18:55:47] [SPAMMY] resolve queries> Query Filter: Excluding C:\Users\rafar\.codeql\packages\codeql\python-queries\1.8.9\experimental\Security\CWE-348\ClientSuppliedIpUsedInSecurityCheck.ql.
[2026-09-08 18:55:47] [SPAMMY] resolve queries> Query Filter: Excluding C:\Users\rafar\.codeql\packages\codeql\python-queries\1.8.9\experimental\Security\CWE-409\DecompressionBombs.ql.
[2026-09-08 18:55:47] [SPAMMY] resolve queries> Query Filter: Excluding C:\Users\rafar\.codeql\packages\codeql\python-queries\1.8.9\experimental\Security\CWE-611\SimpleXmlRpcServer.ql.
[2026-09-08 18:55:47] [SPAMMY] resolve queries> Query Filter: Excluding C:\Users\rafar\.codeql\packages\codeql\python-queries\1.8.9\experimental\Security\CWE-770\UnicodeDoS.ql.
[2026-09-08 18:55:47] [SPAMMY] resolve queries> Query Filter: Excluding C:\Users\rafar\.codeql\packages\codeql\python-queries\1.8.9\experimental\Security\CWE-942\CorsMisconfigurationMiddleware.ql.
[2026-09-08 18:55:47] [SPAMMIER] resolve queries> Query Filter: C:\Users\rafar\.codeql\packages\codeql\python-queries\1.8.9\Expressions\UseofInput.ql failed the constraint of query path (was Expressions/UseofInput.ql).
[2026-09-08 18:55:47] [SPAMMIER] resolve queries> Query Filter: C:\Users\rafar\.codeql\packages\codeql\python-queries\1.8.9\Security\CVE-2018-1281\BindToAllInterfaces.ql failed the constraint of query path (was Security/CVE-2018-1281/BindToAllInterfaces.ql).
[2026-09-08 18:55:47] [SPAMMIER] resolve queries> Query Filter: C:\Users\rafar\.codeql\packages\codeql\python-queries\1.8.9\Security\CWE-020\CookieInjection.ql failed the constraint of query path (was Security/CWE-020/CookieInjection.ql).
[2026-09-08 18:55:47] [SPAMMIER] resolve queries> Query Filter: C:\Users\rafar\.codeql\packages\codeql\python-queries\1.8.9\Security\CWE-020\IncompleteHostnameRegExp.ql failed the constraint of query path (was Security/CWE-020/IncompleteHostnameRegExp.ql).
[2026-09-08 18:55:47] [SPAMMIER] resolve queries> Query Filter: C:\Users\rafar\.codeql\packages\codeql\python-queries\1.8.9\Security\CWE-020\IncompleteUrlSubstringSanitization.ql failed the constraint of query path (was Security/CWE-020/IncompleteUrlSubstringSanitization.ql).
[2026-09-08 18:55:47] [SPAMMIER] resolve queries> Query Filter: C:\Users\rafar\.codeql\packages\codeql\python-queries\1.8.9\Security\CWE-020\OverlyLargeRange.ql failed the constraint of query path (was Security/CWE-020/OverlyLargeRange.ql).
[2026-09-08 18:55:47] [SPAMMIER] resolve queries> Query Filter: C:\Users\rafar\.codeql\packages\codeql\python-queries\1.8.9\Security\CWE-022\PathInjection.ql failed the constraint of query path (was Security/CWE-022/PathInjection.ql).
[2026-09-08 18:55:47] [SPAMMIER] resolve queries> Query Filter: C:\Users\rafar\.codeql\packages\codeql\python-queries\1.8.9\Security\CWE-074\TemplateInjection.ql failed the constraint of query path (was Security/CWE-074/TemplateInjection.ql).
[2026-09-08 18:55:47] [SPAMMIER] resolve queries> Query Filter: C:\Users\rafar\.codeql\packages\codeql\python-queries\1.8.9\Security\CWE-078\CommandInjection.ql failed the constraint of query path (was Security/CWE-078/CommandInjection.ql).
[2026-09-08 18:55:47] [SPAMMIER] resolve queries> Query Filter: C:\Users\rafar\.codeql\packages\codeql\python-queries\1.8.9\Security\CWE-079\ReflectedXss.ql failed the constraint of query path (was Security/CWE-079/ReflectedXss.ql).
[2026-09-08 18:55:47] [SPAMMIER] resolve queries> Query Filter: C:\Users\rafar\.codeql\packages\codeql\python-queries\1.8.9\Security\CWE-089\SqlInjection.ql failed the constraint of query path (was Security/CWE-089/SqlInjection.ql).
[2026-09-08 18:55:47] [SPAMMIER] resolve queries> Query Filter: C:\Users\rafar\.codeql\packages\codeql\python-queries\1.8.9\Security\CWE-090\LdapInjection.ql failed the constraint of query path (was Security/CWE-090/LdapInjection.ql).
[2026-09-08 18:55:47] [SPAMMIER] resolve queries> Query Filter: C:\Users\rafar\.codeql\packages\codeql\python-queries\1.8.9\Security\CWE-094\CodeInjection.ql failed the constraint of query path (was Security/CWE-094/CodeInjection.ql).
[2026-09-08 18:55:47] [SPAMMIER] resolve queries> Query Filter: C:\Users\rafar\.codeql\packages\codeql\python-queries\1.8.9\Security\CWE-1004\NonHttpOnlyCookie.ql failed the constraint of query path (was Security/CWE-1004/NonHttpOnlyCookie.ql).
[2026-09-08 18:55:47] [SPAMMIER] resolve queries> Query Filter: C:\Users\rafar\.codeql\packages\codeql\python-queries\1.8.9\Security\CWE-113\HeaderInjection.ql failed the constraint of query path (was Security/CWE-113/HeaderInjection.ql).
[2026-09-08 18:55:47] [SPAMMIER] resolve queries> Query Filter: C:\Users\rafar\.codeql\packages\codeql\python-queries\1.8.9\Security\CWE-116\BadTagFilter.ql failed the constraint of query path (was Security/CWE-116/BadTagFilter.ql).
[2026-09-08 18:55:47] [SPAMMIER] resolve queries> Query Filter: C:\Users\rafar\.codeql\packages\codeql\python-queries\1.8.9\Security\CWE-1275\SameSiteNoneCookie.ql failed the constraint of query path (was Security/CWE-1275/SameSiteNoneCookie.ql).
[2026-09-08 18:55:47] [SPAMMIER] resolve queries> Query Filter: C:\Users\rafar\.codeql\packages\codeql\python-queries\1.8.9\Security\CWE-209\StackTraceExposure.ql failed the constraint of query path (was Security/CWE-209/StackTraceExposure.ql).
[2026-09-08 18:55:47] [SPAMMIER] resolve queries> Query Filter: C:\Users\rafar\.codeql\packages\codeql\python-queries\1.8.9\Security\CWE-215\FlaskDebug.ql failed the constraint of query path (was Security/CWE-215/FlaskDebug.ql).
[2026-09-08 18:55:47] Plumbing command codeql resolve queries completed:
                      [
                        "C:\\Users\\rafar\\.codeql\\packages\\codeql\\python-queries\\1.8.9",
                        "C:\\Users\\rafar\\.codeql\\packages\\codeql\\python-queries\\1.8.9\\.codeql\\libraries\\codeql\\suite-helpers\\1.0.56"
                      ]
[2026-09-08 18:55:47] Calling plumbing command: codeql resolve extensions-by-pack --qlconfig-file=D:\Repositorios\VulnerableApp\qlconfig.yml -- C:\Users\rafar\.codeql\packages\codeql\python-queries\1.8.9 C:\Users\rafar\.codeql\packages\codeql\python-queries\1.8.9\.codeql\libraries\codeql\suite-helpers\1.0.56
[2026-09-08 18:55:47] [SPAMMY] resolve extensions-by-pack> [INCOMPATIBILITY] codeql/python-queries: not 1.8.9 {root: codeql/python-queries@1.8.9}
[2026-09-08 18:55:47] [SPAMMY] resolve extensions-by-pack> [DERIVATION] codeql/python-queries: 1.8.9 {codeql/python-queries: not 1.8.9 {root: codeql/python-queries@1.8.9}}
[2026-09-08 18:55:47] [SPAMMY] resolve extensions-by-pack> [INCOMPATIBILITY] codeql/python-queries: * [*], codeql/python-all: not * [*] {dependency: codeql/python-queries@* [*] requires codeql/python-all@7.2.4}
[2026-09-08 18:55:47] [SPAMMY] resolve extensions-by-pack> [INCOMPATIBILITY] codeql/python-queries: * [*], codeql/suite-helpers: not * [*] {dependency: codeql/python-queries@* [*] requires codeql/suite-helpers@1.0.56}
[2026-09-08 18:55:47] [SPAMMY] resolve extensions-by-pack> [DECISION 1] codeql/python-queries: 1.8.9
[2026-09-08 18:55:47] [SPAMMY] resolve extensions-by-pack> [DERIVATION] codeql/suite-helpers: * [*] {codeql/python-queries: * [*], codeql/suite-helpers: not * [*] {dependency: codeql/python-queries@* [*] requires codeql/suite-helpers@1.0.56}}
[2026-09-08 18:55:47] [SPAMMY] resolve extensions-by-pack> [DERIVATION] codeql/python-all: * [*] {codeql/python-queries: * [*], codeql/python-all: not * [*] {dependency: codeql/python-queries@* [*] requires codeql/python-all@7.2.4}}
[2026-09-08 18:55:47] [SPAMMY] resolve extensions-by-pack> [INCOMPATIBILITY] codeql/python-all: * [*], codeql/concepts: not * [*] {dependency: codeql/python-all@* [*] requires codeql/concepts@0.0.30}
[2026-09-08 18:55:47] [SPAMMY] resolve extensions-by-pack> [INCOMPATIBILITY] codeql/python-all: * [*], codeql/dataflow: not * [*] {dependency: codeql/python-all@* [*] requires codeql/dataflow@2.1.12}
[2026-09-08 18:55:47] [SPAMMY] resolve extensions-by-pack> [INCOMPATIBILITY] codeql/python-all: * [*], codeql/mad: not * [*] {dependency: codeql/python-all@* [*] requires codeql/mad@1.0.56}
[2026-09-08 18:55:47] [SPAMMY] resolve extensions-by-pack> [INCOMPATIBILITY] codeql/python-all: * [*], codeql/regex: not * [*] {dependency: codeql/python-all@* [*] requires codeql/regex@1.0.56}
[2026-09-08 18:55:47] [SPAMMY] resolve extensions-by-pack> [INCOMPATIBILITY] codeql/python-all: * [*], codeql/threat-models: not * [*] {dependency: codeql/python-all@* [*] requires codeql/threat-models@1.0.56}
[2026-09-08 18:55:47] [SPAMMY] resolve extensions-by-pack> [INCOMPATIBILITY] codeql/python-all: * [*], codeql/tutorial: not * [*] {dependency: codeql/python-all@* [*] requires codeql/tutorial@1.0.56}
[2026-09-08 18:55:47] [SPAMMY] resolve extensions-by-pack> [INCOMPATIBILITY] codeql/python-all: * [*], codeql/util: not * [*] {dependency: codeql/python-all@* [*] requires codeql/util@2.0.43}
[2026-09-08 18:55:47] [SPAMMY] resolve extensions-by-pack> [INCOMPATIBILITY] codeql/python-all: * [*], codeql/xml: not * [*] {dependency: codeql/python-all@* [*] requires codeql/xml@1.0.56}
[2026-09-08 18:55:47] [SPAMMY] resolve extensions-by-pack> [INCOMPATIBILITY] codeql/python-all: * [*], codeql/yaml: not * [*] {dependency: codeql/python-all@* [*] requires codeql/yaml@1.0.56}
[2026-09-08 18:55:47] [SPAMMY] resolve extensions-by-pack> [DECISION 2] codeql/python-all: 7.2.4
[2026-09-08 18:55:47] [SPAMMY] resolve extensions-by-pack> [DERIVATION] codeql/yaml: * [*] {codeql/python-all: * [*], codeql/yaml: not * [*] {dependency: codeql/python-all@* [*] requires codeql/yaml@1.0.56}}
[2026-09-08 18:55:47] [SPAMMY] resolve extensions-by-pack> [DERIVATION] codeql/xml: * [*] {codeql/python-all: * [*], codeql/xml: not * [*] {dependency: codeql/python-all@* [*] requires codeql/xml@1.0.56}}
[2026-09-08 18:55:47] [SPAMMY] resolve extensions-by-pack> [DERIVATION] codeql/util: * [*] {codeql/python-all: * [*], codeql/util: not * [*] {dependency: codeql/python-all@* [*] requires codeql/util@2.0.43}}
[2026-09-08 18:55:47] [SPAMMY] resolve extensions-by-pack> [DERIVATION] codeql/tutorial: * [*] {codeql/python-all: * [*], codeql/tutorial: not * [*] {dependency: codeql/python-all@* [*] requires codeql/tutorial@1.0.56}}
[2026-09-08 18:55:47] [SPAMMY] resolve extensions-by-pack> [DERIVATION] codeql/threat-models: * [*] {codeql/python-all: * [*], codeql/threat-models: not * [*] {dependency: codeql/python-all@* [*] requires codeql/threat-models@1.0.56}}
[2026-09-08 18:55:47] [SPAMMY] resolve extensions-by-pack> [DERIVATION] codeql/regex: * [*] {codeql/python-all: * [*], codeql/regex: not * [*] {dependency: codeql/python-all@* [*] requires codeql/regex@1.0.56}}
[2026-09-08 18:55:47] [SPAMMY] resolve extensions-by-pack> [DERIVATION] codeql/mad: * [*] {codeql/python-all: * [*], codeql/mad: not * [*] {dependency: codeql/python-all@* [*] requires codeql/mad@1.0.56}}
[2026-09-08 18:55:47] [SPAMMY] resolve extensions-by-pack> [DERIVATION] codeql/dataflow: * [*] {codeql/python-all: * [*], codeql/dataflow: not * [*] {dependency: codeql/python-all@* [*] requires codeql/dataflow@2.1.12}}
[2026-09-08 18:55:47] [SPAMMY] resolve extensions-by-pack> [DERIVATION] codeql/concepts: * [*] {codeql/python-all: * [*], codeql/concepts: not * [*] {dependency: codeql/python-all@* [*] requires codeql/concepts@0.0.30}}
[2026-09-08 18:55:47] [SPAMMY] resolve extensions-by-pack> [INCOMPATIBILITY] codeql/concepts: * [*], codeql/dataflow: not * [*] {dependency: codeql/concepts@* [*] requires codeql/dataflow@2.1.12}
[2026-09-08 18:55:47] [SPAMMY] resolve extensions-by-pack> [INCOMPATIBILITY] codeql/concepts: * [*], codeql/util: not * [*] {dependency: codeql/concepts@* [*] requires codeql/util@2.0.43}
[2026-09-08 18:55:47] [SPAMMY] resolve extensions-by-pack> [DECISION 3] codeql/concepts: 0.0.30
[2026-09-08 18:55:47] [SPAMMY] resolve extensions-by-pack> [INCOMPATIBILITY] codeql/dataflow: * [*], codeql/controlflow: not * [*] {dependency: codeql/dataflow@* [*] requires codeql/controlflow@2.0.40}
[2026-09-08 18:55:47] [SPAMMY] resolve extensions-by-pack> [INCOMPATIBILITY] codeql/dataflow: * [*], codeql/ssa: not * [*] {dependency: codeql/dataflow@* [*] requires codeql/ssa@2.0.32}
[2026-09-08 18:55:47] [SPAMMY] resolve extensions-by-pack> [INCOMPATIBILITY] codeql/dataflow: * [*], codeql/typetracking: not * [*] {dependency: codeql/dataflow@* [*] requires codeql/typetracking@2.0.40}
[2026-09-08 18:55:47] [SPAMMY] resolve extensions-by-pack> [INCOMPATIBILITY] codeql/dataflow: * [*], codeql/util: not * [*] {dependency: codeql/dataflow@* [*] requires codeql/util@2.0.43}
[2026-09-08 18:55:47] [SPAMMY] resolve extensions-by-pack> [DECISION 4] codeql/dataflow: 2.1.12
[2026-09-08 18:55:47] [SPAMMY] resolve extensions-by-pack> [DERIVATION] codeql/typetracking: * [*] {codeql/dataflow: * [*], codeql/typetracking: not * [*] {dependency: codeql/dataflow@* [*] requires codeql/typetracking@2.0.40}}
[2026-09-08 18:55:47] [SPAMMY] resolve extensions-by-pack> [DERIVATION] codeql/ssa: * [*] {codeql/dataflow: * [*], codeql/ssa: not * [*] {dependency: codeql/dataflow@* [*] requires codeql/ssa@2.0.32}}
[2026-09-08 18:55:47] [SPAMMY] resolve extensions-by-pack> [DERIVATION] codeql/controlflow: * [*] {codeql/dataflow: * [*], codeql/controlflow: not * [*] {dependency: codeql/dataflow@* [*] requires codeql/controlflow@2.0.40}}
[2026-09-08 18:55:47] [SPAMMY] resolve extensions-by-pack> [INCOMPATIBILITY] codeql/controlflow: * [*], codeql/util: not * [*] {dependency: codeql/controlflow@* [*] requires codeql/util@2.0.43}
[2026-09-08 18:55:47] [SPAMMY] resolve extensions-by-pack> [DECISION 5] codeql/controlflow: 2.0.40
[2026-09-08 18:55:47] [SPAMMY] resolve extensions-by-pack> [INCOMPATIBILITY] codeql/mad: * [*], codeql/dataflow: not * [*] {dependency: codeql/mad@* [*] requires codeql/dataflow@2.1.12}
[2026-09-08 18:55:47] [SPAMMY] resolve extensions-by-pack> [INCOMPATIBILITY] codeql/mad: * [*], codeql/util: not * [*] {dependency: codeql/mad@* [*] requires codeql/util@2.0.43}
[2026-09-08 18:55:47] [SPAMMY] resolve extensions-by-pack> [DECISION 6] codeql/mad: 1.0.56
[2026-09-08 18:55:47] [SPAMMY] resolve extensions-by-pack> [INCOMPATIBILITY] codeql/regex: * [*], codeql/util: not * [*] {dependency: codeql/regex@* [*] requires codeql/util@2.0.43}
[2026-09-08 18:55:47] [SPAMMY] resolve extensions-by-pack> [DECISION 7] codeql/regex: 1.0.56
[2026-09-08 18:55:47] [SPAMMY] resolve extensions-by-pack> [INCOMPATIBILITY] codeql/ssa: * [*], codeql/controlflow: not * [*] {dependency: codeql/ssa@* [*] requires codeql/controlflow@2.0.40}
[2026-09-08 18:55:47] [SPAMMY] resolve extensions-by-pack> [INCOMPATIBILITY] codeql/ssa: * [*], codeql/util: not * [*] {dependency: codeql/ssa@* [*] requires codeql/util@2.0.43}
[2026-09-08 18:55:47] [SPAMMY] resolve extensions-by-pack> [DECISION 8] codeql/ssa: 2.0.32
[2026-09-08 18:55:47] [SPAMMY] resolve extensions-by-pack> [DECISION 9] codeql/suite-helpers: 1.0.56
[2026-09-08 18:55:47] [SPAMMY] resolve extensions-by-pack> [DECISION 10] codeql/threat-models: 1.0.56
[2026-09-08 18:55:47] [SPAMMY] resolve extensions-by-pack> [DECISION 11] codeql/tutorial: 1.0.56
[2026-09-08 18:55:47] [SPAMMY] resolve extensions-by-pack> [INCOMPATIBILITY] codeql/typetracking: * [*], codeql/util: not * [*] {dependency: codeql/typetracking@* [*] requires codeql/util@2.0.43}
[2026-09-08 18:55:47] [SPAMMY] resolve extensions-by-pack> [DECISION 12] codeql/typetracking: 2.0.40
[2026-09-08 18:55:47] [SPAMMY] resolve extensions-by-pack> [DECISION 13] codeql/util: 2.0.43
[2026-09-08 18:55:47] [SPAMMY] resolve extensions-by-pack> [INCOMPATIBILITY] codeql/xml: * [*], codeql/util: not * [*] {dependency: codeql/xml@* [*] requires codeql/util@2.0.43}
[2026-09-08 18:55:47] [SPAMMY] resolve extensions-by-pack> [DECISION 14] codeql/xml: 1.0.56
[2026-09-08 18:55:47] [SPAMMY] resolve extensions-by-pack> [DECISION 15] codeql/yaml: 1.0.56
[2026-09-08 18:55:47] [SPAMMY] resolve extensions-by-pack> [INCOMPATIBILITY] codeql/suite-helpers: not 1.0.56 {root: codeql/suite-helpers@1.0.56}
[2026-09-08 18:55:47] [SPAMMY] resolve extensions-by-pack> [DERIVATION] codeql/suite-helpers: 1.0.56 {codeql/suite-helpers: not 1.0.56 {root: codeql/suite-helpers@1.0.56}}
[2026-09-08 18:55:47] [SPAMMY] resolve extensions-by-pack> [DECISION 1] codeql/suite-helpers: 1.0.56
[2026-09-08 18:55:47] [PROGRESS] resolve extensions-by-pack> Loading data extensions in C:\Users\rafar\.codeql\packages\codeql\python-queries\1.8.9\.codeql\libraries\codeql\python-all\7.2.4\ext\default-threat-models-fixup.model.yml.
[2026-09-08 18:55:47] [DETAILS] resolve extensions-by-pack>   Found extension targeting codeql/threat-models:threatModelConfiguration: 1 tuples.
[2026-09-08 18:55:47] [PROGRESS] resolve extensions-by-pack> Loading data extensions in C:\Users\rafar\.codeql\packages\codeql\python-queries\1.8.9\.codeql\libraries\codeql\python-all\7.2.4\semmle\python\frameworks\AntiSSRF.model.yml.
[2026-09-08 18:55:47] [DETAILS] resolve extensions-by-pack>   Found extension targeting codeql/python-all:barrierGuardModel: 1 tuples.
[2026-09-08 18:55:47] [PROGRESS] resolve extensions-by-pack> Loading data extensions in C:\Users\rafar\.codeql\packages\codeql\python-queries\1.8.9\.codeql\libraries\codeql\python-all\7.2.4\semmle\python\frameworks\Asyncpg.model.yml.
[2026-09-08 18:55:47] [DETAILS] resolve extensions-by-pack>   Found extension targeting codeql/python-all:sinkModel: 5 tuples.
[2026-09-08 18:55:47] [DETAILS] resolve extensions-by-pack>   Found extension targeting codeql/python-all:typeModel: 6 tuples.
[2026-09-08 18:55:47] [PROGRESS] resolve extensions-by-pack> Loading data extensions in C:\Users\rafar\.codeql\packages\codeql\python-queries\1.8.9\.codeql\libraries\codeql\python-all\7.2.4\semmle\python\frameworks\Azure.Keyvault.model.yml.
[2026-09-08 18:55:47] [DETAILS] resolve extensions-by-pack>   Found extension targeting codeql/python-all:sinkModel: 4 tuples.
[2026-09-08 18:55:47] [PROGRESS] resolve extensions-by-pack> Loading data extensions in C:\Users\rafar\.codeql\packages\codeql\python-queries\1.8.9\.codeql\libraries\codeql\python-all\7.2.4\semmle\python\frameworks\Azure.Storage.model.yml.
[2026-09-08 18:55:47] [DETAILS] resolve extensions-by-pack>   Found extension targeting codeql/python-all:sinkModel: 29 tuples.
[2026-09-08 18:55:47] [PROGRESS] resolve extensions-by-pack> Loading data extensions in C:\Users\rafar\.codeql\packages\codeql\python-queries\1.8.9\.codeql\libraries\codeql\python-all\7.2.4\semmle\python\frameworks\Django.model.yml.
[2026-09-08 18:55:47] [DETAILS] resolve extensions-by-pack>   Found extension targeting codeql/python-all:barrierGuardModel: 1 tuples.
[2026-09-08 18:55:47] [PROGRESS] resolve extensions-by-pack> Loading data extensions in C:\Users\rafar\.codeql\packages\codeql\python-queries\1.8.9\.codeql\libraries\codeql\python-all\7.2.4\semmle\python\frameworks\Eventlet.model.yml.
[2026-09-08 18:55:47] [DETAILS] resolve extensions-by-pack>   Found extension targeting codeql/python-all:typeModel: 2 tuples.
[2026-09-08 18:55:47] [PROGRESS] resolve extensions-by-pack> Loading data extensions in C:\Users\rafar\.codeql\packages\codeql\python-queries\1.8.9\.codeql\libraries\codeql\python-all\7.2.4\semmle\python\frameworks\Gevent.model.yml.
[2026-09-08 18:55:47] [DETAILS] resolve extensions-by-pack>   Found extension targeting codeql/python-all:typeModel: 1 tuples.
[2026-09-08 18:55:47] [PROGRESS] resolve extensions-by-pack> Loading data extensions in C:\Users\rafar\.codeql\packages\codeql\python-queries\1.8.9\.codeql\libraries\codeql\python-all\7.2.4\semmle\python\frameworks\Stdlib.model.yml.
[2026-09-08 18:55:47] [DETAILS] resolve extensions-by-pack>   Found extension targeting codeql/python-all:sourceModel: 12 tuples.
[2026-09-08 18:55:47] [DETAILS] resolve extensions-by-pack>   Found extension targeting codeql/python-all:sinkModel: 2 tuples.
[2026-09-08 18:55:47] [DETAILS] resolve extensions-by-pack>   Found extension targeting codeql/python-all:summaryModel: 67 tuples.
[2026-09-08 18:55:47] [DETAILS] resolve extensions-by-pack>   Found extension targeting codeql/python-all:neutralModel: 0 tuples.
[2026-09-08 18:55:47] [DETAILS] resolve extensions-by-pack>   Found extension targeting codeql/python-all:typeModel: 2 tuples.
[2026-09-08 18:55:47] [DETAILS] resolve extensions-by-pack>   Found extension targeting codeql/python-all:typeVariableModel: 0 tuples.
[2026-09-08 18:55:47] [PROGRESS] resolve extensions-by-pack> Loading data extensions in C:\Users\rafar\.codeql\packages\codeql\python-queries\1.8.9\.codeql\libraries\codeql\python-all\7.2.4\semmle\python\frameworks\agent.model.yml.
[2026-09-08 18:55:47] [DETAILS] resolve extensions-by-pack>   Found extension targeting codeql/python-all:sinkModel: 1 tuples.
[2026-09-08 18:55:47] [PROGRESS] resolve extensions-by-pack> Loading data extensions in C:\Users\rafar\.codeql\packages\codeql\python-queries\1.8.9\.codeql\libraries\codeql\python-all\7.2.4\semmle\python\frameworks\anthropic.model.yml.
[2026-09-08 18:55:47] [DETAILS] resolve extensions-by-pack>   Found extension targeting codeql/python-all:sinkModel: 6 tuples.
[2026-09-08 18:55:47] [DETAILS] resolve extensions-by-pack>   Found extension targeting codeql/python-all:typeModel: 1 tuples.
[2026-09-08 18:55:47] [PROGRESS] resolve extensions-by-pack> Loading data extensions in C:\Users\rafar\.codeql\packages\codeql\python-queries\1.8.9\.codeql\libraries\codeql\python-all\7.2.4\semmle\python\frameworks\builtins.model.yml.
[2026-09-08 18:55:47] [DETAILS] resolve extensions-by-pack>   Found extension targeting codeql/python-all:typeModel: 244 tuples.
[2026-09-08 18:55:47] [PROGRESS] resolve extensions-by-pack> Loading data extensions in C:\Users\rafar\.codeql\packages\codeql\python-queries\1.8.9\.codeql\libraries\codeql\python-all\7.2.4\semmle\python\frameworks\data\internal\empty.model.yml.
[2026-09-08 18:55:47] [DETAILS] resolve extensions-by-pack>   Found extension targeting codeql/python-all:sourceModel: 0 tuples.
[2026-09-08 18:55:47] [DETAILS] resolve extensions-by-pack>   Found extension targeting codeql/python-all:sinkModel: 0 tuples.
[2026-09-08 18:55:47] [DETAILS] resolve extensions-by-pack>   Found extension targeting codeql/python-all:barrierModel: 0 tuples.
[2026-09-08 18:55:47] [DETAILS] resolve extensions-by-pack>   Found extension targeting codeql/python-all:barrierGuardModel: 0 tuples.
[2026-09-08 18:55:47] [DETAILS] resolve extensions-by-pack>   Found extension targeting codeql/python-all:summaryModel: 0 tuples.
[2026-09-08 18:55:47] [DETAILS] resolve extensions-by-pack>   Found extension targeting codeql/python-all:neutralModel: 0 tuples.
[2026-09-08 18:55:47] [DETAILS] resolve extensions-by-pack>   Found extension targeting codeql/python-all:typeModel: 0 tuples.
[2026-09-08 18:55:47] [DETAILS] resolve extensions-by-pack>   Found extension targeting codeql/python-all:typeVariableModel: 0 tuples.
[2026-09-08 18:55:47] [PROGRESS] resolve extensions-by-pack> Loading data extensions in C:\Users\rafar\.codeql\packages\codeql\python-queries\1.8.9\.codeql\libraries\codeql\python-all\7.2.4\semmle\python\frameworks\data\internal\subclass-capture\ALL.model.yml.
[2026-09-08 18:55:47] [DETAILS] resolve extensions-by-pack>   Found extension targeting codeql/python-all:typeModel: 58275 tuples.
[2026-09-08 18:55:48] [PROGRESS] resolve extensions-by-pack> Loading data extensions in C:\Users\rafar\.codeql\packages\codeql\python-queries\1.8.9\.codeql\libraries\codeql\python-all\7.2.4\semmle\python\frameworks\lxml.model.yml.
[2026-09-08 18:55:48] [DETAILS] resolve extensions-by-pack>   Found extension targeting codeql/python-all:summaryModel: 1 tuples.
[2026-09-08 18:55:48] [PROGRESS] resolve extensions-by-pack> Loading data extensions in C:\Users\rafar\.codeql\packages\codeql\python-queries\1.8.9\.codeql\libraries\codeql\python-all\7.2.4\semmle\python\frameworks\openai.model.yml.
[2026-09-08 18:55:48] [DETAILS] resolve extensions-by-pack>   Found extension targeting codeql/python-all:sinkModel: 4 tuples.
[2026-09-08 18:55:48] [DETAILS] resolve extensions-by-pack>   Found extension targeting codeql/python-all:typeModel: 1 tuples.
[2026-09-08 18:55:48] [PROGRESS] resolve extensions-by-pack> Loading data extensions in C:\Users\rafar\.codeql\packages\codeql\python-queries\1.8.9\.codeql\libraries\codeql\python-all\7.2.4\semmle\python\frameworks\xml.model.yml.
[2026-09-08 18:55:48] [DETAILS] resolve extensions-by-pack>   Found extension targeting codeql/python-all:summaryModel: 1 tuples.
[2026-09-08 18:55:48] [PROGRESS] resolve extensions-by-pack> Loading data extensions in C:\Users\rafar\.codeql\packages\codeql\python-queries\1.8.9\.codeql\libraries\codeql\threat-models\1.0.56\ext\supported-threat-models.model.yml.
[2026-09-08 18:55:48] [DETAILS] resolve extensions-by-pack>   Found extension targeting codeql/threat-models:threatModelConfiguration: 1 tuples.
[2026-09-08 18:55:48] [PROGRESS] resolve extensions-by-pack> Loading data extensions in C:\Users\rafar\.codeql\packages\codeql\python-queries\1.8.9\.codeql\libraries\codeql\threat-models\1.0.56\ext\threat-model-grouping.model.yml.
[2026-09-08 18:55:48] [DETAILS] resolve extensions-by-pack>   Found extension targeting codeql/threat-models:threatModelGrouping: 15 tuples.
[2026-09-08 18:55:48] [PROGRESS] resolve extensions-by-pack> Loading data extensions in C:\Users\rafar\.codeql\packages\codeql\python-queries\1.8.9\.codeql\libraries\codeql\util\2.0.43\ext\default-alert-filter.yml.
[2026-09-08 18:55:48] [DETAILS] resolve extensions-by-pack>   Found extension targeting codeql/util:restrictAlertsTo: 0 tuples.
[2026-09-08 18:55:48] [DETAILS] resolve extensions-by-pack>   Found extension targeting codeql/util:restrictAlertsToExactLocation: 0 tuples.
[2026-09-08 18:55:48] Plumbing command codeql resolve extensions-by-pack completed:
                      {
                        "models" : [ ],
                        "data" : {
                          "C:\\Users\\rafar\\.codeql\\packages\\codeql\\python-queries\\1.8.9" : [
                            {
                              "predicate" : "threatModelConfiguration",
                              "file" : "C:\\Users\\rafar\\.codeql\\packages\\codeql\\python-queries\\1.8.9\\.codeql\\libraries\\codeql\\python-all\\7.2.4\\ext\\default-threat-models-fixup.model.yml",
                              "index" : 0,
                              "firstRowId" : 0,
                              "rowCount" : 1,
                              "predicateHasOrigin" : false
                            },
                            {
                              "predicate" : "barrierGuardModel",
                              "file" : "C:\\Users\\rafar\\.codeql\\packages\\codeql\\python-queries\\1.8.9\\.codeql\\libraries\\codeql\\python-all\\7.2.4\\semmle\\python\\frameworks\\AntiSSRF.model.yml",
                              "index" : 0,
                              "firstRowId" : 1,
                              "rowCount" : 1,
                              "predicateHasOrigin" : true
                            },
                            {
                              "predicate" : "sinkModel",
                              "file" : "C:\\Users\\rafar\\.codeql\\packages\\codeql\\python-queries\\1.8.9\\.codeql\\libraries\\codeql\\python-all\\7.2.4\\semmle\\python\\frameworks\\Asyncpg.model.yml",
                              "index" : 0,
                              "firstRowId" : 2,
                              "rowCount" : 5,
                              "predicateHasOrigin" : true
                            },
                            {
                              "predicate" : "typeModel",
                              "file" : "C:\\Users\\rafar\\.codeql\\packages\\codeql\\python-queries\\1.8.9\\.codeql\\libraries\\codeql\\python-all\\7.2.4\\semmle\\python\\frameworks\\Asyncpg.model.yml",
                              "index" : 1,
                              "firstRowId" : 7,
                              "rowCount" : 6,
                              "predicateHasOrigin" : false
                            },
                            {
                              "predicate" : "sinkModel",
                              "file" : "C:\\Users\\rafar\\.codeql\\packages\\codeql\\python-queries\\1.8.9\\.codeql\\libraries\\codeql\\python-all\\7.2.4\\semmle\\python\\frameworks\\Azure.Keyvault.model.yml",
                              "index" : 0,
                              "firstRowId" : 13,
                              "rowCount" : 4,
                              "predicateHasOrigin" : true
                            },
                            {
                              "predicate" : "sinkModel",
                              "file" : "C:\\Users\\rafar\\.codeql\\packages\\codeql\\python-queries\\1.8.9\\.codeql\\libraries\\codeql\\python-all\\7.2.4\\semmle\\python\\frameworks\\Azure.Storage.model.yml",
                              "index" : 0,
                              "firstRowId" : 17,
                              "rowCount" : 29,
                              "predicateHasOrigin" : true
                            },
                            {
                              "predicate" : "barrierGuardModel",
                              "file" : "C:\\Users\\rafar\\.codeql\\packages\\codeql\\python-queries\\1.8.9\\.codeql\\libraries\\codeql\\python-all\\7.2.4\\semmle\\python\\frameworks\\Django.model.yml",
                              "index" : 0,
                              "firstRowId" : 46,
                              "rowCount" : 1,
                              "predicateHasOrigin" : true
                            },
                            {
                              "predicate" : "typeModel",
                              "file" : "C:\\Users\\rafar\\.codeql\\packages\\codeql\\python-queries\\1.8.9\\.codeql\\libraries\\codeql\\python-all\\7.2.4\\semmle\\python\\frameworks\\Eventlet.model.yml",
                              "index" : 0,
                              "firstRowId" : 47,
                              "rowCount" : 2,
                              "predicateHasOrigin" : false
                            },
                            {
                              "predicate" : "typeModel",
                              "file" : "C:\\Users\\rafar\\.codeql\\packages\\codeql\\python-queries\\1.8.9\\.codeql\\libraries\\codeql\\python-all\\7.2.4\\semmle\\python\\frameworks\\Gevent.model.yml",
                              "index" : 0,
                              "firstRowId" : 49,
                              "rowCount" : 1,
                              "predicateHasOrigin" : false
                            },
                            {
                              "predicate" : "sourceModel",
                              "file" : "C:\\Users\\rafar\\.codeql\\packages\\codeql\\python-queries\\1.8.9\\.codeql\\libraries\\codeql\\python-all\\7.2.4\\semmle\\python\\frameworks\\Stdlib.model.yml",
                              "index" : 0,
                              "firstRowId" : 50,
                              "rowCount" : 12,
                              "predicateHasOrigin" : true
                            },
                            {
                              "predicate" : "sinkModel",
                              "file" : "C:\\Users\\rafar\\.codeql\\packages\\codeql\\python-queries\\1.8.9\\.codeql\\libraries\\codeql\\python-all\\7.2.4\\semmle\\python\\frameworks\\Stdlib.model.yml",
                              "index" : 1,
                              "firstRowId" : 62,
                              "rowCount" : 2,
                              "predicateHasOrigin" : true
                            },
                            {
                              "predicate" : "summaryModel",
                              "file" : "C:\\Users\\rafar\\.codeql\\packages\\codeql\\python-queries\\1.8.9\\.codeql\\libraries\\codeql\\python-all\\7.2.4\\semmle\\python\\frameworks\\Stdlib.model.yml",
                              "index" : 2,
                              "firstRowId" : 64,
                              "rowCount" : 67,
                              "predicateHasOrigin" : true
                            },
                            {
                              "predicate" : "neutralModel",
                              "file" : "C:\\Users\\rafar\\.codeql\\packages\\codeql\\python-queries\\1.8.9\\.codeql\\libraries\\codeql\\python-all\\7.2.4\\semmle\\python\\frameworks\\Stdlib.model.yml",
                              "index" : 3,
                              "firstRowId" : 131,
                              "rowCount" : 0,
                              "predicateHasOrigin" : false
                            },
                            {
                              "predicate" : "typeModel",
                              "file" : "C:\\Users\\rafar\\.codeql\\packages\\codeql\\python-queries\\1.8.9\\.codeql\\libraries\\codeql\\python-all\\7.2.4\\semmle\\python\\frameworks\\Stdlib.model.yml",
                              "index" : 4,
                              "firstRowId" : 131,
                              "rowCount" : 2,
                              "predicateHasOrigin" : false
                            },
                            {
                              "predicate" : "typeVariableModel",
                              "file" : "C:\\Users\\rafar\\.codeql\\packages\\codeql\\python-queries\\1.8.9\\.codeql\\libraries\\codeql\\python-all\\7.2.4\\semmle\\python\\frameworks\\Stdlib.model.yml",
                              "index" : 5,
                              "firstRowId" : 133,
                              "rowCount" : 0,
                              "predicateHasOrigin" : false
                            },
                            {
                              "predicate" : "sinkModel",
                              "file" : "C:\\Users\\rafar\\.codeql\\packages\\codeql\\python-queries\\1.8.9\\.codeql\\libraries\\codeql\\python-all\\7.2.4\\semmle\\python\\frameworks\\agent.model.yml",
                              "index" : 0,
                              "firstRowId" : 133,
                              "rowCount" : 1,
                              "predicateHasOrigin" : true
                            },
                            {
                              "predicate" : "sinkModel",
                              "file" : "C:\\Users\\rafar\\.codeql\\packages\\codeql\\python-queries\\1.8.9\\.codeql\\libraries\\codeql\\python-all\\7.2.4\\semmle\\python\\frameworks\\anthropic.model.yml",
                              "index" : 0,
                              "firstRowId" : 134,
                              "rowCount" : 6,
                              "predicateHasOrigin" : true
                            },
                            {
                              "predicate" : "typeModel",
                              "file" : "C:\\Users\\rafar\\.codeql\\packages\\codeql\\python-queries\\1.8.9\\.codeql\\libraries\\codeql\\python-all\\7.2.4\\semmle\\python\\frameworks\\anthropic.model.yml",
                              "index" : 1,
                              "firstRowId" : 140,
                              "rowCount" : 1,
                              "predicateHasOrigin" : false
                            },
                            {
                              "predicate" : "typeModel",
                              "file" : "C:\\Users\\rafar\\.codeql\\packages\\codeql\\python-queries\\1.8.9\\.codeql\\libraries\\codeql\\python-all\\7.2.4\\semmle\\python\\frameworks\\builtins.model.yml",
                              "index" : 0,
                              "firstRowId" : 141,
                              "rowCount" : 244,
                              "predicateHasOrigin" : false
                            },
                            {
                              "predicate" : "sourceModel",
                              "file" : "C:\\Users\\rafar\\.codeql\\packages\\codeql\\python-queries\\1.8.9\\.codeql\\libraries\\codeql\\python-all\\7.2.4\\semmle\\python\\frameworks\\data\\internal\\empty.model.yml",
                              "index" : 0,
                              "firstRowId" : 385,
                              "rowCount" : 0,
                              "predicateHasOrigin" : true
                            },
                            {
                              "predicate" : "sinkModel",
                              "file" : "C:\\Users\\rafar\\.codeql\\packages\\codeql\\python-queries\\1.8.9\\.codeql\\libraries\\codeql\\python-all\\7.2.4\\semmle\\python\\frameworks\\data\\internal\\empty.model.yml",
                              "index" : 1,
                              "firstRowId" : 385,
                              "rowCount" : 0,
                              "predicateHasOrigin" : true
                            },
                            {
                              "predicate" : "barrierModel",
                              "file" : "C:\\Users\\rafar\\.codeql\\packages\\codeql\\python-queries\\1.8.9\\.codeql\\libraries\\codeql\\python-all\\7.2.4\\semmle\\python\\frameworks\\data\\internal\\empty.model.yml",
                              "index" : 2,
                              "firstRowId" : 385,
                              "rowCount" : 0,
                              "predicateHasOrigin" : true
                            },
                            {
                              "predicate" : "barrierGuardModel",
                              "file" : "C:\\Users\\rafar\\.codeql\\packages\\codeql\\python-queries\\1.8.9\\.codeql\\libraries\\codeql\\python-all\\7.2.4\\semmle\\python\\frameworks\\data\\internal\\empty.model.yml",
                              "index" : 3,
                              "firstRowId" : 385,
                              "rowCount" : 0,
                              "predicateHasOrigin" : true
                            },
                            {
                              "predicate" : "summaryModel",
                              "file" : "C:\\Users\\rafar\\.codeql\\packages\\codeql\\python-queries\\1.8.9\\.codeql\\libraries\\codeql\\python-all\\7.2.4\\semmle\\python\\frameworks\\data\\internal\\empty.model.yml",
                              "index" : 4,
                              "firstRowId" : 385,
                              "rowCount" : 0,
                              "predicateHasOrigin" : true
                            },
                            {
                              "predicate" : "neutralModel",
                              "file" : "C:\\Users\\rafar\\.codeql\\packages\\codeql\\python-queries\\1.8.9\\.codeql\\libraries\\codeql\\python-all\\7.2.4\\semmle\\python\\frameworks\\data\\internal\\empty.model.yml",
                              "index" : 5,
                              "firstRowId" : 385,
                              "rowCount" : 0,
                              "predicateHasOrigin" : false
                            },
                            {
                              "predicate" : "typeModel",
                              "file" : "C:\\Users\\rafar\\.codeql\\packages\\codeql\\python-queries\\1.8.9\\.codeql\\libraries\\codeql\\python-all\\7.2.4\\semmle\\python\\frameworks\\data\\internal\\empty.model.yml",
                              "index" : 6,
                              "firstRowId" : 385,
                              "rowCount" : 0,
                              "predicateHasOrigin" : false
                            },
                            {
                              "predicate" : "typeVariableModel",
                              "file" : "C:\\Users\\rafar\\.codeql\\packages\\codeql\\python-queries\\1.8.9\\.codeql\\libraries\\codeql\\python-all\\7.2.4\\semmle\\python\\frameworks\\data\\internal\\empty.model.yml",
                              "index" : 7,
                              "firstRowId" : 385,
                              "rowCount" : 0,
                              "predicateHasOrigin" : false
                            },
                            {
                              "predicate" : "typeModel",
                              "file" : "C:\\Users\\rafar\\.codeql\\packages\\codeql\\python-queries\\1.8.9\\.codeql\\libraries\\codeql\\python-all\\7.2.4\\semmle\\python\\frameworks\\data\\internal\\subclass-capture\\ALL.model.yml",
                              "index" : 0,
                              "firstRowId" : 385,
                              "rowCount" : 58275,
                              "predicateHasOrigin" : false
                            },
                            {
                              "predicate" : "summaryModel",
                              "file" : "C:\\Users\\rafar\\.codeql\\packages\\codeql\\python-queries\\1.8.9\\.codeql\\libraries\\codeql\\python-all\\7.2.4\\semmle\\python\\frameworks\\lxml.model.yml",
                              "index" : 0,
                              "firstRowId" : 58660,
                              "rowCount" : 1,
                              "predicateHasOrigin" : true
                            },
                            {
                              "predicate" : "sinkModel",
                              "file" : "C:\\Users\\rafar\\.codeql\\packages\\codeql\\python-queries\\1.8.9\\.codeql\\libraries\\codeql\\python-all\\7.2.4\\semmle\\python\\frameworks\\openai.model.yml",
                              "index" : 0,
                              "firstRowId" : 58661,
                              "rowCount" : 4,
                              "predicateHasOrigin" : true
                            },
                            {
                              "predicate" : "typeModel",
                              "file" : "C:\\Users\\rafar\\.codeql\\packages\\codeql\\python-queries\\1.8.9\\.codeql\\libraries\\codeql\\python-all\\7.2.4\\semmle\\python\\frameworks\\openai.model.yml",
                              "index" : 1,
                              "firstRowId" : 58665,
                              "rowCount" : 1,
                              "predicateHasOrigin" : false
                            },
                            {
                              "predicate" : "summaryModel",
                              "file" : "C:\\Users\\rafar\\.codeql\\packages\\codeql\\python-queries\\1.8.9\\.codeql\\libraries\\codeql\\python-all\\7.2.4\\semmle\\python\\frameworks\\xml.model.yml",
                              "index" : 0,
                              "firstRowId" : 58666,
                              "rowCount" : 1,
                              "predicateHasOrigin" : true
                            },
                            {
                              "predicate" : "threatModelConfiguration",
                              "file" : "C:\\Users\\rafar\\.codeql\\packages\\codeql\\python-queries\\1.8.9\\.codeql\\libraries\\codeql\\threat-models\\1.0.56\\ext\\supported-threat-models.model.yml",
                              "index" : 0,
                              "firstRowId" : 58667,
                              "rowCount" : 1,
                              "predicateHasOrigin" : false
                            },
                            {
                              "predicate" : "threatModelGrouping",
                              "file" : "C:\\Users\\rafar\\.codeql\\packages\\codeql\\python-queries\\1.8.9\\.codeql\\libraries\\codeql\\threat-models\\1.0.56\\ext\\threat-model-grouping.model.yml",
                              "index" : 0,
                              "firstRowId" : 58668,
                              "rowCount" : 15,
                              "predicateHasOrigin" : false
                            },
                            {
                              "predicate" : "restrictAlertsTo",
                              "file" : "C:\\Users\\rafar\\.codeql\\packages\\codeql\\python-queries\\1.8.9\\.codeql\\libraries\\codeql\\util\\2.0.43\\ext\\default-alert-filter.yml",
                              "index" : 0,
                              "firstRowId" : 58683,
                              "rowCount" : 0,
                              "predicateHasOrigin" : false
                            },
                            {
                              "predicate" : "restrictAlertsToExactLocation",
                              "file" : "C:\\Users\\rafar\\.codeql\\packages\\codeql\\python-queries\\1.8.9\\.codeql\\libraries\\codeql\\util\\2.0.43\\ext\\default-alert-filter.yml",
                              "index" : 1,
                              "firstRowId" : 58683,
                              "rowCount" : 0,
                              "predicateHasOrigin" : false
                            }
                          ]
                        },
                        "threatModels" : {
                          "C:\\Users\\rafar\\.codeql\\packages\\codeql\\python-queries\\1.8.9" : {
                            "extensions" : [
                              {
                                "data" : [ ],
                                "addsTo" : {
                                  "extensible" : "threatModelConfiguration",
                                  "checkPresence" : true,
                                  "packName" : "codeql/threat-models"
                                }
                              }
                            ]
                          }
                        },
                        "extensionPacks" : [ ]
                      }
[2026-09-08 18:55:48] Plumbing command codeql resolve extensions completed:
                      {
                        "models" : [ ],
                        "data" : {
                          "C:\\Users\\rafar\\.codeql\\packages\\codeql\\python-queries\\1.8.9" : [
                            {
                              "predicate" : "threatModelConfiguration",
                              "file" : "C:\\Users\\rafar\\.codeql\\packages\\codeql\\python-queries\\1.8.9\\.codeql\\libraries\\codeql\\python-all\\7.2.4\\ext\\default-threat-models-fixup.model.yml",
                              "index" : 0,
                              "firstRowId" : 0,
                              "rowCount" : 1,
                              "predicateHasOrigin" : false
                            },
                            {
                              "predicate" : "barrierGuardModel",
                              "file" : "C:\\Users\\rafar\\.codeql\\packages\\codeql\\python-queries\\1.8.9\\.codeql\\libraries\\codeql\\python-all\\7.2.4\\semmle\\python\\frameworks\\AntiSSRF.model.yml",
                              "index" : 0,
                              "firstRowId" : 1,
                              "rowCount" : 1,
                              "predicateHasOrigin" : true
                            },
                            {
                              "predicate" : "sinkModel",
                              "file" : "C:\\Users\\rafar\\.codeql\\packages\\codeql\\python-queries\\1.8.9\\.codeql\\libraries\\codeql\\python-all\\7.2.4\\semmle\\python\\frameworks\\Asyncpg.model.yml",
                              "index" : 0,
                              "firstRowId" : 2,
                              "rowCount" : 5,
                              "predicateHasOrigin" : true
                            },
                            {
                              "predicate" : "typeModel",
                              "file" : "C:\\Users\\rafar\\.codeql\\packages\\codeql\\python-queries\\1.8.9\\.codeql\\libraries\\codeql\\python-all\\7.2.4\\semmle\\python\\frameworks\\Asyncpg.model.yml",
                              "index" : 1,
                              "firstRowId" : 7,
                              "rowCount" : 6,
                              "predicateHasOrigin" : false
                            },
                            {
                              "predicate" : "sinkModel",
                              "file" : "C:\\Users\\rafar\\.codeql\\packages\\codeql\\python-queries\\1.8.9\\.codeql\\libraries\\codeql\\python-all\\7.2.4\\semmle\\python\\frameworks\\Azure.Keyvault.model.yml",
                              "index" : 0,
                              "firstRowId" : 13,
                              "rowCount" : 4,
                              "predicateHasOrigin" : true
                            },
                            {
                              "predicate" : "sinkModel",
                              "file" : "C:\\Users\\rafar\\.codeql\\packages\\codeql\\python-queries\\1.8.9\\.codeql\\libraries\\codeql\\python-all\\7.2.4\\semmle\\python\\frameworks\\Azure.Storage.model.yml",
                              "index" : 0,
                              "firstRowId" : 17,
                              "rowCount" : 29,
                              "predicateHasOrigin" : true
                            },
                            {
                              "predicate" : "barrierGuardModel",
                              "file" : "C:\\Users\\rafar\\.codeql\\packages\\codeql\\python-queries\\1.8.9\\.codeql\\libraries\\codeql\\python-all\\7.2.4\\semmle\\python\\frameworks\\Django.model.yml",
                              "index" : 0,
                              "firstRowId" : 46,
                              "rowCount" : 1,
                              "predicateHasOrigin" : true
                            },
                            {
                              "predicate" : "typeModel",
                              "file" : "C:\\Users\\rafar\\.codeql\\packages\\codeql\\python-queries\\1.8.9\\.codeql\\libraries\\codeql\\python-all\\7.2.4\\semmle\\python\\frameworks\\Eventlet.model.yml",
                              "index" : 0,
                              "firstRowId" : 47,
                              "rowCount" : 2,
                              "predicateHasOrigin" : false
                            },
                            {
                              "predicate" : "typeModel",
                              "file" : "C:\\Users\\rafar\\.codeql\\packages\\codeql\\python-queries\\1.8.9\\.codeql\\libraries\\codeql\\python-all\\7.2.4\\semmle\\python\\frameworks\\Gevent.model.yml",
                              "index" : 0,
                              "firstRowId" : 49,
                              "rowCount" : 1,
                              "predicateHasOrigin" : false
                            },
                            {
                              "predicate" : "sourceModel",
                              "file" : "C:\\Users\\rafar\\.codeql\\packages\\codeql\\python-queries\\1.8.9\\.codeql\\libraries\\codeql\\python-all\\7.2.4\\semmle\\python\\frameworks\\Stdlib.model.yml",
                              "index" : 0,
                              "firstRowId" : 50,
                              "rowCount" : 12,
                              "predicateHasOrigin" : true
                            },
                            {
                              "predicate" : "sinkModel",
                              "file" : "C:\\Users\\rafar\\.codeql\\packages\\codeql\\python-queries\\1.8.9\\.codeql\\libraries\\codeql\\python-all\\7.2.4\\semmle\\python\\frameworks\\Stdlib.model.yml",
                              "index" : 1,
                              "firstRowId" : 62,
                              "rowCount" : 2,
                              "predicateHasOrigin" : true
                            },
                            {
                              "predicate" : "summaryModel",
                              "file" : "C:\\Users\\rafar\\.codeql\\packages\\codeql\\python-queries\\1.8.9\\.codeql\\libraries\\codeql\\python-all\\7.2.4\\semmle\\python\\frameworks\\Stdlib.model.yml",
                              "index" : 2,
                              "firstRowId" : 64,
                              "rowCount" : 67,
                              "predicateHasOrigin" : true
                            },
                            {
                              "predicate" : "neutralModel",
                              "file" : "C:\\Users\\rafar\\.codeql\\packages\\codeql\\python-queries\\1.8.9\\.codeql\\libraries\\codeql\\python-all\\7.2.4\\semmle\\python\\frameworks\\Stdlib.model.yml",
                              "index" : 3,
                              "firstRowId" : 131,
                              "rowCount" : 0,
                              "predicateHasOrigin" : false
                            },
                            {
                              "predicate" : "typeModel",
                              "file" : "C:\\Users\\rafar\\.codeql\\packages\\codeql\\python-queries\\1.8.9\\.codeql\\libraries\\codeql\\python-all\\7.2.4\\semmle\\python\\frameworks\\Stdlib.model.yml",
                              "index" : 4,
                              "firstRowId" : 131,
                              "rowCount" : 2,
                              "predicateHasOrigin" : false
                            },
                            {
                              "predicate" : "typeVariableModel",
                              "file" : "C:\\Users\\rafar\\.codeql\\packages\\codeql\\python-queries\\1.8.9\\.codeql\\libraries\\codeql\\python-all\\7.2.4\\semmle\\python\\frameworks\\Stdlib.model.yml",
                              "index" : 5,
                              "firstRowId" : 133,
                              "rowCount" : 0,
                              "predicateHasOrigin" : false
                            },
                            {
                              "predicate" : "sinkModel",
                              "file" : "C:\\Users\\rafar\\.codeql\\packages\\codeql\\python-queries\\1.8.9\\.codeql\\libraries\\codeql\\python-all\\7.2.4\\semmle\\python\\frameworks\\agent.model.yml",
                              "index" : 0,
                              "firstRowId" : 133,
                              "rowCount" : 1,
                              "predicateHasOrigin" : true
                            },
                            {
                              "predicate" : "sinkModel",
                              "file" : "C:\\Users\\rafar\\.codeql\\packages\\codeql\\python-queries\\1.8.9\\.codeql\\libraries\\codeql\\python-all\\7.2.4\\semmle\\python\\frameworks\\anthropic.model.yml",
                              "index" : 0,
                              "firstRowId" : 134,
                              "rowCount" : 6,
                              "predicateHasOrigin" : true
                            },
                            {
                              "predicate" : "typeModel",
                              "file" : "C:\\Users\\rafar\\.codeql\\packages\\codeql\\python-queries\\1.8.9\\.codeql\\libraries\\codeql\\python-all\\7.2.4\\semmle\\python\\frameworks\\anthropic.model.yml",
                              "index" : 1,
                              "firstRowId" : 140,
                              "rowCount" : 1,
                              "predicateHasOrigin" : false
                            },
                            {
                              "predicate" : "typeModel",
                              "file" : "C:\\Users\\rafar\\.codeql\\packages\\codeql\\python-queries\\1.8.9\\.codeql\\libraries\\codeql\\python-all\\7.2.4\\semmle\\python\\frameworks\\builtins.model.yml",
                              "index" : 0,
                              "firstRowId" : 141,
                              "rowCount" : 244,
                              "predicateHasOrigin" : false
                            },
                            {
                              "predicate" : "sourceModel",
                              "file" : "C:\\Users\\rafar\\.codeql\\packages\\codeql\\python-queries\\1.8.9\\.codeql\\libraries\\codeql\\python-all\\7.2.4\\semmle\\python\\frameworks\\data\\internal\\empty.model.yml",
                              "index" : 0,
                              "firstRowId" : 385,
                              "rowCount" : 0,
                              "predicateHasOrigin" : true
                            },
                            {
                              "predicate" : "sinkModel",
                              "file" : "C:\\Users\\rafar\\.codeql\\packages\\codeql\\python-queries\\1.8.9\\.codeql\\libraries\\codeql\\python-all\\7.2.4\\semmle\\python\\frameworks\\data\\internal\\empty.model.yml",
                              "index" : 1,
                              "firstRowId" : 385,
                              "rowCount" : 0,
                              "predicateHasOrigin" : true
                            },
                            {
                              "predicate" : "barrierModel",
                              "file" : "C:\\Users\\rafar\\.codeql\\packages\\codeql\\python-queries\\1.8.9\\.codeql\\libraries\\codeql\\python-all\\7.2.4\\semmle\\python\\frameworks\\data\\internal\\empty.model.yml",
                              "index" : 2,
                              "firstRowId" : 385,
                              "rowCount" : 0,
                              "predicateHasOrigin" : true
                            },
                            {
                              "predicate" : "barrierGuardModel",
                              "file" : "C:\\Users\\rafar\\.codeql\\packages\\codeql\\python-queries\\1.8.9\\.codeql\\libraries\\codeql\\python-all\\7.2.4\\semmle\\python\\frameworks\\data\\internal\\empty.model.yml",
                              "index" : 3,
                              "firstRowId" : 385,
                              "rowCount" : 0,
                              "predicateHasOrigin" : true
                            },
                            {
                              "predicate" : "summaryModel",
                              "file" : "C:\\Users\\rafar\\.codeql\\packages\\codeql\\python-queries\\1.8.9\\.codeql\\libraries\\codeql\\python-all\\7.2.4\\semmle\\python\\frameworks\\data\\internal\\empty.model.yml",
                              "index" : 4,
                              "firstRowId" : 385,
                              "rowCount" : 0,
                              "predicateHasOrigin" : true
                            },
                            {
                              "predicate" : "neutralModel",
                              "file" : "C:\\Users\\rafar\\.codeql\\packages\\codeql\\python-queries\\1.8.9\\.codeql\\libraries\\codeql\\python-all\\7.2.4\\semmle\\python\\frameworks\\data\\internal\\empty.model.yml",
                              "index" : 5,
                              "firstRowId" : 385,
                              "rowCount" : 0,
                              "predicateHasOrigin" : false
                            },
                            {
                              "predicate" : "typeModel",
                              "file" : "C:\\Users\\rafar\\.codeql\\packages\\codeql\\python-queries\\1.8.9\\.codeql\\libraries\\codeql\\python-all\\7.2.4\\semmle\\python\\frameworks\\data\\internal\\empty.model.yml",
                              "index" : 6,
                              "firstRowId" : 385,
                              "rowCount" : 0,
                              "predicateHasOrigin" : false
                            },
                            {
                              "predicate" : "typeVariableModel",
                              "file" : "C:\\Users\\rafar\\.codeql\\packages\\codeql\\python-queries\\1.8.9\\.codeql\\libraries\\codeql\\python-all\\7.2.4\\semmle\\python\\frameworks\\data\\internal\\empty.model.yml",
                              "index" : 7,
                              "firstRowId" : 385,
                              "rowCount" : 0,
                              "predicateHasOrigin" : false
                            },
                            {
                              "predicate" : "typeModel",
                              "file" : "C:\\Users\\rafar\\.codeql\\packages\\codeql\\python-queries\\1.8.9\\.codeql\\libraries\\codeql\\python-all\\7.2.4\\semmle\\python\\frameworks\\data\\internal\\subclass-capture\\ALL.model.yml",
                              "index" : 0,
                              "firstRowId" : 385,
                              "rowCount" : 58275,
                              "predicateHasOrigin" : false
                            },
                            {
                              "predicate" : "summaryModel",
                              "file" : "C:\\Users\\rafar\\.codeql\\packages\\codeql\\python-queries\\1.8.9\\.codeql\\libraries\\codeql\\python-all\\7.2.4\\semmle\\python\\frameworks\\lxml.model.yml",
                              "index" : 0,
                              "firstRowId" : 58660,
                              "rowCount" : 1,
                              "predicateHasOrigin" : true
                            },
                            {
                              "predicate" : "sinkModel",
                              "file" : "C:\\Users\\rafar\\.codeql\\packages\\codeql\\python-queries\\1.8.9\\.codeql\\libraries\\codeql\\python-all\\7.2.4\\semmle\\python\\frameworks\\openai.model.yml",
                              "index" : 0,
                              "firstRowId" : 58661,
                              "rowCount" : 4,
                              "predicateHasOrigin" : true
                            },
                            {
                              "predicate" : "typeModel",
                              "file" : "C:\\Users\\rafar\\.codeql\\packages\\codeql\\python-queries\\1.8.9\\.codeql\\libraries\\codeql\\python-all\\7.2.4\\semmle\\python\\frameworks\\openai.model.yml",
                              "index" : 1,
                              "firstRowId" : 58665,
                              "rowCount" : 1,
                              "predicateHasOrigin" : false
                            },
                            {
                              "predicate" : "summaryModel",
                              "file" : "C:\\Users\\rafar\\.codeql\\packages\\codeql\\python-queries\\1.8.9\\.codeql\\libraries\\codeql\\python-all\\7.2.4\\semmle\\python\\frameworks\\xml.model.yml",
                              "index" : 0,
                              "firstRowId" : 58666,
                              "rowCount" : 1,
                              "predicateHasOrigin" : true
                            },
                            {
                              "predicate" : "threatModelConfiguration",
                              "file" : "C:\\Users\\rafar\\.codeql\\packages\\codeql\\python-queries\\1.8.9\\.codeql\\libraries\\codeql\\threat-models\\1.0.56\\ext\\supported-threat-models.model.yml",
                              "index" : 0,
                              "firstRowId" : 58667,
                              "rowCount" : 1,
                              "predicateHasOrigin" : false
                            },
                            {
                              "predicate" : "threatModelGrouping",
                              "file" : "C:\\Users\\rafar\\.codeql\\packages\\codeql\\python-queries\\1.8.9\\.codeql\\libraries\\codeql\\threat-models\\1.0.56\\ext\\threat-model-grouping.model.yml",
                              "index" : 0,
                              "firstRowId" : 58668,
                              "rowCount" : 15,
                              "predicateHasOrigin" : false
                            },
                            {
                              "predicate" : "restrictAlertsTo",
                              "file" : "C:\\Users\\rafar\\.codeql\\packages\\codeql\\python-queries\\1.8.9\\.codeql\\libraries\\codeql\\util\\2.0.43\\ext\\default-alert-filter.yml",
                              "index" : 0,
                              "firstRowId" : 58683,
                              "rowCount" : 0,
                              "predicateHasOrigin" : false
                            },
                            {
                              "predicate" : "restrictAlertsToExactLocation",
                              "file" : "C:\\Users\\rafar\\.codeql\\packages\\codeql\\python-queries\\1.8.9\\.codeql\\libraries\\codeql\\util\\2.0.43\\ext\\default-alert-filter.yml",
                              "index" : 1,
                              "firstRowId" : 58683,
                              "rowCount" : 0,
                              "predicateHasOrigin" : false
                            }
                          ]
                        },
                        "threatModels" : {
                          "C:\\Users\\rafar\\.codeql\\packages\\codeql\\python-queries\\1.8.9" : {
                            "extensions" : [
                              {
                                "data" : [ ],
                                "addsTo" : {
                                  "extensible" : "threatModelConfiguration",
                                  "checkPresence" : true,
                                  "packName" : "codeql/threat-models"
                                }
                              }
                            ]
                          }
                        },
                        "extensionPacks" : [ ]
                      }
[2026-09-08 18:55:48] [PROGRESS] database interpret-results> Interpreting C:\Users\rafar\.codeql\packages\codeql\python-queries\1.8.9\Expressions\UseofInput.ql...
[2026-09-08 18:55:48] Calling plumbing command: codeql resolve library-path --query=C:\Users\rafar\.codeql\packages\codeql\python-queries\1.8.9\Expressions\UseofInput.ql --full-library-path=none --dbscheme=none --format=json
[2026-09-08 18:55:48] [DETAILS] resolve library-path> Resolving query at normalized path C:\Users\rafar\.codeql\packages\codeql\python-queries\1.8.9\Expressions\UseofInput.ql.
[2026-09-08 18:55:48] [DETAILS] resolve library-path> Found enclosing pack 'codeql/python-queries' at C:\Users\rafar\.codeql\packages\codeql\python-queries\1.8.9.
[2026-09-08 18:55:48] [DETAILS] resolve library-path> Adding compilation cache at C:\Users\rafar\.codeql\compile-cache.
[2026-09-08 18:55:48] [DETAILS] resolve library-path> Dbscheme was explicitly overridden as D:\Repositorios\VulnerableApp\none
[2026-09-08 18:55:48] [DETAILS] resolve library-path> Library path was overridden on command line.
[2026-09-08 18:55:48] Plumbing command codeql resolve library-path completed:
                      {
                        "libraryPath" : [
                          "D:\\Repositorios\\VulnerableApp\\none"
                        ],
                        "dbscheme" : "D:\\Repositorios\\VulnerableApp\\none",
                        "compilationCache" : [
                          "C:\\Users\\rafar\\.codeql\\compile-cache"
                        ],
                        "relativeName" : "codeql\\python-queries\\Expressions\\UseofInput.ql",
                        "qlPackName" : "codeql/python-queries"
                      }
[2026-09-08 18:55:48] [DETAILS] database interpret-results>  ... found results file at D:\Repositorios\VulnerableApp\codeSql\results\codeql\python-queries\Expressions\UseofInput.bqrs.
[2026-09-08 18:55:48] [PROGRESS] database interpret-results> Interpreting C:\Users\rafar\.codeql\packages\codeql\python-queries\1.8.9\Security\CVE-2018-1281\BindToAllInterfaces.ql...
[2026-09-08 18:55:48] Calling plumbing command: codeql resolve library-path --query=C:\Users\rafar\.codeql\packages\codeql\python-queries\1.8.9\Security\CVE-2018-1281\BindToAllInterfaces.ql --full-library-path=none --dbscheme=none --format=json
[2026-09-08 18:55:48] [DETAILS] resolve library-path> Resolving query at normalized path C:\Users\rafar\.codeql\packages\codeql\python-queries\1.8.9\Security\CVE-2018-1281\BindToAllInterfaces.ql.
[2026-09-08 18:55:48] [DETAILS] resolve library-path> Found enclosing pack 'codeql/python-queries' at C:\Users\rafar\.codeql\packages\codeql\python-queries\1.8.9.
[2026-09-08 18:55:48] [DETAILS] resolve library-path> Adding compilation cache at C:\Users\rafar\.codeql\compile-cache.
[2026-09-08 18:55:48] [DETAILS] resolve library-path> Dbscheme was explicitly overridden as D:\Repositorios\VulnerableApp\none
[2026-09-08 18:55:48] [DETAILS] resolve library-path> Library path was overridden on command line.
[2026-09-08 18:55:48] Plumbing command codeql resolve library-path completed:
                      {
                        "libraryPath" : [
                          "D:\\Repositorios\\VulnerableApp\\none"
                        ],
                        "dbscheme" : "D:\\Repositorios\\VulnerableApp\\none",
                        "compilationCache" : [
                          "C:\\Users\\rafar\\.codeql\\compile-cache"
                        ],
                        "relativeName" : "codeql\\python-queries\\Security\\CVE-2018-1281\\BindToAllInterfaces.ql",
                        "qlPackName" : "codeql/python-queries"
                      }
[2026-09-08 18:55:48] [DETAILS] database interpret-results>  ... found results file at D:\Repositorios\VulnerableApp\codeSql\results\codeql\python-queries\Security\CVE-2018-1281\BindToAllInterfaces.bqrs.
[2026-09-08 18:55:48] [PROGRESS] database interpret-results> Interpreting C:\Users\rafar\.codeql\packages\codeql\python-queries\1.8.9\Security\CWE-020\CookieInjection.ql...
[2026-09-08 18:55:48] Calling plumbing command: codeql resolve library-path --query=C:\Users\rafar\.codeql\packages\codeql\python-queries\1.8.9\Security\CWE-020\CookieInjection.ql --full-library-path=none --dbscheme=none --format=json
[2026-09-08 18:55:48] [DETAILS] resolve library-path> Resolving query at normalized path C:\Users\rafar\.codeql\packages\codeql\python-queries\1.8.9\Security\CWE-020\CookieInjection.ql.
[2026-09-08 18:55:48] [DETAILS] resolve library-path> Found enclosing pack 'codeql/python-queries' at C:\Users\rafar\.codeql\packages\codeql\python-queries\1.8.9.
[2026-09-08 18:55:48] [DETAILS] resolve library-path> Adding compilation cache at C:\Users\rafar\.codeql\compile-cache.
[2026-09-08 18:55:48] [DETAILS] resolve library-path> Dbscheme was explicitly overridden as D:\Repositorios\VulnerableApp\none
[2026-09-08 18:55:48] [DETAILS] resolve library-path> Library path was overridden on command line.
[2026-09-08 18:55:48] Plumbing command codeql resolve library-path completed:
                      {
                        "libraryPath" : [
                          "D:\\Repositorios\\VulnerableApp\\none"
                        ],
                        "dbscheme" : "D:\\Repositorios\\VulnerableApp\\none",
                        "compilationCache" : [
                          "C:\\Users\\rafar\\.codeql\\compile-cache"
                        ],
                        "relativeName" : "codeql\\python-queries\\Security\\CWE-020\\CookieInjection.ql",
                        "qlPackName" : "codeql/python-queries"
                      }
[2026-09-08 18:55:48] [DETAILS] database interpret-results>  ... found results file at D:\Repositorios\VulnerableApp\codeSql\results\codeql\python-queries\Security\CWE-020\CookieInjection.bqrs.
[2026-09-08 18:55:48] [PROGRESS] database interpret-results> Interpreting C:\Users\rafar\.codeql\packages\codeql\python-queries\1.8.9\Security\CWE-020\IncompleteHostnameRegExp.ql...
[2026-09-08 18:55:48] Calling plumbing command: codeql resolve library-path --query=C:\Users\rafar\.codeql\packages\codeql\python-queries\1.8.9\Security\CWE-020\IncompleteHostnameRegExp.ql --full-library-path=none --dbscheme=none --format=json
[2026-09-08 18:55:48] [DETAILS] resolve library-path> Resolving query at normalized path C:\Users\rafar\.codeql\packages\codeql\python-queries\1.8.9\Security\CWE-020\IncompleteHostnameRegExp.ql.
[2026-09-08 18:55:48] [DETAILS] resolve library-path> Found enclosing pack 'codeql/python-queries' at C:\Users\rafar\.codeql\packages\codeql\python-queries\1.8.9.
[2026-09-08 18:55:48] [DETAILS] resolve library-path> Adding compilation cache at C:\Users\rafar\.codeql\compile-cache.
[2026-09-08 18:55:48] [DETAILS] resolve library-path> Dbscheme was explicitly overridden as D:\Repositorios\VulnerableApp\none
[2026-09-08 18:55:48] [DETAILS] resolve library-path> Library path was overridden on command line.
[2026-09-08 18:55:48] Plumbing command codeql resolve library-path completed:
                      {
                        "libraryPath" : [
                          "D:\\Repositorios\\VulnerableApp\\none"
                        ],
                        "dbscheme" : "D:\\Repositorios\\VulnerableApp\\none",
                        "compilationCache" : [
                          "C:\\Users\\rafar\\.codeql\\compile-cache"
                        ],
                        "relativeName" : "codeql\\python-queries\\Security\\CWE-020\\IncompleteHostnameRegExp.ql",
                        "qlPackName" : "codeql/python-queries"
                      }
[2026-09-08 18:55:48] [DETAILS] database interpret-results>  ... found results file at D:\Repositorios\VulnerableApp\codeSql\results\codeql\python-queries\Security\CWE-020\IncompleteHostnameRegExp.bqrs.
[2026-09-08 18:55:48] [PROGRESS] database interpret-results> Interpreting C:\Users\rafar\.codeql\packages\codeql\python-queries\1.8.9\Security\CWE-020\IncompleteUrlSubstringSanitization.ql...
[2026-09-08 18:55:48] Calling plumbing command: codeql resolve library-path --query=C:\Users\rafar\.codeql\packages\codeql\python-queries\1.8.9\Security\CWE-020\IncompleteUrlSubstringSanitization.ql --full-library-path=none --dbscheme=none --format=json
[2026-09-08 18:55:48] [DETAILS] resolve library-path> Resolving query at normalized path C:\Users\rafar\.codeql\packages\codeql\python-queries\1.8.9\Security\CWE-020\IncompleteUrlSubstringSanitization.ql.
[2026-09-08 18:55:48] [DETAILS] resolve library-path> Found enclosing pack 'codeql/python-queries' at C:\Users\rafar\.codeql\packages\codeql\python-queries\1.8.9.
[2026-09-08 18:55:48] [DETAILS] resolve library-path> Adding compilation cache at C:\Users\rafar\.codeql\compile-cache.
[2026-09-08 18:55:48] [DETAILS] resolve library-path> Dbscheme was explicitly overridden as D:\Repositorios\VulnerableApp\none
[2026-09-08 18:55:48] [DETAILS] resolve library-path> Library path was overridden on command line.
[2026-09-08 18:55:48] Plumbing command codeql resolve library-path completed:
                      {
                        "libraryPath" : [
                          "D:\\Repositorios\\VulnerableApp\\none"
                        ],
                        "dbscheme" : "D:\\Repositorios\\VulnerableApp\\none",
                        "compilationCache" : [
                          "C:\\Users\\rafar\\.codeql\\compile-cache"
                        ],
                        "relativeName" : "codeql\\python-queries\\Security\\CWE-020\\IncompleteUrlSubstringSanitization.ql",
                        "qlPackName" : "codeql/python-queries"
                      }
[2026-09-08 18:55:48] [DETAILS] database interpret-results>  ... found results file at D:\Repositorios\VulnerableApp\codeSql\results\codeql\python-queries\Security\CWE-020\IncompleteUrlSubstringSanitization.bqrs.
[2026-09-08 18:55:48] [PROGRESS] database interpret-results> Interpreting C:\Users\rafar\.codeql\packages\codeql\python-queries\1.8.9\Security\CWE-020\OverlyLargeRange.ql...
[2026-09-08 18:55:48] Calling plumbing command: codeql resolve library-path --query=C:\Users\rafar\.codeql\packages\codeql\python-queries\1.8.9\Security\CWE-020\OverlyLargeRange.ql --full-library-path=none --dbscheme=none --format=json
[2026-09-08 18:55:48] [DETAILS] resolve library-path> Resolving query at normalized path C:\Users\rafar\.codeql\packages\codeql\python-queries\1.8.9\Security\CWE-020\OverlyLargeRange.ql.
[2026-09-08 18:55:48] [DETAILS] resolve library-path> Found enclosing pack 'codeql/python-queries' at C:\Users\rafar\.codeql\packages\codeql\python-queries\1.8.9.
[2026-09-08 18:55:48] [DETAILS] resolve library-path> Adding compilation cache at C:\Users\rafar\.codeql\compile-cache.
[2026-09-08 18:55:48] [DETAILS] resolve library-path> Dbscheme was explicitly overridden as D:\Repositorios\VulnerableApp\none
[2026-09-08 18:55:48] [DETAILS] resolve library-path> Library path was overridden on command line.
[2026-09-08 18:55:48] Plumbing command codeql resolve library-path completed:
                      {
                        "libraryPath" : [
                          "D:\\Repositorios\\VulnerableApp\\none"
                        ],
                        "dbscheme" : "D:\\Repositorios\\VulnerableApp\\none",
                        "compilationCache" : [
                          "C:\\Users\\rafar\\.codeql\\compile-cache"
                        ],
                        "relativeName" : "codeql\\python-queries\\Security\\CWE-020\\OverlyLargeRange.ql",
                        "qlPackName" : "codeql/python-queries"
                      }
[2026-09-08 18:55:48] [DETAILS] database interpret-results>  ... found results file at D:\Repositorios\VulnerableApp\codeSql\results\codeql\python-queries\Security\CWE-020\OverlyLargeRange.bqrs.
[2026-09-08 18:55:48] [PROGRESS] database interpret-results> Interpreting C:\Users\rafar\.codeql\packages\codeql\python-queries\1.8.9\Security\CWE-022\PathInjection.ql...
[2026-09-08 18:55:48] Calling plumbing command: codeql resolve library-path --query=C:\Users\rafar\.codeql\packages\codeql\python-queries\1.8.9\Security\CWE-022\PathInjection.ql --full-library-path=none --dbscheme=none --format=json
[2026-09-08 18:55:48] [DETAILS] resolve library-path> Resolving query at normalized path C:\Users\rafar\.codeql\packages\codeql\python-queries\1.8.9\Security\CWE-022\PathInjection.ql.
[2026-09-08 18:55:48] [DETAILS] resolve library-path> Found enclosing pack 'codeql/python-queries' at C:\Users\rafar\.codeql\packages\codeql\python-queries\1.8.9.
[2026-09-08 18:55:48] [DETAILS] resolve library-path> Adding compilation cache at C:\Users\rafar\.codeql\compile-cache.
[2026-09-08 18:55:48] [DETAILS] resolve library-path> Dbscheme was explicitly overridden as D:\Repositorios\VulnerableApp\none
[2026-09-08 18:55:48] [DETAILS] resolve library-path> Library path was overridden on command line.
[2026-09-08 18:55:48] Plumbing command codeql resolve library-path completed:
                      {
                        "libraryPath" : [
                          "D:\\Repositorios\\VulnerableApp\\none"
                        ],
                        "dbscheme" : "D:\\Repositorios\\VulnerableApp\\none",
                        "compilationCache" : [
                          "C:\\Users\\rafar\\.codeql\\compile-cache"
                        ],
                        "relativeName" : "codeql\\python-queries\\Security\\CWE-022\\PathInjection.ql",
                        "qlPackName" : "codeql/python-queries"
                      }
[2026-09-08 18:55:48] [DETAILS] database interpret-results>  ... found results file at D:\Repositorios\VulnerableApp\codeSql\results\codeql\python-queries\Security\CWE-022\PathInjection.bqrs.
[2026-09-08 18:55:48] [PROGRESS] database interpret-results> Interpreting C:\Users\rafar\.codeql\packages\codeql\python-queries\1.8.9\Security\CWE-074\TemplateInjection.ql...
[2026-09-08 18:55:48] Calling plumbing command: codeql resolve library-path --query=C:\Users\rafar\.codeql\packages\codeql\python-queries\1.8.9\Security\CWE-074\TemplateInjection.ql --full-library-path=none --dbscheme=none --format=json
[2026-09-08 18:55:48] [DETAILS] resolve library-path> Resolving query at normalized path C:\Users\rafar\.codeql\packages\codeql\python-queries\1.8.9\Security\CWE-074\TemplateInjection.ql.
[2026-09-08 18:55:48] [DETAILS] resolve library-path> Found enclosing pack 'codeql/python-queries' at C:\Users\rafar\.codeql\packages\codeql\python-queries\1.8.9.
[2026-09-08 18:55:48] [DETAILS] resolve library-path> Adding compilation cache at C:\Users\rafar\.codeql\compile-cache.
[2026-09-08 18:55:48] [DETAILS] resolve library-path> Dbscheme was explicitly overridden as D:\Repositorios\VulnerableApp\none
[2026-09-08 18:55:48] [DETAILS] resolve library-path> Library path was overridden on command line.
[2026-09-08 18:55:48] Plumbing command codeql resolve library-path completed:
                      {
                        "libraryPath" : [
                          "D:\\Repositorios\\VulnerableApp\\none"
                        ],
                        "dbscheme" : "D:\\Repositorios\\VulnerableApp\\none",
                        "compilationCache" : [
                          "C:\\Users\\rafar\\.codeql\\compile-cache"
                        ],
                        "relativeName" : "codeql\\python-queries\\Security\\CWE-074\\TemplateInjection.ql",
                        "qlPackName" : "codeql/python-queries"
                      }
[2026-09-08 18:55:48] [DETAILS] database interpret-results>  ... found results file at D:\Repositorios\VulnerableApp\codeSql\results\codeql\python-queries\Security\CWE-074\TemplateInjection.bqrs.
[2026-09-08 18:55:48] [PROGRESS] database interpret-results> Interpreting C:\Users\rafar\.codeql\packages\codeql\python-queries\1.8.9\Security\CWE-078\CommandInjection.ql...
[2026-09-08 18:55:48] Calling plumbing command: codeql resolve library-path --query=C:\Users\rafar\.codeql\packages\codeql\python-queries\1.8.9\Security\CWE-078\CommandInjection.ql --full-library-path=none --dbscheme=none --format=json
[2026-09-08 18:55:48] [DETAILS] resolve library-path> Resolving query at normalized path C:\Users\rafar\.codeql\packages\codeql\python-queries\1.8.9\Security\CWE-078\CommandInjection.ql.
[2026-09-08 18:55:48] [DETAILS] resolve library-path> Found enclosing pack 'codeql/python-queries' at C:\Users\rafar\.codeql\packages\codeql\python-queries\1.8.9.
[2026-09-08 18:55:48] [DETAILS] resolve library-path> Adding compilation cache at C:\Users\rafar\.codeql\compile-cache.
[2026-09-08 18:55:48] [DETAILS] resolve library-path> Dbscheme was explicitly overridden as D:\Repositorios\VulnerableApp\none
[2026-09-08 18:55:48] [DETAILS] resolve library-path> Library path was overridden on command line.
[2026-09-08 18:55:48] Plumbing command codeql resolve library-path completed:
                      {
                        "libraryPath" : [
                          "D:\\Repositorios\\VulnerableApp\\none"
                        ],
                        "dbscheme" : "D:\\Repositorios\\VulnerableApp\\none",
                        "compilationCache" : [
                          "C:\\Users\\rafar\\.codeql\\compile-cache"
                        ],
                        "relativeName" : "codeql\\python-queries\\Security\\CWE-078\\CommandInjection.ql",
                        "qlPackName" : "codeql/python-queries"
                      }
[2026-09-08 18:55:48] [DETAILS] database interpret-results>  ... found results file at D:\Repositorios\VulnerableApp\codeSql\results\codeql\python-queries\Security\CWE-078\CommandInjection.bqrs.
[2026-09-08 18:55:48] [PROGRESS] database interpret-results> Interpreting C:\Users\rafar\.codeql\packages\codeql\python-queries\1.8.9\Security\CWE-079\ReflectedXss.ql...
[2026-09-08 18:55:48] Calling plumbing command: codeql resolve library-path --query=C:\Users\rafar\.codeql\packages\codeql\python-queries\1.8.9\Security\CWE-079\ReflectedXss.ql --full-library-path=none --dbscheme=none --format=json
[2026-09-08 18:55:48] [DETAILS] resolve library-path> Resolving query at normalized path C:\Users\rafar\.codeql\packages\codeql\python-queries\1.8.9\Security\CWE-079\ReflectedXss.ql.
[2026-09-08 18:55:48] [DETAILS] resolve library-path> Found enclosing pack 'codeql/python-queries' at C:\Users\rafar\.codeql\packages\codeql\python-queries\1.8.9.
[2026-09-08 18:55:48] [DETAILS] resolve library-path> Adding compilation cache at C:\Users\rafar\.codeql\compile-cache.
[2026-09-08 18:55:48] [DETAILS] resolve library-path> Dbscheme was explicitly overridden as D:\Repositorios\VulnerableApp\none
[2026-09-08 18:55:48] [DETAILS] resolve library-path> Library path was overridden on command line.
[2026-09-08 18:55:48] Plumbing command codeql resolve library-path completed:
                      {
                        "libraryPath" : [
                          "D:\\Repositorios\\VulnerableApp\\none"
                        ],
                        "dbscheme" : "D:\\Repositorios\\VulnerableApp\\none",
                        "compilationCache" : [
                          "C:\\Users\\rafar\\.codeql\\compile-cache"
                        ],
                        "relativeName" : "codeql\\python-queries\\Security\\CWE-079\\ReflectedXss.ql",
                        "qlPackName" : "codeql/python-queries"
                      }
[2026-09-08 18:55:48] [DETAILS] database interpret-results>  ... found results file at D:\Repositorios\VulnerableApp\codeSql\results\codeql\python-queries\Security\CWE-079\ReflectedXss.bqrs.
[2026-09-08 18:55:48] [PROGRESS] database interpret-results> Interpreting C:\Users\rafar\.codeql\packages\codeql\python-queries\1.8.9\Security\CWE-089\SqlInjection.ql...
[2026-09-08 18:55:48] Calling plumbing command: codeql resolve library-path --query=C:\Users\rafar\.codeql\packages\codeql\python-queries\1.8.9\Security\CWE-089\SqlInjection.ql --full-library-path=none --dbscheme=none --format=json
[2026-09-08 18:55:48] [DETAILS] resolve library-path> Resolving query at normalized path C:\Users\rafar\.codeql\packages\codeql\python-queries\1.8.9\Security\CWE-089\SqlInjection.ql.
[2026-09-08 18:55:48] [DETAILS] resolve library-path> Found enclosing pack 'codeql/python-queries' at C:\Users\rafar\.codeql\packages\codeql\python-queries\1.8.9.
[2026-09-08 18:55:48] [DETAILS] resolve library-path> Adding compilation cache at C:\Users\rafar\.codeql\compile-cache.
[2026-09-08 18:55:48] [DETAILS] resolve library-path> Dbscheme was explicitly overridden as D:\Repositorios\VulnerableApp\none
[2026-09-08 18:55:48] [DETAILS] resolve library-path> Library path was overridden on command line.
[2026-09-08 18:55:48] Plumbing command codeql resolve library-path completed:
                      {
                        "libraryPath" : [
                          "D:\\Repositorios\\VulnerableApp\\none"
                        ],
                        "dbscheme" : "D:\\Repositorios\\VulnerableApp\\none",
                        "compilationCache" : [
                          "C:\\Users\\rafar\\.codeql\\compile-cache"
                        ],
                        "relativeName" : "codeql\\python-queries\\Security\\CWE-089\\SqlInjection.ql",
                        "qlPackName" : "codeql/python-queries"
                      }
[2026-09-08 18:55:48] [DETAILS] database interpret-results>  ... found results file at D:\Repositorios\VulnerableApp\codeSql\results\codeql\python-queries\Security\CWE-089\SqlInjection.bqrs.
[2026-09-08 18:55:48] [PROGRESS] database interpret-results> Interpreting C:\Users\rafar\.codeql\packages\codeql\python-queries\1.8.9\Security\CWE-090\LdapInjection.ql...
[2026-09-08 18:55:48] Calling plumbing command: codeql resolve library-path --query=C:\Users\rafar\.codeql\packages\codeql\python-queries\1.8.9\Security\CWE-090\LdapInjection.ql --full-library-path=none --dbscheme=none --format=json
[2026-09-08 18:55:48] [DETAILS] resolve library-path> Resolving query at normalized path C:\Users\rafar\.codeql\packages\codeql\python-queries\1.8.9\Security\CWE-090\LdapInjection.ql.
[2026-09-08 18:55:48] [DETAILS] resolve library-path> Found enclosing pack 'codeql/python-queries' at C:\Users\rafar\.codeql\packages\codeql\python-queries\1.8.9.
[2026-09-08 18:55:48] [DETAILS] resolve library-path> Adding compilation cache at C:\Users\rafar\.codeql\compile-cache.
[2026-09-08 18:55:48] [DETAILS] resolve library-path> Dbscheme was explicitly overridden as D:\Repositorios\VulnerableApp\none
[2026-09-08 18:55:48] [DETAILS] resolve library-path> Library path was overridden on command line.
[2026-09-08 18:55:48] Plumbing command codeql resolve library-path completed:
                      {
                        "libraryPath" : [
                          "D:\\Repositorios\\VulnerableApp\\none"
                        ],
                        "dbscheme" : "D:\\Repositorios\\VulnerableApp\\none",
                        "compilationCache" : [
                          "C:\\Users\\rafar\\.codeql\\compile-cache"
                        ],
                        "relativeName" : "codeql\\python-queries\\Security\\CWE-090\\LdapInjection.ql",
                        "qlPackName" : "codeql/python-queries"
                      }
[2026-09-08 18:55:48] [DETAILS] database interpret-results>  ... found results file at D:\Repositorios\VulnerableApp\codeSql\results\codeql\python-queries\Security\CWE-090\LdapInjection.bqrs.
[2026-09-08 18:55:48] [PROGRESS] database interpret-results> Interpreting C:\Users\rafar\.codeql\packages\codeql\python-queries\1.8.9\Security\CWE-094\CodeInjection.ql...
[2026-09-08 18:55:48] Calling plumbing command: codeql resolve library-path --query=C:\Users\rafar\.codeql\packages\codeql\python-queries\1.8.9\Security\CWE-094\CodeInjection.ql --full-library-path=none --dbscheme=none --format=json
[2026-09-08 18:55:48] [DETAILS] resolve library-path> Resolving query at normalized path C:\Users\rafar\.codeql\packages\codeql\python-queries\1.8.9\Security\CWE-094\CodeInjection.ql.
[2026-09-08 18:55:48] [DETAILS] resolve library-path> Found enclosing pack 'codeql/python-queries' at C:\Users\rafar\.codeql\packages\codeql\python-queries\1.8.9.
[2026-09-08 18:55:48] [DETAILS] resolve library-path> Adding compilation cache at C:\Users\rafar\.codeql\compile-cache.
[2026-09-08 18:55:48] [DETAILS] resolve library-path> Dbscheme was explicitly overridden as D:\Repositorios\VulnerableApp\none
[2026-09-08 18:55:48] [DETAILS] resolve library-path> Library path was overridden on command line.
[2026-09-08 18:55:48] Plumbing command codeql resolve library-path completed:
                      {
                        "libraryPath" : [
                          "D:\\Repositorios\\VulnerableApp\\none"
                        ],
                        "dbscheme" : "D:\\Repositorios\\VulnerableApp\\none",
                        "compilationCache" : [
                          "C:\\Users\\rafar\\.codeql\\compile-cache"
                        ],
                        "relativeName" : "codeql\\python-queries\\Security\\CWE-094\\CodeInjection.ql",
                        "qlPackName" : "codeql/python-queries"
                      }
[2026-09-08 18:55:48] [DETAILS] database interpret-results>  ... found results file at D:\Repositorios\VulnerableApp\codeSql\results\codeql\python-queries\Security\CWE-094\CodeInjection.bqrs.
[2026-09-08 18:55:48] [PROGRESS] database interpret-results> Interpreting C:\Users\rafar\.codeql\packages\codeql\python-queries\1.8.9\Security\CWE-1004\NonHttpOnlyCookie.ql...
[2026-09-08 18:55:48] Calling plumbing command: codeql resolve library-path --query=C:\Users\rafar\.codeql\packages\codeql\python-queries\1.8.9\Security\CWE-1004\NonHttpOnlyCookie.ql --full-library-path=none --dbscheme=none --format=json
[2026-09-08 18:55:48] [DETAILS] resolve library-path> Resolving query at normalized path C:\Users\rafar\.codeql\packages\codeql\python-queries\1.8.9\Security\CWE-1004\NonHttpOnlyCookie.ql.
[2026-09-08 18:55:48] [DETAILS] resolve library-path> Found enclosing pack 'codeql/python-queries' at C:\Users\rafar\.codeql\packages\codeql\python-queries\1.8.9.
[2026-09-08 18:55:48] [DETAILS] resolve library-path> Adding compilation cache at C:\Users\rafar\.codeql\compile-cache.
[2026-09-08 18:55:48] [DETAILS] resolve library-path> Dbscheme was explicitly overridden as D:\Repositorios\VulnerableApp\none
[2026-09-08 18:55:48] [DETAILS] resolve library-path> Library path was overridden on command line.
[2026-09-08 18:55:48] Plumbing command codeql resolve library-path completed:
                      {
                        "libraryPath" : [
                          "D:\\Repositorios\\VulnerableApp\\none"
                        ],
                        "dbscheme" : "D:\\Repositorios\\VulnerableApp\\none",
                        "compilationCache" : [
                          "C:\\Users\\rafar\\.codeql\\compile-cache"
                        ],
                        "relativeName" : "codeql\\python-queries\\Security\\CWE-1004\\NonHttpOnlyCookie.ql",
                        "qlPackName" : "codeql/python-queries"
                      }
[2026-09-08 18:55:48] [DETAILS] database interpret-results>  ... found results file at D:\Repositorios\VulnerableApp\codeSql\results\codeql\python-queries\Security\CWE-1004\NonHttpOnlyCookie.bqrs.
[2026-09-08 18:55:48] [PROGRESS] database interpret-results> Interpreting C:\Users\rafar\.codeql\packages\codeql\python-queries\1.8.9\Security\CWE-113\HeaderInjection.ql...
[2026-09-08 18:55:48] Calling plumbing command: codeql resolve library-path --query=C:\Users\rafar\.codeql\packages\codeql\python-queries\1.8.9\Security\CWE-113\HeaderInjection.ql --full-library-path=none --dbscheme=none --format=json
[2026-09-08 18:55:48] [DETAILS] resolve library-path> Resolving query at normalized path C:\Users\rafar\.codeql\packages\codeql\python-queries\1.8.9\Security\CWE-113\HeaderInjection.ql.
[2026-09-08 18:55:48] [DETAILS] resolve library-path> Found enclosing pack 'codeql/python-queries' at C:\Users\rafar\.codeql\packages\codeql\python-queries\1.8.9.
[2026-09-08 18:55:48] [DETAILS] resolve library-path> Adding compilation cache at C:\Users\rafar\.codeql\compile-cache.
[2026-09-08 18:55:48] [DETAILS] resolve library-path> Dbscheme was explicitly overridden as D:\Repositorios\VulnerableApp\none
[2026-09-08 18:55:48] [DETAILS] resolve library-path> Library path was overridden on command line.
[2026-09-08 18:55:48] Plumbing command codeql resolve library-path completed:
                      {
                        "libraryPath" : [
                          "D:\\Repositorios\\VulnerableApp\\none"
                        ],
                        "dbscheme" : "D:\\Repositorios\\VulnerableApp\\none",
                        "compilationCache" : [
                          "C:\\Users\\rafar\\.codeql\\compile-cache"
                        ],
                        "relativeName" : "codeql\\python-queries\\Security\\CWE-113\\HeaderInjection.ql",
                        "qlPackName" : "codeql/python-queries"
                      }
[2026-09-08 18:55:48] [DETAILS] database interpret-results>  ... found results file at D:\Repositorios\VulnerableApp\codeSql\results\codeql\python-queries\Security\CWE-113\HeaderInjection.bqrs.
[2026-09-08 18:55:48] [PROGRESS] database interpret-results> Interpreting C:\Users\rafar\.codeql\packages\codeql\python-queries\1.8.9\Security\CWE-116\BadTagFilter.ql...
[2026-09-08 18:55:48] Calling plumbing command: codeql resolve library-path --query=C:\Users\rafar\.codeql\packages\codeql\python-queries\1.8.9\Security\CWE-116\BadTagFilter.ql --full-library-path=none --dbscheme=none --format=json
[2026-09-08 18:55:48] [DETAILS] resolve library-path> Resolving query at normalized path C:\Users\rafar\.codeql\packages\codeql\python-queries\1.8.9\Security\CWE-116\BadTagFilter.ql.
[2026-09-08 18:55:48] [DETAILS] resolve library-path> Found enclosing pack 'codeql/python-queries' at C:\Users\rafar\.codeql\packages\codeql\python-queries\1.8.9.
[2026-09-08 18:55:48] [DETAILS] resolve library-path> Adding compilation cache at C:\Users\rafar\.codeql\compile-cache.
[2026-09-08 18:55:48] [DETAILS] resolve library-path> Dbscheme was explicitly overridden as D:\Repositorios\VulnerableApp\none
[2026-09-08 18:55:48] [DETAILS] resolve library-path> Library path was overridden on command line.
[2026-09-08 18:55:48] Plumbing command codeql resolve library-path completed:
                      {
                        "libraryPath" : [
                          "D:\\Repositorios\\VulnerableApp\\none"
                        ],
                        "dbscheme" : "D:\\Repositorios\\VulnerableApp\\none",
                        "compilationCache" : [
                          "C:\\Users\\rafar\\.codeql\\compile-cache"
                        ],
                        "relativeName" : "codeql\\python-queries\\Security\\CWE-116\\BadTagFilter.ql",
                        "qlPackName" : "codeql/python-queries"
                      }
[2026-09-08 18:55:48] [DETAILS] database interpret-results>  ... found results file at D:\Repositorios\VulnerableApp\codeSql\results\codeql\python-queries\Security\CWE-116\BadTagFilter.bqrs.
[2026-09-08 18:55:48] [PROGRESS] database interpret-results> Interpreting C:\Users\rafar\.codeql\packages\codeql\python-queries\1.8.9\Security\CWE-1275\SameSiteNoneCookie.ql...
[2026-09-08 18:55:48] Calling plumbing command: codeql resolve library-path --query=C:\Users\rafar\.codeql\packages\codeql\python-queries\1.8.9\Security\CWE-1275\SameSiteNoneCookie.ql --full-library-path=none --dbscheme=none --format=json
[2026-09-08 18:55:48] [DETAILS] resolve library-path> Resolving query at normalized path C:\Users\rafar\.codeql\packages\codeql\python-queries\1.8.9\Security\CWE-1275\SameSiteNoneCookie.ql.
[2026-09-08 18:55:48] [DETAILS] resolve library-path> Found enclosing pack 'codeql/python-queries' at C:\Users\rafar\.codeql\packages\codeql\python-queries\1.8.9.
[2026-09-08 18:55:48] [DETAILS] resolve library-path> Adding compilation cache at C:\Users\rafar\.codeql\compile-cache.
[2026-09-08 18:55:48] [DETAILS] resolve library-path> Dbscheme was explicitly overridden as D:\Repositorios\VulnerableApp\none
[2026-09-08 18:55:48] [DETAILS] resolve library-path> Library path was overridden on command line.
[2026-09-08 18:55:48] Plumbing command codeql resolve library-path completed:
                      {
                        "libraryPath" : [
                          "D:\\Repositorios\\VulnerableApp\\none"
                        ],
                        "dbscheme" : "D:\\Repositorios\\VulnerableApp\\none",
                        "compilationCache" : [
                          "C:\\Users\\rafar\\.codeql\\compile-cache"
                        ],
                        "relativeName" : "codeql\\python-queries\\Security\\CWE-1275\\SameSiteNoneCookie.ql",
                        "qlPackName" : "codeql/python-queries"
                      }
[2026-09-08 18:55:48] [DETAILS] database interpret-results>  ... found results file at D:\Repositorios\VulnerableApp\codeSql\results\codeql\python-queries\Security\CWE-1275\SameSiteNoneCookie.bqrs.
[2026-09-08 18:55:48] [PROGRESS] database interpret-results> Interpreting C:\Users\rafar\.codeql\packages\codeql\python-queries\1.8.9\Security\CWE-209\StackTraceExposure.ql...
[2026-09-08 18:55:48] Calling plumbing command: codeql resolve library-path --query=C:\Users\rafar\.codeql\packages\codeql\python-queries\1.8.9\Security\CWE-209\StackTraceExposure.ql --full-library-path=none --dbscheme=none --format=json
[2026-09-08 18:55:48] [DETAILS] resolve library-path> Resolving query at normalized path C:\Users\rafar\.codeql\packages\codeql\python-queries\1.8.9\Security\CWE-209\StackTraceExposure.ql.
[2026-09-08 18:55:48] [DETAILS] resolve library-path> Found enclosing pack 'codeql/python-queries' at C:\Users\rafar\.codeql\packages\codeql\python-queries\1.8.9.
[2026-09-08 18:55:48] [DETAILS] resolve library-path> Adding compilation cache at C:\Users\rafar\.codeql\compile-cache.
[2026-09-08 18:55:48] [DETAILS] resolve library-path> Dbscheme was explicitly overridden as D:\Repositorios\VulnerableApp\none
[2026-09-08 18:55:48] [DETAILS] resolve library-path> Library path was overridden on command line.
[2026-09-08 18:55:48] Plumbing command codeql resolve library-path completed:
                      {
                        "libraryPath" : [
                          "D:\\Repositorios\\VulnerableApp\\none"
                        ],
                        "dbscheme" : "D:\\Repositorios\\VulnerableApp\\none",
                        "compilationCache" : [
                          "C:\\Users\\rafar\\.codeql\\compile-cache"
                        ],
                        "relativeName" : "codeql\\python-queries\\Security\\CWE-209\\StackTraceExposure.ql",
                        "qlPackName" : "codeql/python-queries"
                      }
[2026-09-08 18:55:48] [DETAILS] database interpret-results>  ... found results file at D:\Repositorios\VulnerableApp\codeSql\results\codeql\python-queries\Security\CWE-209\StackTraceExposure.bqrs.
[2026-09-08 18:55:48] [PROGRESS] database interpret-results> Interpreting C:\Users\rafar\.codeql\packages\codeql\python-queries\1.8.9\Security\CWE-215\FlaskDebug.ql...
[2026-09-08 18:55:48] Calling plumbing command: codeql resolve library-path --query=C:\Users\rafar\.codeql\packages\codeql\python-queries\1.8.9\Security\CWE-215\FlaskDebug.ql --full-library-path=none --dbscheme=none --format=json
[2026-09-08 18:55:48] [DETAILS] resolve library-path> Resolving query at normalized path C:\Users\rafar\.codeql\packages\codeql\python-queries\1.8.9\Security\CWE-215\FlaskDebug.ql.
[2026-09-08 18:55:48] [DETAILS] resolve library-path> Found enclosing pack 'codeql/python-queries' at C:\Users\rafar\.codeql\packages\codeql\python-queries\1.8.9.
[2026-09-08 18:55:48] [DETAILS] resolve library-path> Adding compilation cache at C:\Users\rafar\.codeql\compile-cache.
[2026-09-08 18:55:48] [DETAILS] resolve library-path> Dbscheme was explicitly overridden as D:\Repositorios\VulnerableApp\none
[2026-09-08 18:55:48] [DETAILS] resolve library-path> Library path was overridden on command line.
[2026-09-08 18:55:48] Plumbing command codeql resolve library-path completed:
                      {
                        "libraryPath" : [
                          "D:\\Repositorios\\VulnerableApp\\none"
                        ],
                        "dbscheme" : "D:\\Repositorios\\VulnerableApp\\none",
                        "compilationCache" : [
                          "C:\\Users\\rafar\\.codeql\\compile-cache"
                        ],
                        "relativeName" : "codeql\\python-queries\\Security\\CWE-215\\FlaskDebug.ql",
                        "qlPackName" : "codeql/python-queries"
                      }
[2026-09-08 18:55:48] [DETAILS] database interpret-results>  ... found results file at D:\Repositorios\VulnerableApp\codeSql\results\codeql\python-queries\Security\CWE-215\FlaskDebug.bqrs.
[2026-09-08 18:55:48] [PROGRESS] database interpret-results> Interpreting C:\Users\rafar\.codeql\packages\codeql\python-queries\1.8.9\Security\CWE-285\PamAuthorization.ql...
[2026-09-08 18:55:48] Calling plumbing command: codeql resolve library-path --query=C:\Users\rafar\.codeql\packages\codeql\python-queries\1.8.9\Security\CWE-285\PamAuthorization.ql --full-library-path=none --dbscheme=none --format=json
[2026-09-08 18:55:48] [DETAILS] resolve library-path> Resolving query at normalized path C:\Users\rafar\.codeql\packages\codeql\python-queries\1.8.9\Security\CWE-285\PamAuthorization.ql.
[2026-09-08 18:55:48] [DETAILS] resolve library-path> Found enclosing pack 'codeql/python-queries' at C:\Users\rafar\.codeql\packages\codeql\python-queries\1.8.9.
[2026-09-08 18:55:48] [DETAILS] resolve library-path> Adding compilation cache at C:\Users\rafar\.codeql\compile-cache.
[2026-09-08 18:55:48] [DETAILS] resolve library-path> Dbscheme was explicitly overridden as D:\Repositorios\VulnerableApp\none
[2026-09-08 18:55:48] [DETAILS] resolve library-path> Library path was overridden on command line.
[2026-09-08 18:55:48] Plumbing command codeql resolve library-path completed:
                      {
                        "libraryPath" : [
                          "D:\\Repositorios\\VulnerableApp\\none"
                        ],
                        "dbscheme" : "D:\\Repositorios\\VulnerableApp\\none",
                        "compilationCache" : [
                          "C:\\Users\\rafar\\.codeql\\compile-cache"
                        ],
                        "relativeName" : "codeql\\python-queries\\Security\\CWE-285\\PamAuthorization.ql",
                        "qlPackName" : "codeql/python-queries"
                      }
[2026-09-08 18:55:48] [DETAILS] database interpret-results>  ... found results file at D:\Repositorios\VulnerableApp\codeSql\results\codeql\python-queries\Security\CWE-285\PamAuthorization.bqrs.
[2026-09-08 18:55:48] [PROGRESS] database interpret-results> Interpreting C:\Users\rafar\.codeql\packages\codeql\python-queries\1.8.9\Security\CWE-295\MissingHostKeyValidation.ql...
[2026-09-08 18:55:48] Calling plumbing command: codeql resolve library-path --query=C:\Users\rafar\.codeql\packages\codeql\python-queries\1.8.9\Security\CWE-295\MissingHostKeyValidation.ql --full-library-path=none --dbscheme=none --format=json
[2026-09-08 18:55:48] [DETAILS] resolve library-path> Resolving query at normalized path C:\Users\rafar\.codeql\packages\codeql\python-queries\1.8.9\Security\CWE-295\MissingHostKeyValidation.ql.
[2026-09-08 18:55:48] [DETAILS] resolve library-path> Found enclosing pack 'codeql/python-queries' at C:\Users\rafar\.codeql\packages\codeql\python-queries\1.8.9.
[2026-09-08 18:55:48] [DETAILS] resolve library-path> Adding compilation cache at C:\Users\rafar\.codeql\compile-cache.
[2026-09-08 18:55:48] [DETAILS] resolve library-path> Dbscheme was explicitly overridden as D:\Repositorios\VulnerableApp\none
[2026-09-08 18:55:48] [DETAILS] resolve library-path> Library path was overridden on command line.
[2026-09-08 18:55:48] Plumbing command codeql resolve library-path completed:
                      {
                        "libraryPath" : [
                          "D:\\Repositorios\\VulnerableApp\\none"
                        ],
                        "dbscheme" : "D:\\Repositorios\\VulnerableApp\\none",
                        "compilationCache" : [
                          "C:\\Users\\rafar\\.codeql\\compile-cache"
                        ],
                        "relativeName" : "codeql\\python-queries\\Security\\CWE-295\\MissingHostKeyValidation.ql",
                        "qlPackName" : "codeql/python-queries"
                      }
[2026-09-08 18:55:48] [DETAILS] database interpret-results>  ... found results file at D:\Repositorios\VulnerableApp\codeSql\results\codeql\python-queries\Security\CWE-295\MissingHostKeyValidation.bqrs.
[2026-09-08 18:55:48] [PROGRESS] database interpret-results> Interpreting C:\Users\rafar\.codeql\packages\codeql\python-queries\1.8.9\Security\CWE-312\CleartextLogging.ql...
[2026-09-08 18:55:48] Calling plumbing command: codeql resolve library-path --query=C:\Users\rafar\.codeql\packages\codeql\python-queries\1.8.9\Security\CWE-312\CleartextLogging.ql --full-library-path=none --dbscheme=none --format=json
[2026-09-08 18:55:48] [DETAILS] resolve library-path> Resolving query at normalized path C:\Users\rafar\.codeql\packages\codeql\python-queries\1.8.9\Security\CWE-312\CleartextLogging.ql.
[2026-09-08 18:55:48] [DETAILS] resolve library-path> Found enclosing pack 'codeql/python-queries' at C:\Users\rafar\.codeql\packages\codeql\python-queries\1.8.9.
[2026-09-08 18:55:48] [DETAILS] resolve library-path> Adding compilation cache at C:\Users\rafar\.codeql\compile-cache.
[2026-09-08 18:55:48] [DETAILS] resolve library-path> Dbscheme was explicitly overridden as D:\Repositorios\VulnerableApp\none
[2026-09-08 18:55:48] [DETAILS] resolve library-path> Library path was overridden on command line.
[2026-09-08 18:55:48] Plumbing command codeql resolve library-path completed:
                      {
                        "libraryPath" : [
                          "D:\\Repositorios\\VulnerableApp\\none"
                        ],
                        "dbscheme" : "D:\\Repositorios\\VulnerableApp\\none",
                        "compilationCache" : [
                          "C:\\Users\\rafar\\.codeql\\compile-cache"
                        ],
                        "relativeName" : "codeql\\python-queries\\Security\\CWE-312\\CleartextLogging.ql",
                        "qlPackName" : "codeql/python-queries"
                      }
[2026-09-08 18:55:48] [DETAILS] database interpret-results>  ... found results file at D:\Repositorios\VulnerableApp\codeSql\results\codeql\python-queries\Security\CWE-312\CleartextLogging.bqrs.
[2026-09-08 18:55:48] [PROGRESS] database interpret-results> Interpreting C:\Users\rafar\.codeql\packages\codeql\python-queries\1.8.9\Security\CWE-312\CleartextStorage.ql...
[2026-09-08 18:55:48] Calling plumbing command: codeql resolve library-path --query=C:\Users\rafar\.codeql\packages\codeql\python-queries\1.8.9\Security\CWE-312\CleartextStorage.ql --full-library-path=none --dbscheme=none --format=json
[2026-09-08 18:55:48] [DETAILS] resolve library-path> Resolving query at normalized path C:\Users\rafar\.codeql\packages\codeql\python-queries\1.8.9\Security\CWE-312\CleartextStorage.ql.
[2026-09-08 18:55:48] [DETAILS] resolve library-path> Found enclosing pack 'codeql/python-queries' at C:\Users\rafar\.codeql\packages\codeql\python-queries\1.8.9.
[2026-09-08 18:55:48] [DETAILS] resolve library-path> Adding compilation cache at C:\Users\rafar\.codeql\compile-cache.
[2026-09-08 18:55:48] [DETAILS] resolve library-path> Dbscheme was explicitly overridden as D:\Repositorios\VulnerableApp\none
[2026-09-08 18:55:48] [DETAILS] resolve library-path> Library path was overridden on command line.
[2026-09-08 18:55:48] Plumbing command codeql resolve library-path completed:
                      {
                        "libraryPath" : [
                          "D:\\Repositorios\\VulnerableApp\\none"
                        ],
                        "dbscheme" : "D:\\Repositorios\\VulnerableApp\\none",
                        "compilationCache" : [
                          "C:\\Users\\rafar\\.codeql\\compile-cache"
                        ],
                        "relativeName" : "codeql\\python-queries\\Security\\CWE-312\\CleartextStorage.ql",
                        "qlPackName" : "codeql/python-queries"
                      }
[2026-09-08 18:55:48] [DETAILS] database interpret-results>  ... found results file at D:\Repositorios\VulnerableApp\codeSql\results\codeql\python-queries\Security\CWE-312\CleartextStorage.bqrs.
[2026-09-08 18:55:48] [PROGRESS] database interpret-results> Interpreting C:\Users\rafar\.codeql\packages\codeql\python-queries\1.8.9\Security\CWE-326\WeakCryptoKey.ql...
[2026-09-08 18:55:48] Calling plumbing command: codeql resolve library-path --query=C:\Users\rafar\.codeql\packages\codeql\python-queries\1.8.9\Security\CWE-326\WeakCryptoKey.ql --full-library-path=none --dbscheme=none --format=json
[2026-09-08 18:55:48] [DETAILS] resolve library-path> Resolving query at normalized path C:\Users\rafar\.codeql\packages\codeql\python-queries\1.8.9\Security\CWE-326\WeakCryptoKey.ql.
[2026-09-08 18:55:48] [DETAILS] resolve library-path> Found enclosing pack 'codeql/python-queries' at C:\Users\rafar\.codeql\packages\codeql\python-queries\1.8.9.
[2026-09-08 18:55:48] [DETAILS] resolve library-path> Adding compilation cache at C:\Users\rafar\.codeql\compile-cache.
[2026-09-08 18:55:48] [DETAILS] resolve library-path> Dbscheme was explicitly overridden as D:\Repositorios\VulnerableApp\none
[2026-09-08 18:55:48] [DETAILS] resolve library-path> Library path was overridden on command line.
[2026-09-08 18:55:48] Plumbing command codeql resolve library-path completed:
                      {
                        "libraryPath" : [
                          "D:\\Repositorios\\VulnerableApp\\none"
                        ],
                        "dbscheme" : "D:\\Repositorios\\VulnerableApp\\none",
                        "compilationCache" : [
                          "C:\\Users\\rafar\\.codeql\\compile-cache"
                        ],
                        "relativeName" : "codeql\\python-queries\\Security\\CWE-326\\WeakCryptoKey.ql",
                        "qlPackName" : "codeql/python-queries"
                      }
[2026-09-08 18:55:48] [DETAILS] database interpret-results>  ... found results file at D:\Repositorios\VulnerableApp\codeSql\results\codeql\python-queries\Security\CWE-326\WeakCryptoKey.bqrs.
[2026-09-08 18:55:48] [PROGRESS] database interpret-results> Interpreting C:\Users\rafar\.codeql\packages\codeql\python-queries\1.8.9\Security\CWE-327\BrokenCryptoAlgorithm.ql...
[2026-09-08 18:55:48] Calling plumbing command: codeql resolve library-path --query=C:\Users\rafar\.codeql\packages\codeql\python-queries\1.8.9\Security\CWE-327\BrokenCryptoAlgorithm.ql --full-library-path=none --dbscheme=none --format=json
[2026-09-08 18:55:48] [DETAILS] resolve library-path> Resolving query at normalized path C:\Users\rafar\.codeql\packages\codeql\python-queries\1.8.9\Security\CWE-327\BrokenCryptoAlgorithm.ql.
[2026-09-08 18:55:48] [DETAILS] resolve library-path> Found enclosing pack 'codeql/python-queries' at C:\Users\rafar\.codeql\packages\codeql\python-queries\1.8.9.
[2026-09-08 18:55:48] [DETAILS] resolve library-path> Adding compilation cache at C:\Users\rafar\.codeql\compile-cache.
[2026-09-08 18:55:48] [DETAILS] resolve library-path> Dbscheme was explicitly overridden as D:\Repositorios\VulnerableApp\none
[2026-09-08 18:55:48] [DETAILS] resolve library-path> Library path was overridden on command line.
[2026-09-08 18:55:48] Plumbing command codeql resolve library-path completed:
                      {
                        "libraryPath" : [
                          "D:\\Repositorios\\VulnerableApp\\none"
                        ],
                        "dbscheme" : "D:\\Repositorios\\VulnerableApp\\none",
                        "compilationCache" : [
                          "C:\\Users\\rafar\\.codeql\\compile-cache"
                        ],
                        "relativeName" : "codeql\\python-queries\\Security\\CWE-327\\BrokenCryptoAlgorithm.ql",
                        "qlPackName" : "codeql/python-queries"
                      }
[2026-09-08 18:55:48] [DETAILS] database interpret-results>  ... found results file at D:\Repositorios\VulnerableApp\codeSql\results\codeql\python-queries\Security\CWE-327\BrokenCryptoAlgorithm.bqrs.
[2026-09-08 18:55:48] [PROGRESS] database interpret-results> Interpreting C:\Users\rafar\.codeql\packages\codeql\python-queries\1.8.9\Security\CWE-327\InsecureDefaultProtocol.ql...
[2026-09-08 18:55:48] Calling plumbing command: codeql resolve library-path --query=C:\Users\rafar\.codeql\packages\codeql\python-queries\1.8.9\Security\CWE-327\InsecureDefaultProtocol.ql --full-library-path=none --dbscheme=none --format=json
[2026-09-08 18:55:48] [DETAILS] resolve library-path> Resolving query at normalized path C:\Users\rafar\.codeql\packages\codeql\python-queries\1.8.9\Security\CWE-327\InsecureDefaultProtocol.ql.
[2026-09-08 18:55:48] [DETAILS] resolve library-path> Found enclosing pack 'codeql/python-queries' at C:\Users\rafar\.codeql\packages\codeql\python-queries\1.8.9.
[2026-09-08 18:55:48] [DETAILS] resolve library-path> Adding compilation cache at C:\Users\rafar\.codeql\compile-cache.
[2026-09-08 18:55:48] [DETAILS] resolve library-path> Dbscheme was explicitly overridden as D:\Repositorios\VulnerableApp\none
[2026-09-08 18:55:48] [DETAILS] resolve library-path> Library path was overridden on command line.
[2026-09-08 18:55:48] Plumbing command codeql resolve library-path completed:
                      {
                        "libraryPath" : [
                          "D:\\Repositorios\\VulnerableApp\\none"
                        ],
                        "dbscheme" : "D:\\Repositorios\\VulnerableApp\\none",
                        "compilationCache" : [
                          "C:\\Users\\rafar\\.codeql\\compile-cache"
                        ],
                        "relativeName" : "codeql\\python-queries\\Security\\CWE-327\\InsecureDefaultProtocol.ql",
                        "qlPackName" : "codeql/python-queries"
                      }
[2026-09-08 18:55:48] [DETAILS] database interpret-results>  ... found results file at D:\Repositorios\VulnerableApp\codeSql\results\codeql\python-queries\Security\CWE-327\InsecureDefaultProtocol.bqrs.
[2026-09-08 18:55:48] [PROGRESS] database interpret-results> Interpreting C:\Users\rafar\.codeql\packages\codeql\python-queries\1.8.9\Security\CWE-327\InsecureProtocol.ql...
[2026-09-08 18:55:48] Calling plumbing command: codeql resolve library-path --query=C:\Users\rafar\.codeql\packages\codeql\python-queries\1.8.9\Security\CWE-327\InsecureProtocol.ql --full-library-path=none --dbscheme=none --format=json
[2026-09-08 18:55:48] [DETAILS] resolve library-path> Resolving query at normalized path C:\Users\rafar\.codeql\packages\codeql\python-queries\1.8.9\Security\CWE-327\InsecureProtocol.ql.
[2026-09-08 18:55:48] [DETAILS] resolve library-path> Found enclosing pack 'codeql/python-queries' at C:\Users\rafar\.codeql\packages\codeql\python-queries\1.8.9.
[2026-09-08 18:55:48] [DETAILS] resolve library-path> Adding compilation cache at C:\Users\rafar\.codeql\compile-cache.
[2026-09-08 18:55:48] [DETAILS] resolve library-path> Dbscheme was explicitly overridden as D:\Repositorios\VulnerableApp\none
[2026-09-08 18:55:48] [DETAILS] resolve library-path> Library path was overridden on command line.
[2026-09-08 18:55:48] Plumbing command codeql resolve library-path completed:
                      {
                        "libraryPath" : [
                          "D:\\Repositorios\\VulnerableApp\\none"
                        ],
                        "dbscheme" : "D:\\Repositorios\\VulnerableApp\\none",
                        "compilationCache" : [
                          "C:\\Users\\rafar\\.codeql\\compile-cache"
                        ],
                        "relativeName" : "codeql\\python-queries\\Security\\CWE-327\\InsecureProtocol.ql",
                        "qlPackName" : "codeql/python-queries"
                      }
[2026-09-08 18:55:48] [DETAILS] database interpret-results>  ... found results file at D:\Repositorios\VulnerableApp\codeSql\results\codeql\python-queries\Security\CWE-327\InsecureProtocol.bqrs.
[2026-09-08 18:55:48] [PROGRESS] database interpret-results> Interpreting C:\Users\rafar\.codeql\packages\codeql\python-queries\1.8.9\Security\CWE-327\WeakSensitiveDataHashing.ql...
[2026-09-08 18:55:48] Calling plumbing command: codeql resolve library-path --query=C:\Users\rafar\.codeql\packages\codeql\python-queries\1.8.9\Security\CWE-327\WeakSensitiveDataHashing.ql --full-library-path=none --dbscheme=none --format=json
[2026-09-08 18:55:48] [DETAILS] resolve library-path> Resolving query at normalized path C:\Users\rafar\.codeql\packages\codeql\python-queries\1.8.9\Security\CWE-327\WeakSensitiveDataHashing.ql.
[2026-09-08 18:55:48] [DETAILS] resolve library-path> Found enclosing pack 'codeql/python-queries' at C:\Users\rafar\.codeql\packages\codeql\python-queries\1.8.9.
[2026-09-08 18:55:48] [DETAILS] resolve library-path> Adding compilation cache at C:\Users\rafar\.codeql\compile-cache.
[2026-09-08 18:55:48] [DETAILS] resolve library-path> Dbscheme was explicitly overridden as D:\Repositorios\VulnerableApp\none
[2026-09-08 18:55:48] [DETAILS] resolve library-path> Library path was overridden on command line.
[2026-09-08 18:55:48] Plumbing command codeql resolve library-path completed:
                      {
                        "libraryPath" : [
                          "D:\\Repositorios\\VulnerableApp\\none"
                        ],
                        "dbscheme" : "D:\\Repositorios\\VulnerableApp\\none",
                        "compilationCache" : [
                          "C:\\Users\\rafar\\.codeql\\compile-cache"
                        ],
                        "relativeName" : "codeql\\python-queries\\Security\\CWE-327\\WeakSensitiveDataHashing.ql",
                        "qlPackName" : "codeql/python-queries"
                      }
[2026-09-08 18:55:48] [DETAILS] database interpret-results>  ... found results file at D:\Repositorios\VulnerableApp\codeSql\results\codeql\python-queries\Security\CWE-327\WeakSensitiveDataHashing.bqrs.
[2026-09-08 18:55:48] [PROGRESS] database interpret-results> Interpreting C:\Users\rafar\.codeql\packages\codeql\python-queries\1.8.9\Security\CWE-352\CSRFProtectionDisabled.ql...
[2026-09-08 18:55:48] Calling plumbing command: codeql resolve library-path --query=C:\Users\rafar\.codeql\packages\codeql\python-queries\1.8.9\Security\CWE-352\CSRFProtectionDisabled.ql --full-library-path=none --dbscheme=none --format=json
[2026-09-08 18:55:48] [DETAILS] resolve library-path> Resolving query at normalized path C:\Users\rafar\.codeql\packages\codeql\python-queries\1.8.9\Security\CWE-352\CSRFProtectionDisabled.ql.
[2026-09-08 18:55:48] [DETAILS] resolve library-path> Found enclosing pack 'codeql/python-queries' at C:\Users\rafar\.codeql\packages\codeql\python-queries\1.8.9.
[2026-09-08 18:55:48] [DETAILS] resolve library-path> Adding compilation cache at C:\Users\rafar\.codeql\compile-cache.
[2026-09-08 18:55:48] [DETAILS] resolve library-path> Dbscheme was explicitly overridden as D:\Repositorios\VulnerableApp\none
[2026-09-08 18:55:48] [DETAILS] resolve library-path> Library path was overridden on command line.
[2026-09-08 18:55:48] Plumbing command codeql resolve library-path completed:
                      {
                        "libraryPath" : [
                          "D:\\Repositorios\\VulnerableApp\\none"
                        ],
                        "dbscheme" : "D:\\Repositorios\\VulnerableApp\\none",
                        "compilationCache" : [
                          "C:\\Users\\rafar\\.codeql\\compile-cache"
                        ],
                        "relativeName" : "codeql\\python-queries\\Security\\CWE-352\\CSRFProtectionDisabled.ql",
                        "qlPackName" : "codeql/python-queries"
                      }
[2026-09-08 18:55:48] [DETAILS] database interpret-results>  ... found results file at D:\Repositorios\VulnerableApp\codeSql\results\codeql\python-queries\Security\CWE-352\CSRFProtectionDisabled.bqrs.
[2026-09-08 18:55:48] [PROGRESS] database interpret-results> Interpreting C:\Users\rafar\.codeql\packages\codeql\python-queries\1.8.9\Security\CWE-377\InsecureTemporaryFile.ql...
[2026-09-08 18:55:48] Calling plumbing command: codeql resolve library-path --query=C:\Users\rafar\.codeql\packages\codeql\python-queries\1.8.9\Security\CWE-377\InsecureTemporaryFile.ql --full-library-path=none --dbscheme=none --format=json
[2026-09-08 18:55:48] [DETAILS] resolve library-path> Resolving query at normalized path C:\Users\rafar\.codeql\packages\codeql\python-queries\1.8.9\Security\CWE-377\InsecureTemporaryFile.ql.
[2026-09-08 18:55:48] [DETAILS] resolve library-path> Found enclosing pack 'codeql/python-queries' at C:\Users\rafar\.codeql\packages\codeql\python-queries\1.8.9.
[2026-09-08 18:55:48] [DETAILS] resolve library-path> Adding compilation cache at C:\Users\rafar\.codeql\compile-cache.
[2026-09-08 18:55:48] [DETAILS] resolve library-path> Dbscheme was explicitly overridden as D:\Repositorios\VulnerableApp\none
[2026-09-08 18:55:48] [DETAILS] resolve library-path> Library path was overridden on command line.
[2026-09-08 18:55:48] Plumbing command codeql resolve library-path completed:
                      {
                        "libraryPath" : [
                          "D:\\Repositorios\\VulnerableApp\\none"
                        ],
                        "dbscheme" : "D:\\Repositorios\\VulnerableApp\\none",
                        "compilationCache" : [
                          "C:\\Users\\rafar\\.codeql\\compile-cache"
                        ],
                        "relativeName" : "codeql\\python-queries\\Security\\CWE-377\\InsecureTemporaryFile.ql",
                        "qlPackName" : "codeql/python-queries"
                      }
[2026-09-08 18:55:48] [DETAILS] database interpret-results>  ... found results file at D:\Repositorios\VulnerableApp\codeSql\results\codeql\python-queries\Security\CWE-377\InsecureTemporaryFile.bqrs.
[2026-09-08 18:55:48] [PROGRESS] database interpret-results> Interpreting C:\Users\rafar\.codeql\packages\codeql\python-queries\1.8.9\Security\CWE-502\UnsafeDeserialization.ql...
[2026-09-08 18:55:48] Calling plumbing command: codeql resolve library-path --query=C:\Users\rafar\.codeql\packages\codeql\python-queries\1.8.9\Security\CWE-502\UnsafeDeserialization.ql --full-library-path=none --dbscheme=none --format=json
[2026-09-08 18:55:48] [DETAILS] resolve library-path> Resolving query at normalized path C:\Users\rafar\.codeql\packages\codeql\python-queries\1.8.9\Security\CWE-502\UnsafeDeserialization.ql.
[2026-09-08 18:55:48] [DETAILS] resolve library-path> Found enclosing pack 'codeql/python-queries' at C:\Users\rafar\.codeql\packages\codeql\python-queries\1.8.9.
[2026-09-08 18:55:48] [DETAILS] resolve library-path> Adding compilation cache at C:\Users\rafar\.codeql\compile-cache.
[2026-09-08 18:55:48] [DETAILS] resolve library-path> Dbscheme was explicitly overridden as D:\Repositorios\VulnerableApp\none
[2026-09-08 18:55:48] [DETAILS] resolve library-path> Library path was overridden on command line.
[2026-09-08 18:55:48] Plumbing command codeql resolve library-path completed:
                      {
                        "libraryPath" : [
                          "D:\\Repositorios\\VulnerableApp\\none"
                        ],
                        "dbscheme" : "D:\\Repositorios\\VulnerableApp\\none",
                        "compilationCache" : [
                          "C:\\Users\\rafar\\.codeql\\compile-cache"
                        ],
                        "relativeName" : "codeql\\python-queries\\Security\\CWE-502\\UnsafeDeserialization.ql",
                        "qlPackName" : "codeql/python-queries"
                      }
[2026-09-08 18:55:48] [DETAILS] database interpret-results>  ... found results file at D:\Repositorios\VulnerableApp\codeSql\results\codeql\python-queries\Security\CWE-502\UnsafeDeserialization.bqrs.
[2026-09-08 18:55:48] [PROGRESS] database interpret-results> Interpreting C:\Users\rafar\.codeql\packages\codeql\python-queries\1.8.9\Security\CWE-601\UrlRedirect.ql...
[2026-09-08 18:55:48] Calling plumbing command: codeql resolve library-path --query=C:\Users\rafar\.codeql\packages\codeql\python-queries\1.8.9\Security\CWE-601\UrlRedirect.ql --full-library-path=none --dbscheme=none --format=json
[2026-09-08 18:55:48] [DETAILS] resolve library-path> Resolving query at normalized path C:\Users\rafar\.codeql\packages\codeql\python-queries\1.8.9\Security\CWE-601\UrlRedirect.ql.
[2026-09-08 18:55:48] [DETAILS] resolve library-path> Found enclosing pack 'codeql/python-queries' at C:\Users\rafar\.codeql\packages\codeql\python-queries\1.8.9.
[2026-09-08 18:55:48] [DETAILS] resolve library-path> Adding compilation cache at C:\Users\rafar\.codeql\compile-cache.
[2026-09-08 18:55:48] [DETAILS] resolve library-path> Dbscheme was explicitly overridden as D:\Repositorios\VulnerableApp\none
[2026-09-08 18:55:48] [DETAILS] resolve library-path> Library path was overridden on command line.
[2026-09-08 18:55:48] Plumbing command codeql resolve library-path completed:
                      {
                        "libraryPath" : [
                          "D:\\Repositorios\\VulnerableApp\\none"
                        ],
                        "dbscheme" : "D:\\Repositorios\\VulnerableApp\\none",
                        "compilationCache" : [
                          "C:\\Users\\rafar\\.codeql\\compile-cache"
                        ],
                        "relativeName" : "codeql\\python-queries\\Security\\CWE-601\\UrlRedirect.ql",
                        "qlPackName" : "codeql/python-queries"
                      }
[2026-09-08 18:55:48] [DETAILS] database interpret-results>  ... found results file at D:\Repositorios\VulnerableApp\codeSql\results\codeql\python-queries\Security\CWE-601\UrlRedirect.bqrs.
[2026-09-08 18:55:48] [PROGRESS] database interpret-results> Interpreting C:\Users\rafar\.codeql\packages\codeql\python-queries\1.8.9\Security\CWE-611\Xxe.ql...
[2026-09-08 18:55:48] Calling plumbing command: codeql resolve library-path --query=C:\Users\rafar\.codeql\packages\codeql\python-queries\1.8.9\Security\CWE-611\Xxe.ql --full-library-path=none --dbscheme=none --format=json
[2026-09-08 18:55:48] [DETAILS] resolve library-path> Resolving query at normalized path C:\Users\rafar\.codeql\packages\codeql\python-queries\1.8.9\Security\CWE-611\Xxe.ql.
[2026-09-08 18:55:48] [DETAILS] resolve library-path> Found enclosing pack 'codeql/python-queries' at C:\Users\rafar\.codeql\packages\codeql\python-queries\1.8.9.
[2026-09-08 18:55:48] [DETAILS] resolve library-path> Adding compilation cache at C:\Users\rafar\.codeql\compile-cache.
[2026-09-08 18:55:48] [DETAILS] resolve library-path> Dbscheme was explicitly overridden as D:\Repositorios\VulnerableApp\none
[2026-09-08 18:55:48] [DETAILS] resolve library-path> Library path was overridden on command line.
[2026-09-08 18:55:48] Plumbing command codeql resolve library-path completed:
                      {
                        "libraryPath" : [
                          "D:\\Repositorios\\VulnerableApp\\none"
                        ],
                        "dbscheme" : "D:\\Repositorios\\VulnerableApp\\none",
                        "compilationCache" : [
                          "C:\\Users\\rafar\\.codeql\\compile-cache"
                        ],
                        "relativeName" : "codeql\\python-queries\\Security\\CWE-611\\Xxe.ql",
                        "qlPackName" : "codeql/python-queries"
                      }
[2026-09-08 18:55:48] [DETAILS] database interpret-results>  ... found results file at D:\Repositorios\VulnerableApp\codeSql\results\codeql\python-queries\Security\CWE-611\Xxe.bqrs.
[2026-09-08 18:55:48] [PROGRESS] database interpret-results> Interpreting C:\Users\rafar\.codeql\packages\codeql\python-queries\1.8.9\Security\CWE-614\InsecureCookie.ql...
[2026-09-08 18:55:48] Calling plumbing command: codeql resolve library-path --query=C:\Users\rafar\.codeql\packages\codeql\python-queries\1.8.9\Security\CWE-614\InsecureCookie.ql --full-library-path=none --dbscheme=none --format=json
[2026-09-08 18:55:48] [DETAILS] resolve library-path> Resolving query at normalized path C:\Users\rafar\.codeql\packages\codeql\python-queries\1.8.9\Security\CWE-614\InsecureCookie.ql.
[2026-09-08 18:55:48] [DETAILS] resolve library-path> Found enclosing pack 'codeql/python-queries' at C:\Users\rafar\.codeql\packages\codeql\python-queries\1.8.9.
[2026-09-08 18:55:48] [DETAILS] resolve library-path> Adding compilation cache at C:\Users\rafar\.codeql\compile-cache.
[2026-09-08 18:55:48] [DETAILS] resolve library-path> Dbscheme was explicitly overridden as D:\Repositorios\VulnerableApp\none
[2026-09-08 18:55:48] [DETAILS] resolve library-path> Library path was overridden on command line.
[2026-09-08 18:55:48] Plumbing command codeql resolve library-path completed:
                      {
                        "libraryPath" : [
                          "D:\\Repositorios\\VulnerableApp\\none"
                        ],
                        "dbscheme" : "D:\\Repositorios\\VulnerableApp\\none",
                        "compilationCache" : [
                          "C:\\Users\\rafar\\.codeql\\compile-cache"
                        ],
                        "relativeName" : "codeql\\python-queries\\Security\\CWE-614\\InsecureCookie.ql",
                        "qlPackName" : "codeql/python-queries"
                      }
[2026-09-08 18:55:48] [DETAILS] database interpret-results>  ... found results file at D:\Repositorios\VulnerableApp\codeSql\results\codeql\python-queries\Security\CWE-614\InsecureCookie.bqrs.
[2026-09-08 18:55:48] [PROGRESS] database interpret-results> Interpreting C:\Users\rafar\.codeql\packages\codeql\python-queries\1.8.9\Security\CWE-643\XpathInjection.ql...
[2026-09-08 18:55:48] Calling plumbing command: codeql resolve library-path --query=C:\Users\rafar\.codeql\packages\codeql\python-queries\1.8.9\Security\CWE-643\XpathInjection.ql --full-library-path=none --dbscheme=none --format=json
[2026-09-08 18:55:48] [DETAILS] resolve library-path> Resolving query at normalized path C:\Users\rafar\.codeql\packages\codeql\python-queries\1.8.9\Security\CWE-643\XpathInjection.ql.
[2026-09-08 18:55:48] [DETAILS] resolve library-path> Found enclosing pack 'codeql/python-queries' at C:\Users\rafar\.codeql\packages\codeql\python-queries\1.8.9.
[2026-09-08 18:55:48] [DETAILS] resolve library-path> Adding compilation cache at C:\Users\rafar\.codeql\compile-cache.
[2026-09-08 18:55:48] [DETAILS] resolve library-path> Dbscheme was explicitly overridden as D:\Repositorios\VulnerableApp\none
[2026-09-08 18:55:48] [DETAILS] resolve library-path> Library path was overridden on command line.
[2026-09-08 18:55:48] Plumbing command codeql resolve library-path completed:
                      {
                        "libraryPath" : [
                          "D:\\Repositorios\\VulnerableApp\\none"
                        ],
                        "dbscheme" : "D:\\Repositorios\\VulnerableApp\\none",
                        "compilationCache" : [
                          "C:\\Users\\rafar\\.codeql\\compile-cache"
                        ],
                        "relativeName" : "codeql\\python-queries\\Security\\CWE-643\\XpathInjection.ql",
                        "qlPackName" : "codeql/python-queries"
                      }
[2026-09-08 18:55:48] [DETAILS] database interpret-results>  ... found results file at D:\Repositorios\VulnerableApp\codeSql\results\codeql\python-queries\Security\CWE-643\XpathInjection.bqrs.
[2026-09-08 18:55:48] [PROGRESS] database interpret-results> Interpreting C:\Users\rafar\.codeql\packages\codeql\python-queries\1.8.9\Security\CWE-730\PolynomialReDoS.ql...
[2026-09-08 18:55:48] Calling plumbing command: codeql resolve library-path --query=C:\Users\rafar\.codeql\packages\codeql\python-queries\1.8.9\Security\CWE-730\PolynomialReDoS.ql --full-library-path=none --dbscheme=none --format=json
[2026-09-08 18:55:48] [DETAILS] resolve library-path> Resolving query at normalized path C:\Users\rafar\.codeql\packages\codeql\python-queries\1.8.9\Security\CWE-730\PolynomialReDoS.ql.
[2026-09-08 18:55:48] [DETAILS] resolve library-path> Found enclosing pack 'codeql/python-queries' at C:\Users\rafar\.codeql\packages\codeql\python-queries\1.8.9.
[2026-09-08 18:55:48] [DETAILS] resolve library-path> Adding compilation cache at C:\Users\rafar\.codeql\compile-cache.
[2026-09-08 18:55:48] [DETAILS] resolve library-path> Dbscheme was explicitly overridden as D:\Repositorios\VulnerableApp\none
[2026-09-08 18:55:48] [DETAILS] resolve library-path> Library path was overridden on command line.
[2026-09-08 18:55:48] Plumbing command codeql resolve library-path completed:
                      {
                        "libraryPath" : [
                          "D:\\Repositorios\\VulnerableApp\\none"
                        ],
                        "dbscheme" : "D:\\Repositorios\\VulnerableApp\\none",
                        "compilationCache" : [
                          "C:\\Users\\rafar\\.codeql\\compile-cache"
                        ],
                        "relativeName" : "codeql\\python-queries\\Security\\CWE-730\\PolynomialReDoS.ql",
                        "qlPackName" : "codeql/python-queries"
                      }
[2026-09-08 18:55:48] [DETAILS] database interpret-results>  ... found results file at D:\Repositorios\VulnerableApp\codeSql\results\codeql\python-queries\Security\CWE-730\PolynomialReDoS.bqrs.
[2026-09-08 18:55:48] [PROGRESS] database interpret-results> Interpreting C:\Users\rafar\.codeql\packages\codeql\python-queries\1.8.9\Security\CWE-730\ReDoS.ql...
[2026-09-08 18:55:48] Calling plumbing command: codeql resolve library-path --query=C:\Users\rafar\.codeql\packages\codeql\python-queries\1.8.9\Security\CWE-730\ReDoS.ql --full-library-path=none --dbscheme=none --format=json
[2026-09-08 18:55:48] [DETAILS] resolve library-path> Resolving query at normalized path C:\Users\rafar\.codeql\packages\codeql\python-queries\1.8.9\Security\CWE-730\ReDoS.ql.
[2026-09-08 18:55:48] [DETAILS] resolve library-path> Found enclosing pack 'codeql/python-queries' at C:\Users\rafar\.codeql\packages\codeql\python-queries\1.8.9.
[2026-09-08 18:55:48] [DETAILS] resolve library-path> Adding compilation cache at C:\Users\rafar\.codeql\compile-cache.
[2026-09-08 18:55:48] [DETAILS] resolve library-path> Dbscheme was explicitly overridden as D:\Repositorios\VulnerableApp\none
[2026-09-08 18:55:48] [DETAILS] resolve library-path> Library path was overridden on command line.
[2026-09-08 18:55:48] Plumbing command codeql resolve library-path completed:
                      {
                        "libraryPath" : [
                          "D:\\Repositorios\\VulnerableApp\\none"
                        ],
                        "dbscheme" : "D:\\Repositorios\\VulnerableApp\\none",
                        "compilationCache" : [
                          "C:\\Users\\rafar\\.codeql\\compile-cache"
                        ],
                        "relativeName" : "codeql\\python-queries\\Security\\CWE-730\\ReDoS.ql",
                        "qlPackName" : "codeql/python-queries"
                      }
[2026-09-08 18:55:48] [DETAILS] database interpret-results>  ... found results file at D:\Repositorios\VulnerableApp\codeSql\results\codeql\python-queries\Security\CWE-730\ReDoS.bqrs.
[2026-09-08 18:55:48] [PROGRESS] database interpret-results> Interpreting C:\Users\rafar\.codeql\packages\codeql\python-queries\1.8.9\Security\CWE-730\RegexInjection.ql...
[2026-09-08 18:55:48] Calling plumbing command: codeql resolve library-path --query=C:\Users\rafar\.codeql\packages\codeql\python-queries\1.8.9\Security\CWE-730\RegexInjection.ql --full-library-path=none --dbscheme=none --format=json
[2026-09-08 18:55:48] [DETAILS] resolve library-path> Resolving query at normalized path C:\Users\rafar\.codeql\packages\codeql\python-queries\1.8.9\Security\CWE-730\RegexInjection.ql.
[2026-09-08 18:55:48] [DETAILS] resolve library-path> Found enclosing pack 'codeql/python-queries' at C:\Users\rafar\.codeql\packages\codeql\python-queries\1.8.9.
[2026-09-08 18:55:48] [DETAILS] resolve library-path> Adding compilation cache at C:\Users\rafar\.codeql\compile-cache.
[2026-09-08 18:55:48] [DETAILS] resolve library-path> Dbscheme was explicitly overridden as D:\Repositorios\VulnerableApp\none
[2026-09-08 18:55:48] [DETAILS] resolve library-path> Library path was overridden on command line.
[2026-09-08 18:55:48] Plumbing command codeql resolve library-path completed:
                      {
                        "libraryPath" : [
                          "D:\\Repositorios\\VulnerableApp\\none"
                        ],
                        "dbscheme" : "D:\\Repositorios\\VulnerableApp\\none",
                        "compilationCache" : [
                          "C:\\Users\\rafar\\.codeql\\compile-cache"
                        ],
                        "relativeName" : "codeql\\python-queries\\Security\\CWE-730\\RegexInjection.ql",
                        "qlPackName" : "codeql/python-queries"
                      }
[2026-09-08 18:55:48] [DETAILS] database interpret-results>  ... found results file at D:\Repositorios\VulnerableApp\codeSql\results\codeql\python-queries\Security\CWE-730\RegexInjection.bqrs.
[2026-09-08 18:55:48] [PROGRESS] database interpret-results> Interpreting C:\Users\rafar\.codeql\packages\codeql\python-queries\1.8.9\Security\CWE-776\XmlBomb.ql...
[2026-09-08 18:55:48] Calling plumbing command: codeql resolve library-path --query=C:\Users\rafar\.codeql\packages\codeql\python-queries\1.8.9\Security\CWE-776\XmlBomb.ql --full-library-path=none --dbscheme=none --format=json
[2026-09-08 18:55:48] [DETAILS] resolve library-path> Resolving query at normalized path C:\Users\rafar\.codeql\packages\codeql\python-queries\1.8.9\Security\CWE-776\XmlBomb.ql.
[2026-09-08 18:55:48] [DETAILS] resolve library-path> Found enclosing pack 'codeql/python-queries' at C:\Users\rafar\.codeql\packages\codeql\python-queries\1.8.9.
[2026-09-08 18:55:48] [DETAILS] resolve library-path> Adding compilation cache at C:\Users\rafar\.codeql\compile-cache.
[2026-09-08 18:55:48] [DETAILS] resolve library-path> Dbscheme was explicitly overridden as D:\Repositorios\VulnerableApp\none
[2026-09-08 18:55:48] [DETAILS] resolve library-path> Library path was overridden on command line.
[2026-09-08 18:55:48] Plumbing command codeql resolve library-path completed:
                      {
                        "libraryPath" : [
                          "D:\\Repositorios\\VulnerableApp\\none"
                        ],
                        "dbscheme" : "D:\\Repositorios\\VulnerableApp\\none",
                        "compilationCache" : [
                          "C:\\Users\\rafar\\.codeql\\compile-cache"
                        ],
                        "relativeName" : "codeql\\python-queries\\Security\\CWE-776\\XmlBomb.ql",
                        "qlPackName" : "codeql/python-queries"
                      }
[2026-09-08 18:55:48] [DETAILS] database interpret-results>  ... found results file at D:\Repositorios\VulnerableApp\codeSql\results\codeql\python-queries\Security\CWE-776\XmlBomb.bqrs.
[2026-09-08 18:55:48] [PROGRESS] database interpret-results> Interpreting C:\Users\rafar\.codeql\packages\codeql\python-queries\1.8.9\Security\CWE-918\FullServerSideRequestForgery.ql...
[2026-09-08 18:55:48] Calling plumbing command: codeql resolve library-path --query=C:\Users\rafar\.codeql\packages\codeql\python-queries\1.8.9\Security\CWE-918\FullServerSideRequestForgery.ql --full-library-path=none --dbscheme=none --format=json
[2026-09-08 18:55:48] [DETAILS] resolve library-path> Resolving query at normalized path C:\Users\rafar\.codeql\packages\codeql\python-queries\1.8.9\Security\CWE-918\FullServerSideRequestForgery.ql.
[2026-09-08 18:55:48] [DETAILS] resolve library-path> Found enclosing pack 'codeql/python-queries' at C:\Users\rafar\.codeql\packages\codeql\python-queries\1.8.9.
[2026-09-08 18:55:48] [DETAILS] resolve library-path> Adding compilation cache at C:\Users\rafar\.codeql\compile-cache.
[2026-09-08 18:55:48] [DETAILS] resolve library-path> Dbscheme was explicitly overridden as D:\Repositorios\VulnerableApp\none
[2026-09-08 18:55:48] [DETAILS] resolve library-path> Library path was overridden on command line.
[2026-09-08 18:55:48] Plumbing command codeql resolve library-path completed:
                      {
                        "libraryPath" : [
                          "D:\\Repositorios\\VulnerableApp\\none"
                        ],
                        "dbscheme" : "D:\\Repositorios\\VulnerableApp\\none",
                        "compilationCache" : [
                          "C:\\Users\\rafar\\.codeql\\compile-cache"
                        ],
                        "relativeName" : "codeql\\python-queries\\Security\\CWE-918\\FullServerSideRequestForgery.ql",
                        "qlPackName" : "codeql/python-queries"
                      }
[2026-09-08 18:55:48] [DETAILS] database interpret-results>  ... found results file at D:\Repositorios\VulnerableApp\codeSql\results\codeql\python-queries\Security\CWE-918\FullServerSideRequestForgery.bqrs.
[2026-09-08 18:55:48] [PROGRESS] database interpret-results> Interpreting C:\Users\rafar\.codeql\packages\codeql\python-queries\1.8.9\Security\CWE-943\NoSqlInjection.ql...
[2026-09-08 18:55:48] Calling plumbing command: codeql resolve library-path --query=C:\Users\rafar\.codeql\packages\codeql\python-queries\1.8.9\Security\CWE-943\NoSqlInjection.ql --full-library-path=none --dbscheme=none --format=json
[2026-09-08 18:55:48] [DETAILS] resolve library-path> Resolving query at normalized path C:\Users\rafar\.codeql\packages\codeql\python-queries\1.8.9\Security\CWE-943\NoSqlInjection.ql.
[2026-09-08 18:55:48] [DETAILS] resolve library-path> Found enclosing pack 'codeql/python-queries' at C:\Users\rafar\.codeql\packages\codeql\python-queries\1.8.9.
[2026-09-08 18:55:48] [DETAILS] resolve library-path> Adding compilation cache at C:\Users\rafar\.codeql\compile-cache.
[2026-09-08 18:55:48] [DETAILS] resolve library-path> Dbscheme was explicitly overridden as D:\Repositorios\VulnerableApp\none
[2026-09-08 18:55:48] [DETAILS] resolve library-path> Library path was overridden on command line.
[2026-09-08 18:55:48] Plumbing command codeql resolve library-path completed:
                      {
                        "libraryPath" : [
                          "D:\\Repositorios\\VulnerableApp\\none"
                        ],
                        "dbscheme" : "D:\\Repositorios\\VulnerableApp\\none",
                        "compilationCache" : [
                          "C:\\Users\\rafar\\.codeql\\compile-cache"
                        ],
                        "relativeName" : "codeql\\python-queries\\Security\\CWE-943\\NoSqlInjection.ql",
                        "qlPackName" : "codeql/python-queries"
                      }
[2026-09-08 18:55:48] [DETAILS] database interpret-results>  ... found results file at D:\Repositorios\VulnerableApp\codeSql\results\codeql\python-queries\Security\CWE-943\NoSqlInjection.bqrs.
[2026-09-08 18:55:48] [PROGRESS] database interpret-results> Interpreting C:\Users\rafar\.codeql\packages\codeql\python-queries\1.8.9\Security\CWE-022\TarSlip.ql...
[2026-09-08 18:55:48] Calling plumbing command: codeql resolve library-path --query=C:\Users\rafar\.codeql\packages\codeql\python-queries\1.8.9\Security\CWE-022\TarSlip.ql --full-library-path=none --dbscheme=none --format=json
[2026-09-08 18:55:48] [DETAILS] resolve library-path> Resolving query at normalized path C:\Users\rafar\.codeql\packages\codeql\python-queries\1.8.9\Security\CWE-022\TarSlip.ql.
[2026-09-08 18:55:48] [DETAILS] resolve library-path> Found enclosing pack 'codeql/python-queries' at C:\Users\rafar\.codeql\packages\codeql\python-queries\1.8.9.
[2026-09-08 18:55:48] [DETAILS] resolve library-path> Adding compilation cache at C:\Users\rafar\.codeql\compile-cache.
[2026-09-08 18:55:48] [DETAILS] resolve library-path> Dbscheme was explicitly overridden as D:\Repositorios\VulnerableApp\none
[2026-09-08 18:55:48] [DETAILS] resolve library-path> Library path was overridden on command line.
[2026-09-08 18:55:48] Plumbing command codeql resolve library-path completed:
                      {
                        "libraryPath" : [
                          "D:\\Repositorios\\VulnerableApp\\none"
                        ],
                        "dbscheme" : "D:\\Repositorios\\VulnerableApp\\none",
                        "compilationCache" : [
                          "C:\\Users\\rafar\\.codeql\\compile-cache"
                        ],
                        "relativeName" : "codeql\\python-queries\\Security\\CWE-022\\TarSlip.ql",
                        "qlPackName" : "codeql/python-queries"
                      }
[2026-09-08 18:55:48] [DETAILS] database interpret-results>  ... found results file at D:\Repositorios\VulnerableApp\codeSql\results\codeql\python-queries\Security\CWE-022\TarSlip.bqrs.
[2026-09-08 18:55:48] [PROGRESS] database interpret-results> Interpreting C:\Users\rafar\.codeql\packages\codeql\python-queries\1.8.9\Security\CWE-078\UnsafeShellCommandConstruction.ql...
[2026-09-08 18:55:48] Calling plumbing command: codeql resolve library-path --query=C:\Users\rafar\.codeql\packages\codeql\python-queries\1.8.9\Security\CWE-078\UnsafeShellCommandConstruction.ql --full-library-path=none --dbscheme=none --format=json
[2026-09-08 18:55:48] [DETAILS] resolve library-path> Resolving query at normalized path C:\Users\rafar\.codeql\packages\codeql\python-queries\1.8.9\Security\CWE-078\UnsafeShellCommandConstruction.ql.
[2026-09-08 18:55:48] [DETAILS] resolve library-path> Found enclosing pack 'codeql/python-queries' at C:\Users\rafar\.codeql\packages\codeql\python-queries\1.8.9.
[2026-09-08 18:55:48] [DETAILS] resolve library-path> Adding compilation cache at C:\Users\rafar\.codeql\compile-cache.
[2026-09-08 18:55:48] [DETAILS] resolve library-path> Dbscheme was explicitly overridden as D:\Repositorios\VulnerableApp\none
[2026-09-08 18:55:48] [DETAILS] resolve library-path> Library path was overridden on command line.
[2026-09-08 18:55:48] Plumbing command codeql resolve library-path completed:
                      {
                        "libraryPath" : [
                          "D:\\Repositorios\\VulnerableApp\\none"
                        ],
                        "dbscheme" : "D:\\Repositorios\\VulnerableApp\\none",
                        "compilationCache" : [
                          "C:\\Users\\rafar\\.codeql\\compile-cache"
                        ],
                        "relativeName" : "codeql\\python-queries\\Security\\CWE-078\\UnsafeShellCommandConstruction.ql",
                        "qlPackName" : "codeql/python-queries"
                      }
[2026-09-08 18:55:48] [DETAILS] database interpret-results>  ... found results file at D:\Repositorios\VulnerableApp\codeSql\results\codeql\python-queries\Security\CWE-078\UnsafeShellCommandConstruction.bqrs.
[2026-09-08 18:55:48] [PROGRESS] database interpret-results> Interpreting C:\Users\rafar\.codeql\packages\codeql\python-queries\1.8.9\Security\CWE-079\Jinja2WithoutEscaping.ql...
[2026-09-08 18:55:48] Calling plumbing command: codeql resolve library-path --query=C:\Users\rafar\.codeql\packages\codeql\python-queries\1.8.9\Security\CWE-079\Jinja2WithoutEscaping.ql --full-library-path=none --dbscheme=none --format=json
[2026-09-08 18:55:48] [DETAILS] resolve library-path> Resolving query at normalized path C:\Users\rafar\.codeql\packages\codeql\python-queries\1.8.9\Security\CWE-079\Jinja2WithoutEscaping.ql.
[2026-09-08 18:55:48] [DETAILS] resolve library-path> Found enclosing pack 'codeql/python-queries' at C:\Users\rafar\.codeql\packages\codeql\python-queries\1.8.9.
[2026-09-08 18:55:48] [DETAILS] resolve library-path> Adding compilation cache at C:\Users\rafar\.codeql\compile-cache.
[2026-09-08 18:55:48] [DETAILS] resolve library-path> Dbscheme was explicitly overridden as D:\Repositorios\VulnerableApp\none
[2026-09-08 18:55:48] [DETAILS] resolve library-path> Library path was overridden on command line.
[2026-09-08 18:55:48] Plumbing command codeql resolve library-path completed:
                      {
                        "libraryPath" : [
                          "D:\\Repositorios\\VulnerableApp\\none"
                        ],
                        "dbscheme" : "D:\\Repositorios\\VulnerableApp\\none",
                        "compilationCache" : [
                          "C:\\Users\\rafar\\.codeql\\compile-cache"
                        ],
                        "relativeName" : "codeql\\python-queries\\Security\\CWE-079\\Jinja2WithoutEscaping.ql",
                        "qlPackName" : "codeql/python-queries"
                      }
[2026-09-08 18:55:48] [DETAILS] database interpret-results>  ... found results file at D:\Repositorios\VulnerableApp\codeSql\results\codeql\python-queries\Security\CWE-079\Jinja2WithoutEscaping.bqrs.
[2026-09-08 18:55:48] [PROGRESS] database interpret-results> Interpreting C:\Users\rafar\.codeql\packages\codeql\python-queries\1.8.9\Security\CWE-117\LogInjection.ql...
[2026-09-08 18:55:48] Calling plumbing command: codeql resolve library-path --query=C:\Users\rafar\.codeql\packages\codeql\python-queries\1.8.9\Security\CWE-117\LogInjection.ql --full-library-path=none --dbscheme=none --format=json
[2026-09-08 18:55:48] [DETAILS] resolve library-path> Resolving query at normalized path C:\Users\rafar\.codeql\packages\codeql\python-queries\1.8.9\Security\CWE-117\LogInjection.ql.
[2026-09-08 18:55:48] [DETAILS] resolve library-path> Found enclosing pack 'codeql/python-queries' at C:\Users\rafar\.codeql\packages\codeql\python-queries\1.8.9.
[2026-09-08 18:55:48] [DETAILS] resolve library-path> Adding compilation cache at C:\Users\rafar\.codeql\compile-cache.
[2026-09-08 18:55:48] [DETAILS] resolve library-path> Dbscheme was explicitly overridden as D:\Repositorios\VulnerableApp\none
[2026-09-08 18:55:48] [DETAILS] resolve library-path> Library path was overridden on command line.
[2026-09-08 18:55:48] Plumbing command codeql resolve library-path completed:
                      {
                        "libraryPath" : [
                          "D:\\Repositorios\\VulnerableApp\\none"
                        ],
                        "dbscheme" : "D:\\Repositorios\\VulnerableApp\\none",
                        "compilationCache" : [
                          "C:\\Users\\rafar\\.codeql\\compile-cache"
                        ],
                        "relativeName" : "codeql\\python-queries\\Security\\CWE-117\\LogInjection.ql",
                        "qlPackName" : "codeql/python-queries"
                      }
[2026-09-08 18:55:48] [DETAILS] database interpret-results>  ... found results file at D:\Repositorios\VulnerableApp\codeSql\results\codeql\python-queries\Security\CWE-117\LogInjection.bqrs.
[2026-09-08 18:55:48] [PROGRESS] database interpret-results> Interpreting C:\Users\rafar\.codeql\packages\codeql\python-queries\1.8.9\Security\CWE-295\RequestWithoutValidation.ql...
[2026-09-08 18:55:48] Calling plumbing command: codeql resolve library-path --query=C:\Users\rafar\.codeql\packages\codeql\python-queries\1.8.9\Security\CWE-295\RequestWithoutValidation.ql --full-library-path=none --dbscheme=none --format=json
[2026-09-08 18:55:48] [DETAILS] resolve library-path> Resolving query at normalized path C:\Users\rafar\.codeql\packages\codeql\python-queries\1.8.9\Security\CWE-295\RequestWithoutValidation.ql.
[2026-09-08 18:55:48] [DETAILS] resolve library-path> Found enclosing pack 'codeql/python-queries' at C:\Users\rafar\.codeql\packages\codeql\python-queries\1.8.9.
[2026-09-08 18:55:48] [DETAILS] resolve library-path> Adding compilation cache at C:\Users\rafar\.codeql\compile-cache.
[2026-09-08 18:55:48] [DETAILS] resolve library-path> Dbscheme was explicitly overridden as D:\Repositorios\VulnerableApp\none
[2026-09-08 18:55:48] [DETAILS] resolve library-path> Library path was overridden on command line.
[2026-09-08 18:55:48] Plumbing command codeql resolve library-path completed:
                      {
                        "libraryPath" : [
                          "D:\\Repositorios\\VulnerableApp\\none"
                        ],
                        "dbscheme" : "D:\\Repositorios\\VulnerableApp\\none",
                        "compilationCache" : [
                          "C:\\Users\\rafar\\.codeql\\compile-cache"
                        ],
                        "relativeName" : "codeql\\python-queries\\Security\\CWE-295\\RequestWithoutValidation.ql",
                        "qlPackName" : "codeql/python-queries"
                      }
[2026-09-08 18:55:48] [DETAILS] database interpret-results>  ... found results file at D:\Repositorios\VulnerableApp\codeSql\results\codeql\python-queries\Security\CWE-295\RequestWithoutValidation.bqrs.
[2026-09-08 18:55:48] [PROGRESS] database interpret-results> Interpreting C:\Users\rafar\.codeql\packages\codeql\python-queries\1.8.9\Security\CWE-732\WeakFilePermissions.ql...
[2026-09-08 18:55:48] Calling plumbing command: codeql resolve library-path --query=C:\Users\rafar\.codeql\packages\codeql\python-queries\1.8.9\Security\CWE-732\WeakFilePermissions.ql --full-library-path=none --dbscheme=none --format=json
[2026-09-08 18:55:48] [DETAILS] resolve library-path> Resolving query at normalized path C:\Users\rafar\.codeql\packages\codeql\python-queries\1.8.9\Security\CWE-732\WeakFilePermissions.ql.
[2026-09-08 18:55:48] [DETAILS] resolve library-path> Found enclosing pack 'codeql/python-queries' at C:\Users\rafar\.codeql\packages\codeql\python-queries\1.8.9.
[2026-09-08 18:55:48] [DETAILS] resolve library-path> Adding compilation cache at C:\Users\rafar\.codeql\compile-cache.
[2026-09-08 18:55:48] [DETAILS] resolve library-path> Dbscheme was explicitly overridden as D:\Repositorios\VulnerableApp\none
[2026-09-08 18:55:48] [DETAILS] resolve library-path> Library path was overridden on command line.
[2026-09-08 18:55:48] Plumbing command codeql resolve library-path completed:
                      {
                        "libraryPath" : [
                          "D:\\Repositorios\\VulnerableApp\\none"
                        ],
                        "dbscheme" : "D:\\Repositorios\\VulnerableApp\\none",
                        "compilationCache" : [
                          "C:\\Users\\rafar\\.codeql\\compile-cache"
                        ],
                        "relativeName" : "codeql\\python-queries\\Security\\CWE-732\\WeakFilePermissions.ql",
                        "qlPackName" : "codeql/python-queries"
                      }
[2026-09-08 18:55:48] [DETAILS] database interpret-results>  ... found results file at D:\Repositorios\VulnerableApp\codeSql\results\codeql\python-queries\Security\CWE-732\WeakFilePermissions.bqrs.
[2026-09-08 18:55:48] [PROGRESS] database interpret-results> Interpreting C:\Users\rafar\.codeql\packages\codeql\python-queries\1.8.9\Security\CWE-918\PartialServerSideRequestForgery.ql...
[2026-09-08 18:55:48] Calling plumbing command: codeql resolve library-path --query=C:\Users\rafar\.codeql\packages\codeql\python-queries\1.8.9\Security\CWE-918\PartialServerSideRequestForgery.ql --full-library-path=none --dbscheme=none --format=json
[2026-09-08 18:55:48] [DETAILS] resolve library-path> Resolving query at normalized path C:\Users\rafar\.codeql\packages\codeql\python-queries\1.8.9\Security\CWE-918\PartialServerSideRequestForgery.ql.
[2026-09-08 18:55:48] [DETAILS] resolve library-path> Found enclosing pack 'codeql/python-queries' at C:\Users\rafar\.codeql\packages\codeql\python-queries\1.8.9.
[2026-09-08 18:55:48] [DETAILS] resolve library-path> Adding compilation cache at C:\Users\rafar\.codeql\compile-cache.
[2026-09-08 18:55:48] [DETAILS] resolve library-path> Dbscheme was explicitly overridden as D:\Repositorios\VulnerableApp\none
[2026-09-08 18:55:48] [DETAILS] resolve library-path> Library path was overridden on command line.
[2026-09-08 18:55:48] Plumbing command codeql resolve library-path completed:
                      {
                        "libraryPath" : [
                          "D:\\Repositorios\\VulnerableApp\\none"
                        ],
                        "dbscheme" : "D:\\Repositorios\\VulnerableApp\\none",
                        "compilationCache" : [
                          "C:\\Users\\rafar\\.codeql\\compile-cache"
                        ],
                        "relativeName" : "codeql\\python-queries\\Security\\CWE-918\\PartialServerSideRequestForgery.ql",
                        "qlPackName" : "codeql/python-queries"
                      }
[2026-09-08 18:55:48] [DETAILS] database interpret-results>  ... found results file at D:\Repositorios\VulnerableApp\codeSql\results\codeql\python-queries\Security\CWE-918\PartialServerSideRequestForgery.bqrs.
[2026-09-08 18:55:48] [PROGRESS] database interpret-results> Interpreting C:\Users\rafar\.codeql\packages\codeql\python-queries\1.8.9\Diagnostics\ExtractedFiles.ql...
[2026-09-08 18:55:48] Calling plumbing command: codeql resolve library-path --query=C:\Users\rafar\.codeql\packages\codeql\python-queries\1.8.9\Diagnostics\ExtractedFiles.ql --full-library-path=none --dbscheme=none --format=json
[2026-09-08 18:55:48] [DETAILS] resolve library-path> Resolving query at normalized path C:\Users\rafar\.codeql\packages\codeql\python-queries\1.8.9\Diagnostics\ExtractedFiles.ql.
[2026-09-08 18:55:48] [DETAILS] resolve library-path> Found enclosing pack 'codeql/python-queries' at C:\Users\rafar\.codeql\packages\codeql\python-queries\1.8.9.
[2026-09-08 18:55:48] [DETAILS] resolve library-path> Adding compilation cache at C:\Users\rafar\.codeql\compile-cache.
[2026-09-08 18:55:48] [DETAILS] resolve library-path> Dbscheme was explicitly overridden as D:\Repositorios\VulnerableApp\none
[2026-09-08 18:55:48] [DETAILS] resolve library-path> Library path was overridden on command line.
[2026-09-08 18:55:48] Plumbing command codeql resolve library-path completed:
                      {
                        "libraryPath" : [
                          "D:\\Repositorios\\VulnerableApp\\none"
                        ],
                        "dbscheme" : "D:\\Repositorios\\VulnerableApp\\none",
                        "compilationCache" : [
                          "C:\\Users\\rafar\\.codeql\\compile-cache"
                        ],
                        "relativeName" : "codeql\\python-queries\\Diagnostics\\ExtractedFiles.ql",
                        "qlPackName" : "codeql/python-queries"
                      }
[2026-09-08 18:55:48] [DETAILS] database interpret-results>  ... found results file at D:\Repositorios\VulnerableApp\codeSql\results\codeql\python-queries\Diagnostics\ExtractedFiles.bqrs.
[2026-09-08 18:55:48] [PROGRESS] database interpret-results> Interpreting C:\Users\rafar\.codeql\packages\codeql\python-queries\1.8.9\Diagnostics\ExtractionWarnings.ql...
[2026-09-08 18:55:48] Calling plumbing command: codeql resolve library-path --query=C:\Users\rafar\.codeql\packages\codeql\python-queries\1.8.9\Diagnostics\ExtractionWarnings.ql --full-library-path=none --dbscheme=none --format=json
[2026-09-08 18:55:48] [DETAILS] resolve library-path> Resolving query at normalized path C:\Users\rafar\.codeql\packages\codeql\python-queries\1.8.9\Diagnostics\ExtractionWarnings.ql.
[2026-09-08 18:55:48] [DETAILS] resolve library-path> Found enclosing pack 'codeql/python-queries' at C:\Users\rafar\.codeql\packages\codeql\python-queries\1.8.9.
[2026-09-08 18:55:48] [DETAILS] resolve library-path> Adding compilation cache at C:\Users\rafar\.codeql\compile-cache.
[2026-09-08 18:55:48] [DETAILS] resolve library-path> Dbscheme was explicitly overridden as D:\Repositorios\VulnerableApp\none
[2026-09-08 18:55:48] [DETAILS] resolve library-path> Library path was overridden on command line.
[2026-09-08 18:55:48] Plumbing command codeql resolve library-path completed:
                      {
                        "libraryPath" : [
                          "D:\\Repositorios\\VulnerableApp\\none"
                        ],
                        "dbscheme" : "D:\\Repositorios\\VulnerableApp\\none",
                        "compilationCache" : [
                          "C:\\Users\\rafar\\.codeql\\compile-cache"
                        ],
                        "relativeName" : "codeql\\python-queries\\Diagnostics\\ExtractionWarnings.ql",
                        "qlPackName" : "codeql/python-queries"
                      }
[2026-09-08 18:55:48] [DETAILS] database interpret-results>  ... found results file at D:\Repositorios\VulnerableApp\codeSql\results\codeql\python-queries\Diagnostics\ExtractionWarnings.bqrs.
[2026-09-08 18:55:48] [PROGRESS] database interpret-results> Interpreting C:\Users\rafar\.codeql\packages\codeql\python-queries\1.8.9\Summary\LinesOfCode.ql...
[2026-09-08 18:55:48] Calling plumbing command: codeql resolve library-path --query=C:\Users\rafar\.codeql\packages\codeql\python-queries\1.8.9\Summary\LinesOfCode.ql --full-library-path=none --dbscheme=none --format=json
[2026-09-08 18:55:48] [DETAILS] resolve library-path> Resolving query at normalized path C:\Users\rafar\.codeql\packages\codeql\python-queries\1.8.9\Summary\LinesOfCode.ql.
[2026-09-08 18:55:48] [DETAILS] resolve library-path> Found enclosing pack 'codeql/python-queries' at C:\Users\rafar\.codeql\packages\codeql\python-queries\1.8.9.
[2026-09-08 18:55:48] [DETAILS] resolve library-path> Adding compilation cache at C:\Users\rafar\.codeql\compile-cache.
[2026-09-08 18:55:48] [DETAILS] resolve library-path> Dbscheme was explicitly overridden as D:\Repositorios\VulnerableApp\none
[2026-09-08 18:55:48] [DETAILS] resolve library-path> Library path was overridden on command line.
[2026-09-08 18:55:48] Plumbing command codeql resolve library-path completed:
                      {
                        "libraryPath" : [
                          "D:\\Repositorios\\VulnerableApp\\none"
                        ],
                        "dbscheme" : "D:\\Repositorios\\VulnerableApp\\none",
                        "compilationCache" : [
                          "C:\\Users\\rafar\\.codeql\\compile-cache"
                        ],
                        "relativeName" : "codeql\\python-queries\\Summary\\LinesOfCode.ql",
                        "qlPackName" : "codeql/python-queries"
                      }
[2026-09-08 18:55:48] [DETAILS] database interpret-results>  ... found results file at D:\Repositorios\VulnerableApp\codeSql\results\codeql\python-queries\Summary\LinesOfCode.bqrs.
[2026-09-08 18:55:48] [PROGRESS] database interpret-results> Interpreting C:\Users\rafar\.codeql\packages\codeql\python-queries\1.8.9\Summary\LinesOfUserCode.ql...
[2026-09-08 18:55:48] Calling plumbing command: codeql resolve library-path --query=C:\Users\rafar\.codeql\packages\codeql\python-queries\1.8.9\Summary\LinesOfUserCode.ql --full-library-path=none --dbscheme=none --format=json
[2026-09-08 18:55:48] [DETAILS] resolve library-path> Resolving query at normalized path C:\Users\rafar\.codeql\packages\codeql\python-queries\1.8.9\Summary\LinesOfUserCode.ql.
[2026-09-08 18:55:48] [DETAILS] resolve library-path> Found enclosing pack 'codeql/python-queries' at C:\Users\rafar\.codeql\packages\codeql\python-queries\1.8.9.
[2026-09-08 18:55:48] [DETAILS] resolve library-path> Adding compilation cache at C:\Users\rafar\.codeql\compile-cache.
[2026-09-08 18:55:48] [DETAILS] resolve library-path> Dbscheme was explicitly overridden as D:\Repositorios\VulnerableApp\none
[2026-09-08 18:55:48] [DETAILS] resolve library-path> Library path was overridden on command line.
[2026-09-08 18:55:48] Plumbing command codeql resolve library-path completed:
                      {
                        "libraryPath" : [
                          "D:\\Repositorios\\VulnerableApp\\none"
                        ],
                        "dbscheme" : "D:\\Repositorios\\VulnerableApp\\none",
                        "compilationCache" : [
                          "C:\\Users\\rafar\\.codeql\\compile-cache"
                        ],
                        "relativeName" : "codeql\\python-queries\\Summary\\LinesOfUserCode.ql",
                        "qlPackName" : "codeql/python-queries"
                      }
[2026-09-08 18:55:48] [DETAILS] database interpret-results>  ... found results file at D:\Repositorios\VulnerableApp\codeSql\results\codeql\python-queries\Summary\LinesOfUserCode.bqrs.
[2026-09-08 18:55:48] [SPAMMY] database interpret-results> Not including help for queries in pack %s due to specified CLI options.
[2026-09-08 18:55:48] [DETAILS] database interpret-results> Interpreted problem query "'input' function used in Python 2" (py/use-of-input) at path D:\Repositorios\VulnerableApp\codeSql\results\codeql\python-queries\Expressions\UseofInput.bqrs.
[2026-09-08 18:55:48] [DETAILS] database interpret-results> Interpreted pathproblem query "Binding a socket to all network interfaces" (py/bind-socket-all-network-interfaces) at path D:\Repositorios\VulnerableApp\codeSql\results\codeql\python-queries\Security\CVE-2018-1281\BindToAllInterfaces.bqrs.
[2026-09-08 18:55:48] [DETAILS] database interpret-results> Interpreted pathproblem query "Construction of a cookie using user-supplied input" (py/cookie-injection) at path D:\Repositorios\VulnerableApp\codeSql\results\codeql\python-queries\Security\CWE-020\CookieInjection.bqrs.
[2026-09-08 18:55:48] [DETAILS] database interpret-results> Interpreted problem query "Incomplete regular expression for hostnames" (py/incomplete-hostname-regexp) at path D:\Repositorios\VulnerableApp\codeSql\results\codeql\python-queries\Security\CWE-020\IncompleteHostnameRegExp.bqrs.
[2026-09-08 18:55:48] [DETAILS] database interpret-results> Interpreted problem query "Incomplete URL substring sanitization" (py/incomplete-url-substring-sanitization) at path D:\Repositorios\VulnerableApp\codeSql\results\codeql\python-queries\Security\CWE-020\IncompleteUrlSubstringSanitization.bqrs.
[2026-09-08 18:55:48] [DETAILS] database interpret-results> Interpreted problem query "Overly permissive regular expression range" (py/overly-large-range) at path D:\Repositorios\VulnerableApp\codeSql\results\codeql\python-queries\Security\CWE-020\OverlyLargeRange.bqrs.
[2026-09-08 18:55:48] [DETAILS] database interpret-results> Interpreted pathproblem query "Uncontrolled data used in path expression" (py/path-injection) at path D:\Repositorios\VulnerableApp\codeSql\results\codeql\python-queries\Security\CWE-022\PathInjection.bqrs.
[2026-09-08 18:55:48] [DETAILS] database interpret-results> Interpreted pathproblem query "Server Side Template Injection" (py/template-injection) at path D:\Repositorios\VulnerableApp\codeSql\results\codeql\python-queries\Security\CWE-074\TemplateInjection.bqrs.
[2026-09-08 18:55:48] [DETAILS] database interpret-results> Interpreted pathproblem query "Uncontrolled command line" (py/command-line-injection) at path D:\Repositorios\VulnerableApp\codeSql\results\codeql\python-queries\Security\CWE-078\CommandInjection.bqrs.
[2026-09-08 18:55:48] [DETAILS] database interpret-results> Interpreted pathproblem query "Reflected server-side cross-site scripting" (py/reflective-xss) at path D:\Repositorios\VulnerableApp\codeSql\results\codeql\python-queries\Security\CWE-079\ReflectedXss.bqrs.
[2026-09-08 18:55:48] [DETAILS] database interpret-results> Interpreted pathproblem query "SQL query built from user-controlled sources" (py/sql-injection) at path D:\Repositorios\VulnerableApp\codeSql\results\codeql\python-queries\Security\CWE-089\SqlInjection.bqrs.
[2026-09-08 18:55:48] [DETAILS] database interpret-results> Interpreted pathproblem query "LDAP query built from user-controlled sources" (py/ldap-injection) at path D:\Repositorios\VulnerableApp\codeSql\results\codeql\python-queries\Security\CWE-090\LdapInjection.bqrs.
[2026-09-08 18:55:48] [DETAILS] database interpret-results> Interpreted pathproblem query "Code injection" (py/code-injection) at path D:\Repositorios\VulnerableApp\codeSql\results\codeql\python-queries\Security\CWE-094\CodeInjection.bqrs.
[2026-09-08 18:55:48] [DETAILS] database interpret-results> Interpreted problem query "Sensitive cookie missing `HttpOnly` attribute" (py/client-exposed-cookie) at path D:\Repositorios\VulnerableApp\codeSql\results\codeql\python-queries\Security\CWE-1004\NonHttpOnlyCookie.bqrs.
[2026-09-08 18:55:48] [DETAILS] database interpret-results> Interpreted pathproblem query "HTTP Response Splitting" (py/http-response-splitting) at path D:\Repositorios\VulnerableApp\codeSql\results\codeql\python-queries\Security\CWE-113\HeaderInjection.bqrs.
[2026-09-08 18:55:48] [DETAILS] database interpret-results> Interpreted problem query "Bad HTML filtering regexp" (py/bad-tag-filter) at path D:\Repositorios\VulnerableApp\codeSql\results\codeql\python-queries\Security\CWE-116\BadTagFilter.bqrs.
[2026-09-08 18:55:48] [DETAILS] database interpret-results> Interpreted problem query "Sensitive cookie with `SameSite` attribute set to `None`" (py/samesite-none-cookie) at path D:\Repositorios\VulnerableApp\codeSql\results\codeql\python-queries\Security\CWE-1275\SameSiteNoneCookie.bqrs.
[2026-09-08 18:55:48] [DETAILS] database interpret-results> Interpreted pathproblem query "Information exposure through an exception" (py/stack-trace-exposure) at path D:\Repositorios\VulnerableApp\codeSql\results\codeql\python-queries\Security\CWE-209\StackTraceExposure.bqrs.
[2026-09-08 18:55:48] [DETAILS] database interpret-results> Interpreted problem query "Flask app is run in debug mode" (py/flask-debug) at path D:\Repositorios\VulnerableApp\codeSql\results\codeql\python-queries\Security\CWE-215\FlaskDebug.bqrs.
[2026-09-08 18:55:48] [DETAILS] database interpret-results> Interpreted pathproblem query "PAM authorization bypass due to incorrect usage" (py/pam-auth-bypass) at path D:\Repositorios\VulnerableApp\codeSql\results\codeql\python-queries\Security\CWE-285\PamAuthorization.bqrs.
[2026-09-08 18:55:48] [DETAILS] database interpret-results> Interpreted problem query "Accepting unknown SSH host keys when using Paramiko" (py/paramiko-missing-host-key-validation) at path D:\Repositorios\VulnerableApp\codeSql\results\codeql\python-queries\Security\CWE-295\MissingHostKeyValidation.bqrs.
[2026-09-08 18:55:48] [DETAILS] database interpret-results> Interpreted pathproblem query "Clear-text logging of sensitive information" (py/clear-text-logging-sensitive-data) at path D:\Repositorios\VulnerableApp\codeSql\results\codeql\python-queries\Security\CWE-312\CleartextLogging.bqrs.
[2026-09-08 18:55:48] [DETAILS] database interpret-results> Interpreted pathproblem query "Clear-text storage of sensitive information" (py/clear-text-storage-sensitive-data) at path D:\Repositorios\VulnerableApp\codeSql\results\codeql\python-queries\Security\CWE-312\CleartextStorage.bqrs.
[2026-09-08 18:55:48] [DETAILS] database interpret-results> Interpreted problem query "Use of weak cryptographic key" (py/weak-crypto-key) at path D:\Repositorios\VulnerableApp\codeSql\results\codeql\python-queries\Security\CWE-326\WeakCryptoKey.bqrs.
[2026-09-08 18:55:48] [DETAILS] database interpret-results> Interpreted problem query "Use of a broken or weak cryptographic algorithm" (py/weak-cryptographic-algorithm) at path D:\Repositorios\VulnerableApp\codeSql\results\codeql\python-queries\Security\CWE-327\BrokenCryptoAlgorithm.bqrs.
[2026-09-08 18:55:48] [DETAILS] database interpret-results> Interpreted problem query "Default version of SSL/TLS may be insecure" (py/insecure-default-protocol) at path D:\Repositorios\VulnerableApp\codeSql\results\codeql\python-queries\Security\CWE-327\InsecureDefaultProtocol.bqrs.
[2026-09-08 18:55:48] [DETAILS] database interpret-results> Interpreted problem query "Use of insecure SSL/TLS version" (py/insecure-protocol) at path D:\Repositorios\VulnerableApp\codeSql\results\codeql\python-queries\Security\CWE-327\InsecureProtocol.bqrs.
[2026-09-08 18:55:48] [DETAILS] database interpret-results> Interpreted pathproblem query "Use of a broken or weak cryptographic hashing algorithm on sensitive data" (py/weak-sensitive-data-hashing) at path D:\Repositorios\VulnerableApp\codeSql\results\codeql\python-queries\Security\CWE-327\WeakSensitiveDataHashing.bqrs.
[2026-09-08 18:55:48] [DETAILS] database interpret-results> Interpreted problem query "CSRF protection weakened or disabled" (py/csrf-protection-disabled) at path D:\Repositorios\VulnerableApp\codeSql\results\codeql\python-queries\Security\CWE-352\CSRFProtectionDisabled.bqrs.
[2026-09-08 18:55:48] [DETAILS] database interpret-results> Interpreted problem query "Insecure temporary file" (py/insecure-temporary-file) at path D:\Repositorios\VulnerableApp\codeSql\results\codeql\python-queries\Security\CWE-377\InsecureTemporaryFile.bqrs.
[2026-09-08 18:55:48] [DETAILS] database interpret-results> Interpreted pathproblem query "Deserialization of user-controlled data" (py/unsafe-deserialization) at path D:\Repositorios\VulnerableApp\codeSql\results\codeql\python-queries\Security\CWE-502\UnsafeDeserialization.bqrs.
[2026-09-08 18:55:48] [DETAILS] database interpret-results> Interpreted pathproblem query "URL redirection from remote source" (py/url-redirection) at path D:\Repositorios\VulnerableApp\codeSql\results\codeql\python-queries\Security\CWE-601\UrlRedirect.bqrs.
[2026-09-08 18:55:48] [DETAILS] database interpret-results> Interpreted pathproblem query "XML external entity expansion" (py/xxe) at path D:\Repositorios\VulnerableApp\codeSql\results\codeql\python-queries\Security\CWE-611\Xxe.bqrs.
[2026-09-08 18:55:48] [DETAILS] database interpret-results> Interpreted problem query "Failure to use secure cookies" (py/insecure-cookie) at path D:\Repositorios\VulnerableApp\codeSql\results\codeql\python-queries\Security\CWE-614\InsecureCookie.bqrs.
[2026-09-08 18:55:48] [DETAILS] database interpret-results> Interpreted pathproblem query "XPath query built from user-controlled sources" (py/xpath-injection) at path D:\Repositorios\VulnerableApp\codeSql\results\codeql\python-queries\Security\CWE-643\XpathInjection.bqrs.
[2026-09-08 18:55:48] [DETAILS] database interpret-results> Interpreted pathproblem query "Polynomial regular expression used on uncontrolled data" (py/polynomial-redos) at path D:\Repositorios\VulnerableApp\codeSql\results\codeql\python-queries\Security\CWE-730\PolynomialReDoS.bqrs.
[2026-09-08 18:55:48] [DETAILS] database interpret-results> Interpreted problem query "Inefficient regular expression" (py/redos) at path D:\Repositorios\VulnerableApp\codeSql\results\codeql\python-queries\Security\CWE-730\ReDoS.bqrs.
[2026-09-08 18:55:48] [DETAILS] database interpret-results> Interpreted pathproblem query "Regular expression injection" (py/regex-injection) at path D:\Repositorios\VulnerableApp\codeSql\results\codeql\python-queries\Security\CWE-730\RegexInjection.bqrs.
[2026-09-08 18:55:48] [DETAILS] database interpret-results> Interpreted pathproblem query "XML internal entity expansion" (py/xml-bomb) at path D:\Repositorios\VulnerableApp\codeSql\results\codeql\python-queries\Security\CWE-776\XmlBomb.bqrs.
[2026-09-08 18:55:48] [DETAILS] database interpret-results> Interpreted pathproblem query "Full server-side request forgery" (py/full-ssrf) at path D:\Repositorios\VulnerableApp\codeSql\results\codeql\python-queries\Security\CWE-918\FullServerSideRequestForgery.bqrs.
[2026-09-08 18:55:48] [DETAILS] database interpret-results> Interpreted pathproblem query "NoSQL Injection" (py/nosql-injection) at path D:\Repositorios\VulnerableApp\codeSql\results\codeql\python-queries\Security\CWE-943\NoSqlInjection.bqrs.
[2026-09-08 18:55:48] [DETAILS] database interpret-results> Interpreted pathproblem query "Arbitrary file write during tarfile extraction" (py/tarslip) at path D:\Repositorios\VulnerableApp\codeSql\results\codeql\python-queries\Security\CWE-022\TarSlip.bqrs.
[2026-09-08 18:55:48] [DETAILS] database interpret-results> Interpreted pathproblem query "Unsafe shell command constructed from library input" (py/shell-command-constructed-from-input) at path D:\Repositorios\VulnerableApp\codeSql\results\codeql\python-queries\Security\CWE-078\UnsafeShellCommandConstruction.bqrs.
[2026-09-08 18:55:48] [DETAILS] database interpret-results> Interpreted problem query "Jinja2 templating with autoescape=False" (py/jinja2/autoescape-false) at path D:\Repositorios\VulnerableApp\codeSql\results\codeql\python-queries\Security\CWE-079\Jinja2WithoutEscaping.bqrs.
[2026-09-08 18:55:48] [DETAILS] database interpret-results> Interpreted pathproblem query "Log Injection" (py/log-injection) at path D:\Repositorios\VulnerableApp\codeSql\results\codeql\python-queries\Security\CWE-117\LogInjection.bqrs.
[2026-09-08 18:55:48] [DETAILS] database interpret-results> Interpreted problem query "Request without certificate validation" (py/request-without-cert-validation) at path D:\Repositorios\VulnerableApp\codeSql\results\codeql\python-queries\Security\CWE-295\RequestWithoutValidation.bqrs.
[2026-09-08 18:55:48] [DETAILS] database interpret-results> Interpreted problem query "Overly permissive file permissions" (py/overly-permissive-file) at path D:\Repositorios\VulnerableApp\codeSql\results\codeql\python-queries\Security\CWE-732\WeakFilePermissions.bqrs.
[2026-09-08 18:55:48] [DETAILS] database interpret-results> Interpreted pathproblem query "Partial server-side request forgery" (py/partial-ssrf) at path D:\Repositorios\VulnerableApp\codeSql\results\codeql\python-queries\Security\CWE-918\PartialServerSideRequestForgery.bqrs.
[2026-09-08 18:55:48] [DETAILS] database interpret-results> Interpreted diagnostic query "Extracted Python files" (py/diagnostics/successfully-extracted-files) at path D:\Repositorios\VulnerableApp\codeSql\results\codeql\python-queries\Diagnostics\ExtractedFiles.bqrs.
[2026-09-08 18:55:48] [DETAILS] database interpret-results> Interpreted diagnostic query "Python extraction warnings" (py/diagnostics/extraction-warnings) at path D:\Repositorios\VulnerableApp\codeSql\results\codeql\python-queries\Diagnostics\ExtractionWarnings.bqrs.
[2026-09-08 18:55:48] [DETAILS] database interpret-results> Interpreted metric query "Total lines of Python code in the database" (py/summary/lines-of-code) at path D:\Repositorios\VulnerableApp\codeSql\results\codeql\python-queries\Summary\LinesOfCode.bqrs.
[2026-09-08 18:55:48] [DETAILS] database interpret-results> Interpreted metric query "Total lines of user written Python code in the database" (py/summary/lines-of-user-code) at path D:\Repositorios\VulnerableApp\codeSql\results\codeql\python-queries\Summary\LinesOfUserCode.bqrs.
[2026-09-08 18:55:48] [PROGRESS] database interpret-results> Reading source archive D:\Repositorios\VulnerableApp\codeSql\src.zip
[2026-09-08 18:55:48] [DETAILS] database interpret-results> Loaded file baseline information.
[2026-09-08 18:55:48] [DETAILS] database interpret-results> Interpreting file coverage baseline information
[2026-09-08 18:55:48] [DETAILS] database interpret-results> Finished interpreting file coverage baseline information.
[2026-09-08 18:55:48] [DETAILS] database interpret-results> Interpreting diagnostic messages...
[2026-09-08 18:55:48] [SPAMMY] database interpret-results> Looking for diagnostics in D:\Repositorios\VulnerableApp\codeSql\diagnostic...
[2026-09-08 18:55:48] [SPAMMIER] database interpret-results> Found diagnostics file D:\Repositorios\VulnerableApp\codeSql\diagnostic\cli-diagnostics-add-20260908T165259.545Z.json.
[2026-09-08 18:55:48] [SPAMMIER] database interpret-results> Found diagnostics file D:\Repositorios\VulnerableApp\codeSql\diagnostic\cli-diagnostics-add-20260908T165353.258Z.json.
[2026-09-08 18:55:48] [SPAMMY] database interpret-results> Looking for diagnostics in D:\Repositorios\VulnerableApp\codeSql\diagnostic\extractors...
[2026-09-08 18:55:48] [SPAMMY] database interpret-results> Looking for diagnostics in D:\Repositorios\VulnerableApp\codeSql\diagnostic\extractors\python...
[2026-09-08 18:55:48] [SPAMMY] database interpret-results> Looking for diagnostics in D:\Repositorios\VulnerableApp\codeSql\diagnostic\extractors\yaml...
[2026-09-08 18:55:48] [SPAMMY] database interpret-results> Looking for diagnostics in D:\Repositorios\VulnerableApp\codeSql\diagnostic\tracer...
[2026-09-08 18:55:48] [DETAILS] database interpret-results> Found 3 raw diagnostic messages.
[2026-09-08 18:55:48] [DETAILS] database interpret-results> Processed diagnostic messages (removed 0 due to limits, created 0 summary diagnostics for status page).
[2026-09-08 18:55:48] [DETAILS] database interpret-results> Interpreted diagnostic messages (36ms).
[2026-09-08 18:55:48] Calling plumbing command: codeql resolve languages --format=json
[2026-09-08 18:55:48] [DETAILS] resolve languages> Scanning for [codeql-extractor.yml] from C:\tools\codeql\.codeqlmanifest.json
[2026-09-08 18:55:48] [DETAILS] resolve languages> Parsing C:\tools\codeql\actions\codeql-extractor.yml.
[2026-09-08 18:55:48] [DETAILS] resolve languages> Parsing C:\tools\codeql\cpp\codeql-extractor.yml.
[2026-09-08 18:55:48] [DETAILS] resolve languages> Parsing C:\tools\codeql\csharp\codeql-extractor.yml.
[2026-09-08 18:55:48] [DETAILS] resolve languages> Parsing C:\tools\codeql\csv\codeql-extractor.yml.
[2026-09-08 18:55:48] [DETAILS] resolve languages> Parsing C:\tools\codeql\go\codeql-extractor.yml.
[2026-09-08 18:55:48] [DETAILS] resolve languages> Parsing C:\tools\codeql\html\codeql-extractor.yml.
[2026-09-08 18:55:48] [DETAILS] resolve languages> Parsing C:\tools\codeql\java\codeql-extractor.yml.
[2026-09-08 18:55:48] [DETAILS] resolve languages> Parsing C:\tools\codeql\javascript\codeql-extractor.yml.
[2026-09-08 18:55:48] [DETAILS] resolve languages> Parsing C:\tools\codeql\properties\codeql-extractor.yml.
[2026-09-08 18:55:48] [DETAILS] resolve languages> Parsing C:\tools\codeql\python\codeql-extractor.yml.
[2026-09-08 18:55:48] [DETAILS] resolve languages> Parsing C:\tools\codeql\ruby\codeql-extractor.yml.
[2026-09-08 18:55:48] [DETAILS] resolve languages> Parsing C:\tools\codeql\rust\codeql-extractor.yml.
[2026-09-08 18:55:48] [DETAILS] resolve languages> Parsing C:\tools\codeql\swift\codeql-extractor.yml.
[2026-09-08 18:55:48] [DETAILS] resolve languages> Parsing C:\tools\codeql\xml\codeql-extractor.yml.
[2026-09-08 18:55:48] [DETAILS] resolve languages> Parsing C:\tools\codeql\yaml\codeql-extractor.yml.
[2026-09-08 18:55:48] Plumbing command codeql resolve languages completed:
                      {
                        "aliases" : {
                          "c" : "cpp",
                          "c++" : "cpp",
                          "c-c++" : "cpp",
                          "c-cpp" : "cpp",
                          "c#" : "csharp",
                          "java-kotlin" : "java",
                          "kotlin" : "java",
                          "javascript-typescript" : "javascript",
                          "typescript" : "javascript"
                        },
                        "extractors" : {
                          "actions" : [
                            {
                              "extractor_root" : "C:\\tools\\codeql\\actions",
                              "extractor_options" : { }
                            }
                          ],
                          "cpp" : [
                            {
                              "extractor_root" : "C:\\tools\\codeql\\cpp",
                              "extractor_options" : {
                                "scale_timeouts" : {
                                  "title" : "Value to scale compiler introspection timeouts with",
                                  "description" : "The extractor attempts to determine what compiler the source code being extracted is compiled with. To this end the extractor makes additional calls to the compiler, some of which are expected to return within a certain fixed time (either 10s or 15s). On some systems that are under high load this time might be too short, and can be scaled up using this option.\n",
                                  "type" : "string",
                                  "pattern" : "[0-9]+"
                                },
                                "log_verbosity" : {
                                  "title" : "Verbosity of the extractor logging",
                                  "description" : "Set the verbosity of the extractor logging to 'quiet' (0), 'normal' (1), 'chatty' (2), or 'noisy' (3). The default is 'normal'.\n",
                                  "type" : "string",
                                  "pattern" : "[0-3]"
                                }
                              }
                            }
                          ],
                          "csharp" : [
                            {
                              "extractor_root" : "C:\\tools\\codeql\\csharp",
                              "extractor_options" : {
                                "trap" : {
                                  "title" : "Options pertaining to TRAP.",
                                  "description" : "Options pertaining to TRAP.",
                                  "type" : "object",
                                  "properties" : {
                                    "compression" : {
                                      "title" : "Controls compression for the TRAP files written by the extractor.",
                                      "description" : "This option is only intended for use in debugging the extractor. Accepted values are 'brotli' (the default, to write brotli-compressed TRAP), 'gzip', and 'none' (to write uncompressed TRAP).\n",
                                      "type" : "string",
                                      "pattern" : "^(none|gzip|brotli)$"
                                    }
                                  }
                                },
                                "buildless" : {
                                  "title" : "DEPRECATED - Whether to use buildless (standalone) extraction.",
                                  "description" : "DEPRECATED: Use `--build-mode none` instead.\nA value indicating, which type of extraction the autobuilder should perform. If 'true', then the standalone extractor will be used, otherwise tracing extraction will be performed. The default is 'false'. Note that buildless extraction will generally yield less accurate analysis results, and should only be used in cases where it is not possible to build the code (for example if it uses inaccessible dependencies).\n",
                                  "type" : "string",
                                  "pattern" : "^(false|true)$"
                                },
                                "logging" : {
                                  "title" : "Options pertaining to logging.",
                                  "description" : "Options pertaining to logging.",
                                  "type" : "object",
                                  "properties" : {
                                    "verbosity" : {
                                      "title" : "Extractor logging verbosity level.",
                                      "description" : "Controls the level of verbosity of the extractor. The supported levels are (in order of increasing verbosity):\n  - off\n  - errors\n  - warnings\n  - info or progress\n  - debug or progress+\n  - trace or progress++\n  - progress+++\n",
                                      "type" : "string",
                                      "pattern" : "^(off|errors|warnings|(info|progress)|(debug|progress\\+)|(trace|progress\\+\\+)|progress\\+\\+\\+)$"
                                    }
                                  }
                                },
                                "binlog" : {
                                  "title" : "Binlog",
                                  "description" : "[EXPERIMENTAL] The value is a path to the MsBuild binary log file that should be extracted. This option only works when `--build-mode none` is also specified.\n",
                                  "type" : "array"
                                },
                                "buildless_dependency_dir" : {
                                  "title" : "The path where buildless (standalone) extraction should keep dependencies.",
                                  "description" : "If set, the buildless (standalone) extractor will store dependencies in this directory.\n",
                                  "type" : "string"
                                }
                              }
                            }
                          ],
                          "csv" : [
                            {
                              "extractor_root" : "C:\\tools\\codeql\\csv"
                            }
                          ],
                          "go" : [
                            {
                              "extractor_root" : "C:\\tools\\codeql\\go",
                              "extractor_options" : {
                                "extract_tests" : {
                                  "title" : "Whether to include Go test files in the CodeQL database.",
                                  "description" : "A value indicating whether Go test files should be included in the CodeQL database. The default is 'false'.\n",
                                  "type" : "string",
                                  "pattern" : "^(false|true)$"
                                },
                                "extract_vendor_dirs" : {
                                  "title" : "Whether to include Go vendor directories in the CodeQL database.",
                                  "description" : "A value indicating whether Go vendor directories should be included in the CodeQL database. The default is 'false'.\n",
                                  "type" : "string",
                                  "pattern" : "^(false|true)$"
                                }
                              }
                            }
                          ],
                          "html" : [
                            {
                              "extractor_root" : "C:\\tools\\codeql\\html"
                            }
                          ],
                          "java" : [
                            {
                              "extractor_root" : "C:\\tools\\codeql\\java",
                              "extractor_options" : {
                                "exclude" : {
                                  "title" : "A glob excluding files from analysis.",
                                  "description" : "A glob indicating what files to exclude from the analysis. This accepts glob patterns that are supported by Java's 'getPathMatcher' implementation.\n",
                                  "type" : "string"
                                },
                                "add_prefer_source" : {
                                  "title" : "Whether to always prefer source files over class files.",
                                  "description" : "A value indicating whether source files should be preferred over class files. If set to 'true', the extraction adds '-Xprefer:source' to the javac command line. If set to 'false', the extraction uses the default javac behavior ('-Xprefer:newer'). The default is 'true'.\n",
                                  "type" : "string",
                                  "pattern" : "^(false|true)$"
                                },
                                "buildless" : {
                                  "title" : "Whether to use buildless (standalone) extraction (experimental).",
                                  "description" : "A value indicating, which type of extraction the autobuilder should perform. If 'true', then the standalone extractor will be used, otherwise tracing extraction will be performed. The default is 'false'. Note that buildless extraction will generally yield less accurate analysis results, and should only be used in cases where it is not possible to build the code (for example if it uses inaccessible dependencies).\n",
                                  "type" : "string",
                                  "pattern" : "^(false|true)$"
                                },
                                "buildless_dependency_dir" : {
                                  "title" : "The path where buildless (standalone) extraction should keep dependencies.",
                                  "description" : "If set, the buildless (standalone) extractor will store dependencies in this directory.\n",
                                  "type" : "string"
                                },
                                "minimize_dependency_jars" : {
                                  "title" : "Whether to rewrite and minimize downloaded JAR dependencies (experimental).",
                                  "description" : "If 'true', JAR dependencies downloaded during extraction will be rewritten to remove unneeded data, such as method bodies. The default is 'false'.\n",
                                  "type" : "string",
                                  "pattern" : "^(false|true)$"
                                }
                              }
                            }
                          ],
                          "javascript" : [
                            {
                              "extractor_root" : "C:\\tools\\codeql\\javascript",
                              "extractor_options" : {
                                "skip_types" : {
                                  "title" : "Skip type extraction for TypeScript",
                                  "description" : "Whether to skip the extraction of types in a TypeScript application",
                                  "type" : "string",
                                  "pattern" : "^(false|true)$"
                                }
                              }
                            }
                          ],
                          "properties" : [
                            {
                              "extractor_root" : "C:\\tools\\codeql\\properties"
                            }
                          ],
                          "python" : [
                            {
                              "extractor_root" : "C:\\tools\\codeql\\python",
                              "extractor_options" : {
                                "logging" : {
                                  "title" : "Options pertaining to logging.",
                                  "description" : "Options pertaining to logging.",
                                  "type" : "object",
                                  "properties" : {
                                    "verbosity" : {
                                      "title" : "Python extractor logging verbosity level.",
                                      "description" : "Controls the level of verbosity of the CodeQL Python extractor.\nThe supported levels are (in order of increasing verbosity):\n\n  - off\n  - errors\n  - warnings\n  - info or progress\n  - debug or progress+\n  - trace or progress++\n  - progress+++\n",
                                      "type" : "string",
                                      "pattern" : "^(off|errors|warnings|(info|progress)|(debug|progress\\+)|(trace|progress\\+\\+)|progress\\+\\+\\+)$"
                                    }
                                  }
                                },
                                "python_executable_name" : {
                                  "title" : "Controls the name of the Python executable used by the Python extractor.",
                                  "description" : "The Python extractor uses platform-dependent heuristics to determine the name of the Python executable to use. Specifying a value for this option overrides the name of the Python executable used by the extractor. Accepted values are py, python and python3. Use this setting with caution, the Python extractor requires Python 3 to run.\n",
                                  "type" : "string",
                                  "pattern" : "^(py|python|python3)$"
                                }
                              }
                            }
                          ],
                          "ruby" : [
                            {
                              "extractor_root" : "C:\\tools\\codeql\\ruby",
                              "extractor_options" : {
                                "trap" : {
                                  "title" : "Options pertaining to TRAP.",
                                  "description" : "Options pertaining to TRAP.",
                                  "type" : "object",
                                  "properties" : {
                                    "compression" : {
                                      "title" : "Controls compression for the TRAP files written by the extractor.",
                                      "description" : "This option is only intended for use in debugging the extractor. Accepted values are 'gzip' (the default, to write gzip-compressed TRAP) 'zstd' (to write Zstandard-compressed TRAP) and 'none' (to write uncompressed TRAP).\n",
                                      "type" : "string",
                                      "pattern" : "^(none|gzip|zstd)$"
                                    }
                                  }
                                }
                              }
                            }
                          ],
                          "rust" : [
                            {
                              "extractor_root" : "C:\\tools\\codeql\\rust",
                              "extractor_options" : {
                                "trap" : {
                                  "title" : "Options pertaining to TRAP.",
                                  "description" : "Options pertaining to TRAP.",
                                  "type" : "object",
                                  "properties" : {
                                    "compression" : {
                                      "title" : "Controls compression for the TRAP files written by the extractor.",
                                      "description" : "This option is only intended for use in debugging the extractor. Accepted values are 'gzip' (to write gzip-compressed TRAP) 'zstd' (the default, to write Zstandard-compressed TRAP) and 'none' (to write uncompressed TRAP).\n",
                                      "type" : "string",
                                      "pattern" : "^(none|gzip|zstd)$"
                                    }
                                  }
                                },
                                "cargo_target_dir" : {
                                  "title" : "Directory to use for cargo output files.",
                                  "description" : "This value is an optional path to use as `CARGO_TARGET_DIR` for the internal cargo commands the extractor uses. Pointing it to a persistent directory may reduce execution time of consecutive extractor runs. By default, a new scratch directory is used for each run.\n",
                                  "type" : "string"
                                },
                                "cargo_target" : {
                                  "title" : "Target architecture",
                                  "description" : "Target architecture to use for analysis, analogous to `cargo --target`. By default the host architecture is used.\n",
                                  "type" : "string"
                                },
                                "cargo_features" : {
                                  "title" : "Cargo features to turn on",
                                  "description" : "Comma-separated list of features to turn on. By default all features are enabled. If any features are specified, then only those features are enabled. The `default` feature must be explicitly specified if only default features are desired. Can be repeated.\n",
                                  "type" : "array"
                                },
                                "cargo_cfg_overrides" : {
                                  "title" : "Cargo cfg overrides",
                                  "description" : "Comma-separated list of cfg settings to enable, or disable if prefixed with `-`. Can be repeated.\n",
                                  "type" : "array"
                                },
                                "logging" : {
                                  "title" : "Options pertaining to logging.",
                                  "description" : "Options pertaining to logging.",
                                  "type" : "object",
                                  "properties" : {
                                    "verbosity" : {
                                      "title" : "Extractor logging verbosity level.",
                                      "description" : "Controls the level of verbosity of the extractor. The supported levels are (in order of increasing verbosity):\n  - off\n  - errors\n  - warnings\n  - info or progress\n  - debug or progress+\n  - trace or progress++\n  - progress+++\n",
                                      "type" : "string",
                                      "pattern" : "^(off|errors|warnings|(info|progress)|(debug|progress\\+)|(trace|progress\\+\\+)|progress\\+\\+\\+)$"
                                    },
                                    "flamegraph" : {
                                      "title" : "[Experimental] File path for write flame graph log",
                                      "description" : "Collect flame graph data using the `tracing-flame` crate. To render a flame graph or chart, run the `inferno-flamegraph` command. See also: https://crates.io/crates/tracing-flame\n",
                                      "type" : "string"
                                    }
                                  }
                                },
                                "extract_dependencies_as_source" : {
                                  "title" : "Extract dependencies as source code",
                                  "description" : "Extract the full source code of dependencies instead of only extracting signatures.\n",
                                  "type" : "string",
                                  "pattern" : "^(false|true)$"
                                }
                              }
                            }
                          ],
                          "swift" : [
                            {
                              "extractor_root" : "C:\\tools\\codeql\\swift"
                            }
                          ],
                          "xml" : [
                            {
                              "extractor_root" : "C:\\tools\\codeql\\xml"
                            }
                          ],
                          "yaml" : [
                            {
                              "extractor_root" : "C:\\tools\\codeql\\yaml"
                            }
                          ]
                        }
                      }
[2026-09-08 18:55:48] [SPAMMIER] database interpret-results> Loaded the following extractors: GitHub Actions, C/C++, C#, CSV, Go, HTML, Java/Kotlin, JavaScript/TypeScript, Java Properties Files, Python, Ruby, Rust, Swift, XML, YAML
[2026-09-08 18:55:49] [PROGRESS] database interpret-results> Exporting results to SARIF...
[2026-09-08 18:55:49] [SPAMMY] database interpret-results> Interpreting results for path query py/bind-socket-all-network-interfaces...
[2026-09-08 18:55:49] [SPAMMIER] database interpret-results> Processed graph parents (0ms).
[2026-09-08 18:55:49] [SPAMMIER] database interpret-results> Processed graph nodes (0ms).
[2026-09-08 18:55:49] [SPAMMIER] database interpret-results> Processed graph edges (2ms).
[2026-09-08 18:55:49] [SPAMMIER] database interpret-results> Created graph (6ms).
[2026-09-08 18:55:49] [SPAMMIER] database interpret-results> Initialized subpaths (1ms).
[2026-09-08 18:55:49] [SPAMMIER] database interpret-results> Calculated subpath scopes (2ms).
[2026-09-08 18:55:49] [SPAMMIER] database interpret-results> Executing 0 path computations, each computing up to 4 different paths.
[2026-09-08 18:55:49] [SPAMMIER] database interpret-results> Processed path results (1ms).
[2026-09-08 18:55:49] [SPAMMIER] database interpret-results> Linked relevant graph parents (0ms).
[2026-09-08 18:55:49] [SPAMMY] database interpret-results> Interpreted results for path query py/bind-socket-all-network-interfaces (11ms).
[2026-09-08 18:55:49] [SPAMMY] database interpret-results> Interpreting results for path query py/cookie-injection...
[2026-09-08 18:55:49] [SPAMMIER] database interpret-results> Processed graph parents (0ms).
[2026-09-08 18:55:49] [SPAMMIER] database interpret-results> Processed graph nodes (0ms).
[2026-09-08 18:55:49] [SPAMMIER] database interpret-results> Processed graph edges (0ms).
[2026-09-08 18:55:49] [SPAMMIER] database interpret-results> Created graph (1ms).
[2026-09-08 18:55:49] [SPAMMIER] database interpret-results> Initialized subpaths (0ms).
[2026-09-08 18:55:49] [SPAMMIER] database interpret-results> Calculated subpath scopes (0ms).
[2026-09-08 18:55:49] [SPAMMIER] database interpret-results> Executing 0 path computations, each computing up to 4 different paths.
[2026-09-08 18:55:49] [SPAMMIER] database interpret-results> Processed path results (0ms).
[2026-09-08 18:55:49] [SPAMMIER] database interpret-results> Linked relevant graph parents (0ms).
[2026-09-08 18:55:49] [SPAMMY] database interpret-results> Interpreted results for path query py/cookie-injection (1ms).
[2026-09-08 18:55:49] [SPAMMY] database interpret-results> Interpreting results for path query py/path-injection...
[2026-09-08 18:55:49] [SPAMMIER] database interpret-results> Processed graph parents (0ms).
[2026-09-08 18:55:49] [SPAMMIER] database interpret-results> Processed graph nodes (0ms).
[2026-09-08 18:55:49] [SPAMMIER] database interpret-results> Processed graph edges (0ms).
[2026-09-08 18:55:49] [SPAMMIER] database interpret-results> Created graph (1ms).
[2026-09-08 18:55:49] [SPAMMIER] database interpret-results> Initialized subpaths (0ms).
[2026-09-08 18:55:49] [SPAMMIER] database interpret-results> Calculated subpath scopes (0ms).
[2026-09-08 18:55:49] [SPAMMIER] database interpret-results> Executing 0 path computations, each computing up to 4 different paths.
[2026-09-08 18:55:49] [SPAMMIER] database interpret-results> Processed path results (0ms).
[2026-09-08 18:55:49] [SPAMMIER] database interpret-results> Linked relevant graph parents (0ms).
[2026-09-08 18:55:49] [SPAMMY] database interpret-results> Interpreted results for path query py/path-injection (1ms).
[2026-09-08 18:55:49] [SPAMMY] database interpret-results> Interpreting results for path query py/template-injection...
[2026-09-08 18:55:49] [SPAMMIER] database interpret-results> Processed graph parents (0ms).
[2026-09-08 18:55:49] [SPAMMIER] database interpret-results> Processed graph nodes (0ms).
[2026-09-08 18:55:49] [SPAMMIER] database interpret-results> Processed graph edges (0ms).
[2026-09-08 18:55:49] [SPAMMIER] database interpret-results> Created graph (1ms).
[2026-09-08 18:55:49] [SPAMMIER] database interpret-results> Initialized subpaths (0ms).
[2026-09-08 18:55:49] [SPAMMIER] database interpret-results> Calculated subpath scopes (0ms).
[2026-09-08 18:55:49] [SPAMMIER] database interpret-results> Executing 1 path computations, each computing up to 4 different paths.
[2026-09-08 18:55:49] [SPAMMIER] database interpret-results> Starting path computations: 100%
[2026-09-08 18:55:49] [SPAMMIER] database interpret-results> Waiting for remaining path computations: 100%
[2026-09-08 18:55:49] [SPAMMIER] database interpret-results> Processed path results (13ms).
[2026-09-08 18:55:49] [SPAMMIER] database interpret-results> Linked relevant graph parents (0ms).
[2026-09-08 18:55:49] [SPAMMY] database interpret-results> Interpreted results for path query py/template-injection (29ms).
[2026-09-08 18:55:49] [SPAMMY] database interpret-results> Interpreting results for path query py/command-line-injection...
[2026-09-08 18:55:49] [SPAMMIER] database interpret-results> Processed graph parents (0ms).
[2026-09-08 18:55:49] [SPAMMIER] database interpret-results> Processed graph nodes (0ms).
[2026-09-08 18:55:49] [SPAMMIER] database interpret-results> Processed graph edges (0ms).
[2026-09-08 18:55:49] [SPAMMIER] database interpret-results> Created graph (1ms).
[2026-09-08 18:55:49] [SPAMMIER] database interpret-results> Initialized subpaths (0ms).
[2026-09-08 18:55:49] [SPAMMIER] database interpret-results> Calculated subpath scopes (0ms).
[2026-09-08 18:55:49] [SPAMMIER] database interpret-results> Executing 0 path computations, each computing up to 4 different paths.
[2026-09-08 18:55:49] [SPAMMIER] database interpret-results> Processed path results (0ms).
[2026-09-08 18:55:49] [SPAMMIER] database interpret-results> Linked relevant graph parents (0ms).
[2026-09-08 18:55:49] [SPAMMY] database interpret-results> Interpreted results for path query py/command-line-injection (1ms).
[2026-09-08 18:55:49] [SPAMMY] database interpret-results> Interpreting results for path query py/reflective-xss...
[2026-09-08 18:55:49] [SPAMMIER] database interpret-results> Processed graph parents (0ms).
[2026-09-08 18:55:49] [SPAMMIER] database interpret-results> Processed graph nodes (0ms).
[2026-09-08 18:55:49] [SPAMMIER] database interpret-results> Processed graph edges (0ms).
[2026-09-08 18:55:49] [SPAMMIER] database interpret-results> Created graph (1ms).
[2026-09-08 18:55:49] [SPAMMIER] database interpret-results> Initialized subpaths (0ms).
[2026-09-08 18:55:49] [SPAMMIER] database interpret-results> Calculated subpath scopes (0ms).
[2026-09-08 18:55:49] [SPAMMIER] database interpret-results> Executing 1 path computations, each computing up to 4 different paths.
[2026-09-08 18:55:49] [SPAMMIER] database interpret-results> Starting path computations: 100%
[2026-09-08 18:55:49] [SPAMMIER] database interpret-results> Waiting for remaining path computations: 100%
[2026-09-08 18:55:49] [SPAMMIER] database interpret-results> Processed path results (0ms).
[2026-09-08 18:55:49] [SPAMMIER] database interpret-results> Linked relevant graph parents (0ms).
[2026-09-08 18:55:49] [SPAMMY] database interpret-results> Interpreted results for path query py/reflective-xss (4ms).
[2026-09-08 18:55:49] [SPAMMY] database interpret-results> Interpreting results for path query py/sql-injection...
[2026-09-08 18:55:49] [SPAMMIER] database interpret-results> Processed graph parents (0ms).
[2026-09-08 18:55:49] [SPAMMIER] database interpret-results> Processed graph nodes (0ms).
[2026-09-08 18:55:49] [SPAMMIER] database interpret-results> Processed graph edges (0ms).
[2026-09-08 18:55:49] [SPAMMIER] database interpret-results> Created graph (0ms).
[2026-09-08 18:55:49] [SPAMMIER] database interpret-results> Initialized subpaths (0ms).
[2026-09-08 18:55:49] [SPAMMIER] database interpret-results> Calculated subpath scopes (0ms).
[2026-09-08 18:55:49] [SPAMMIER] database interpret-results> Executing 0 path computations, each computing up to 4 different paths.
[2026-09-08 18:55:49] [SPAMMIER] database interpret-results> Processed path results (0ms).
[2026-09-08 18:55:49] [SPAMMIER] database interpret-results> Linked relevant graph parents (0ms).
[2026-09-08 18:55:49] [SPAMMY] database interpret-results> Interpreted results for path query py/sql-injection (1ms).
[2026-09-08 18:55:49] [SPAMMY] database interpret-results> Interpreting results for path query py/ldap-injection...
[2026-09-08 18:55:49] [SPAMMIER] database interpret-results> Processed graph parents (0ms).
[2026-09-08 18:55:49] [SPAMMIER] database interpret-results> Processed graph nodes (0ms).
[2026-09-08 18:55:49] [SPAMMIER] database interpret-results> Processed graph edges (0ms).
[2026-09-08 18:55:49] [SPAMMIER] database interpret-results> Created graph (0ms).
[2026-09-08 18:55:49] [SPAMMIER] database interpret-results> Initialized subpaths (0ms).
[2026-09-08 18:55:49] [SPAMMIER] database interpret-results> Calculated subpath scopes (0ms).
[2026-09-08 18:55:49] [SPAMMIER] database interpret-results> Executing 0 path computations, each computing up to 4 different paths.
[2026-09-08 18:55:49] [SPAMMIER] database interpret-results> Processed path results (0ms).
[2026-09-08 18:55:49] [SPAMMIER] database interpret-results> Linked relevant graph parents (0ms).
[2026-09-08 18:55:49] [SPAMMY] database interpret-results> Interpreted results for path query py/ldap-injection (1ms).
[2026-09-08 18:55:49] [SPAMMY] database interpret-results> Interpreting results for path query py/code-injection...
[2026-09-08 18:55:49] [SPAMMIER] database interpret-results> Processed graph parents (0ms).
[2026-09-08 18:55:49] [SPAMMIER] database interpret-results> Processed graph nodes (1ms).
[2026-09-08 18:55:49] [SPAMMIER] database interpret-results> Processed graph edges (0ms).
[2026-09-08 18:55:49] [SPAMMIER] database interpret-results> Created graph (1ms).
[2026-09-08 18:55:49] [SPAMMIER] database interpret-results> Initialized subpaths (0ms).
[2026-09-08 18:55:49] [SPAMMIER] database interpret-results> Calculated subpath scopes (0ms).
[2026-09-08 18:55:49] [SPAMMIER] database interpret-results> Executing 0 path computations, each computing up to 4 different paths.
[2026-09-08 18:55:49] [SPAMMIER] database interpret-results> Processed path results (0ms).
[2026-09-08 18:55:49] [SPAMMIER] database interpret-results> Linked relevant graph parents (0ms).
[2026-09-08 18:55:49] [SPAMMY] database interpret-results> Interpreted results for path query py/code-injection (1ms).
[2026-09-08 18:55:49] [SPAMMY] database interpret-results> Interpreting results for path query py/http-response-splitting...
[2026-09-08 18:55:49] [SPAMMIER] database interpret-results> Processed graph parents (0ms).
[2026-09-08 18:55:49] [SPAMMIER] database interpret-results> Processed graph nodes (0ms).
[2026-09-08 18:55:49] [SPAMMIER] database interpret-results> Processed graph edges (0ms).
[2026-09-08 18:55:49] [SPAMMIER] database interpret-results> Created graph (1ms).
[2026-09-08 18:55:49] [SPAMMIER] database interpret-results> Initialized subpaths (0ms).
[2026-09-08 18:55:49] [SPAMMIER] database interpret-results> Calculated subpath scopes (0ms).
[2026-09-08 18:55:49] [SPAMMIER] database interpret-results> Executing 0 path computations, each computing up to 4 different paths.
[2026-09-08 18:55:49] [SPAMMIER] database interpret-results> Processed path results (0ms).
[2026-09-08 18:55:49] [SPAMMIER] database interpret-results> Linked relevant graph parents (0ms).
[2026-09-08 18:55:49] [SPAMMY] database interpret-results> Interpreted results for path query py/http-response-splitting (2ms).
[2026-09-08 18:55:49] [SPAMMY] database interpret-results> Interpreting results for path query py/stack-trace-exposure...
[2026-09-08 18:55:49] [SPAMMIER] database interpret-results> Processed graph parents (0ms).
[2026-09-08 18:55:49] [SPAMMIER] database interpret-results> Processed graph nodes (0ms).
[2026-09-08 18:55:49] [SPAMMIER] database interpret-results> Processed graph edges (0ms).
[2026-09-08 18:55:49] [SPAMMIER] database interpret-results> Created graph (1ms).
[2026-09-08 18:55:49] [SPAMMIER] database interpret-results> Initialized subpaths (0ms).
[2026-09-08 18:55:49] [SPAMMIER] database interpret-results> Calculated subpath scopes (0ms).
[2026-09-08 18:55:49] [SPAMMIER] database interpret-results> Executing 0 path computations, each computing up to 4 different paths.
[2026-09-08 18:55:49] [SPAMMIER] database interpret-results> Processed path results (0ms).
[2026-09-08 18:55:49] [SPAMMIER] database interpret-results> Linked relevant graph parents (0ms).
[2026-09-08 18:55:49] [SPAMMY] database interpret-results> Interpreted results for path query py/stack-trace-exposure (1ms).
[2026-09-08 18:55:49] [SPAMMY] database interpret-results> Interpreting results for path query py/pam-auth-bypass...
[2026-09-08 18:55:49] [SPAMMIER] database interpret-results> Processed graph parents (0ms).
[2026-09-08 18:55:49] [SPAMMIER] database interpret-results> Processed graph nodes (0ms).
[2026-09-08 18:55:49] [SPAMMIER] database interpret-results> Processed graph edges (0ms).
[2026-09-08 18:55:49] [SPAMMIER] database interpret-results> Created graph (1ms).
[2026-09-08 18:55:49] [SPAMMIER] database interpret-results> Initialized subpaths (0ms).
[2026-09-08 18:55:49] [SPAMMIER] database interpret-results> Calculated subpath scopes (0ms).
[2026-09-08 18:55:49] [SPAMMIER] database interpret-results> Executing 0 path computations, each computing up to 4 different paths.
[2026-09-08 18:55:49] [SPAMMIER] database interpret-results> Processed path results (0ms).
[2026-09-08 18:55:49] [SPAMMIER] database interpret-results> Linked relevant graph parents (0ms).
[2026-09-08 18:55:49] [SPAMMY] database interpret-results> Interpreted results for path query py/pam-auth-bypass (2ms).
[2026-09-08 18:55:49] [SPAMMY] database interpret-results> Interpreting results for path query py/clear-text-logging-sensitive-data...
[2026-09-08 18:55:49] [SPAMMIER] database interpret-results> Processed graph parents (0ms).
[2026-09-08 18:55:49] [SPAMMIER] database interpret-results> Processed graph nodes (0ms).
[2026-09-08 18:55:49] [SPAMMIER] database interpret-results> Processed graph edges (0ms).
[2026-09-08 18:55:49] [SPAMMIER] database interpret-results> Created graph (0ms).
[2026-09-08 18:55:49] [SPAMMIER] database interpret-results> Initialized subpaths (0ms).
[2026-09-08 18:55:49] [SPAMMIER] database interpret-results> Calculated subpath scopes (0ms).
[2026-09-08 18:55:49] [SPAMMIER] database interpret-results> Executing 0 path computations, each computing up to 4 different paths.
[2026-09-08 18:55:49] [SPAMMIER] database interpret-results> Processed path results (0ms).
[2026-09-08 18:55:49] [SPAMMIER] database interpret-results> Linked relevant graph parents (0ms).
[2026-09-08 18:55:49] [SPAMMY] database interpret-results> Interpreted results for path query py/clear-text-logging-sensitive-data (1ms).
[2026-09-08 18:55:49] [SPAMMY] database interpret-results> Interpreting results for path query py/clear-text-storage-sensitive-data...
[2026-09-08 18:55:49] [SPAMMIER] database interpret-results> Processed graph parents (0ms).
[2026-09-08 18:55:49] [SPAMMIER] database interpret-results> Processed graph nodes (0ms).
[2026-09-08 18:55:49] [SPAMMIER] database interpret-results> Processed graph edges (0ms).
[2026-09-08 18:55:49] [SPAMMIER] database interpret-results> Created graph (1ms).
[2026-09-08 18:55:49] [SPAMMIER] database interpret-results> Initialized subpaths (0ms).
[2026-09-08 18:55:49] [SPAMMIER] database interpret-results> Calculated subpath scopes (0ms).
[2026-09-08 18:55:49] [SPAMMIER] database interpret-results> Executing 0 path computations, each computing up to 4 different paths.
[2026-09-08 18:55:49] [SPAMMIER] database interpret-results> Processed path results (0ms).
[2026-09-08 18:55:49] [SPAMMIER] database interpret-results> Linked relevant graph parents (0ms).
[2026-09-08 18:55:49] [SPAMMY] database interpret-results> Interpreted results for path query py/clear-text-storage-sensitive-data (1ms).
[2026-09-08 18:55:49] [SPAMMY] database interpret-results> Interpreting results for path query py/weak-sensitive-data-hashing...
[2026-09-08 18:55:49] [SPAMMIER] database interpret-results> Processed graph parents (0ms).
[2026-09-08 18:55:49] [SPAMMIER] database interpret-results> Processed graph nodes (1ms).
[2026-09-08 18:55:49] [SPAMMIER] database interpret-results> Processed graph edges (0ms).
[2026-09-08 18:55:49] [SPAMMIER] database interpret-results> Created graph (1ms).
[2026-09-08 18:55:49] [SPAMMIER] database interpret-results> Initialized subpaths (0ms).
[2026-09-08 18:55:49] [SPAMMIER] database interpret-results> Calculated subpath scopes (0ms).
[2026-09-08 18:55:49] [SPAMMIER] database interpret-results> Executing 1 path computations, each computing up to 4 different paths.
[2026-09-08 18:55:49] [SPAMMIER] database interpret-results> Starting path computations: 100%
[2026-09-08 18:55:49] [SPAMMIER] database interpret-results> Waiting for remaining path computations: 100%
[2026-09-08 18:55:49] [SPAMMIER] database interpret-results> Processed path results (0ms).
[2026-09-08 18:55:49] [SPAMMIER] database interpret-results> Linked relevant graph parents (0ms).
[2026-09-08 18:55:49] [SPAMMY] database interpret-results> Interpreted results for path query py/weak-sensitive-data-hashing (2ms).
[2026-09-08 18:55:49] [SPAMMY] database interpret-results> Interpreting results for path query py/unsafe-deserialization...
[2026-09-08 18:55:49] [SPAMMIER] database interpret-results> Processed graph parents (0ms).
[2026-09-08 18:55:49] [SPAMMIER] database interpret-results> Processed graph nodes (0ms).
[2026-09-08 18:55:49] [SPAMMIER] database interpret-results> Processed graph edges (0ms).
[2026-09-08 18:55:49] [SPAMMIER] database interpret-results> Created graph (0ms).
[2026-09-08 18:55:49] [SPAMMIER] database interpret-results> Initialized subpaths (0ms).
[2026-09-08 18:55:49] [SPAMMIER] database interpret-results> Calculated subpath scopes (0ms).
[2026-09-08 18:55:49] [SPAMMIER] database interpret-results> Executing 0 path computations, each computing up to 4 different paths.
[2026-09-08 18:55:49] [SPAMMIER] database interpret-results> Processed path results (0ms).
[2026-09-08 18:55:49] [SPAMMIER] database interpret-results> Linked relevant graph parents (0ms).
[2026-09-08 18:55:49] [SPAMMY] database interpret-results> Interpreted results for path query py/unsafe-deserialization (1ms).
[2026-09-08 18:55:49] [SPAMMY] database interpret-results> Interpreting results for path query py/url-redirection...
[2026-09-08 18:55:49] [SPAMMIER] database interpret-results> Processed graph parents (0ms).
[2026-09-08 18:55:49] [SPAMMIER] database interpret-results> Processed graph nodes (1ms).
[2026-09-08 18:55:49] [SPAMMIER] database interpret-results> Processed graph edges (0ms).
[2026-09-08 18:55:49] [SPAMMIER] database interpret-results> Created graph (1ms).
[2026-09-08 18:55:49] [SPAMMIER] database interpret-results> Initialized subpaths (0ms).
[2026-09-08 18:55:49] [SPAMMIER] database interpret-results> Calculated subpath scopes (0ms).
[2026-09-08 18:55:49] [SPAMMIER] database interpret-results> Executing 0 path computations, each computing up to 4 different paths.
[2026-09-08 18:55:49] [SPAMMIER] database interpret-results> Processed path results (0ms).
[2026-09-08 18:55:49] [SPAMMIER] database interpret-results> Linked relevant graph parents (0ms).
[2026-09-08 18:55:49] [SPAMMY] database interpret-results> Interpreted results for path query py/url-redirection (1ms).
[2026-09-08 18:55:49] [SPAMMY] database interpret-results> Interpreting results for path query py/xxe...
[2026-09-08 18:55:49] [SPAMMIER] database interpret-results> Processed graph parents (0ms).
[2026-09-08 18:55:49] [SPAMMIER] database interpret-results> Processed graph nodes (0ms).
[2026-09-08 18:55:49] [SPAMMIER] database interpret-results> Processed graph edges (0ms).
[2026-09-08 18:55:49] [SPAMMIER] database interpret-results> Created graph (1ms).
[2026-09-08 18:55:49] [SPAMMIER] database interpret-results> Initialized subpaths (0ms).
[2026-09-08 18:55:49] [SPAMMIER] database interpret-results> Calculated subpath scopes (0ms).
[2026-09-08 18:55:49] [SPAMMIER] database interpret-results> Executing 0 path computations, each computing up to 4 different paths.
[2026-09-08 18:55:49] [SPAMMIER] database interpret-results> Processed path results (0ms).
[2026-09-08 18:55:49] [SPAMMIER] database interpret-results> Linked relevant graph parents (0ms).
[2026-09-08 18:55:49] [SPAMMY] database interpret-results> Interpreted results for path query py/xxe (1ms).
[2026-09-08 18:55:49] [SPAMMY] database interpret-results> Interpreting results for path query py/xpath-injection...
[2026-09-08 18:55:49] [SPAMMIER] database interpret-results> Processed graph parents (0ms).
[2026-09-08 18:55:49] [SPAMMIER] database interpret-results> Processed graph nodes (0ms).
[2026-09-08 18:55:49] [SPAMMIER] database interpret-results> Processed graph edges (0ms).
[2026-09-08 18:55:49] [SPAMMIER] database interpret-results> Created graph (1ms).
[2026-09-08 18:55:49] [SPAMMIER] database interpret-results> Initialized subpaths (0ms).
[2026-09-08 18:55:49] [SPAMMIER] database interpret-results> Calculated subpath scopes (0ms).
[2026-09-08 18:55:49] [SPAMMIER] database interpret-results> Executing 0 path computations, each computing up to 4 different paths.
[2026-09-08 18:55:49] [SPAMMIER] database interpret-results> Processed path results (0ms).
[2026-09-08 18:55:49] [SPAMMIER] database interpret-results> Linked relevant graph parents (0ms).
[2026-09-08 18:55:49] [SPAMMY] database interpret-results> Interpreted results for path query py/xpath-injection (1ms).
[2026-09-08 18:55:49] [SPAMMY] database interpret-results> Interpreting results for path query py/polynomial-redos...
[2026-09-08 18:55:49] [SPAMMIER] database interpret-results> Processed graph parents (0ms).
[2026-09-08 18:55:49] [SPAMMIER] database interpret-results> Processed graph nodes (0ms).
[2026-09-08 18:55:49] [SPAMMIER] database interpret-results> Processed graph edges (0ms).
[2026-09-08 18:55:49] [SPAMMIER] database interpret-results> Created graph (1ms).
[2026-09-08 18:55:49] [SPAMMIER] database interpret-results> Initialized subpaths (0ms).
[2026-09-08 18:55:49] [SPAMMIER] database interpret-results> Calculated subpath scopes (0ms).
[2026-09-08 18:55:49] [SPAMMIER] database interpret-results> Executing 0 path computations, each computing up to 4 different paths.
[2026-09-08 18:55:49] [SPAMMIER] database interpret-results> Processed path results (0ms).
[2026-09-08 18:55:49] [SPAMMIER] database interpret-results> Linked relevant graph parents (0ms).
[2026-09-08 18:55:49] [SPAMMY] database interpret-results> Interpreted results for path query py/polynomial-redos (1ms).
[2026-09-08 18:55:49] [SPAMMY] database interpret-results> Interpreting results for path query py/regex-injection...
[2026-09-08 18:55:49] [SPAMMIER] database interpret-results> Processed graph parents (0ms).
[2026-09-08 18:55:49] [SPAMMIER] database interpret-results> Processed graph nodes (0ms).
[2026-09-08 18:55:49] [SPAMMIER] database interpret-results> Processed graph edges (0ms).
[2026-09-08 18:55:49] [SPAMMIER] database interpret-results> Created graph (1ms).
[2026-09-08 18:55:49] [SPAMMIER] database interpret-results> Initialized subpaths (0ms).
[2026-09-08 18:55:49] [SPAMMIER] database interpret-results> Calculated subpath scopes (0ms).
[2026-09-08 18:55:49] [SPAMMIER] database interpret-results> Executing 0 path computations, each computing up to 4 different paths.
[2026-09-08 18:55:49] [SPAMMIER] database interpret-results> Processed path results (0ms).
[2026-09-08 18:55:49] [SPAMMIER] database interpret-results> Linked relevant graph parents (0ms).
[2026-09-08 18:55:49] [SPAMMY] database interpret-results> Interpreted results for path query py/regex-injection (1ms).
[2026-09-08 18:55:49] [SPAMMY] database interpret-results> Interpreting results for path query py/xml-bomb...
[2026-09-08 18:55:49] [SPAMMIER] database interpret-results> Processed graph parents (0ms).
[2026-09-08 18:55:49] [SPAMMIER] database interpret-results> Processed graph nodes (0ms).
[2026-09-08 18:55:49] [SPAMMIER] database interpret-results> Processed graph edges (0ms).
[2026-09-08 18:55:49] [SPAMMIER] database interpret-results> Created graph (1ms).
[2026-09-08 18:55:49] [SPAMMIER] database interpret-results> Initialized subpaths (0ms).
[2026-09-08 18:55:49] [SPAMMIER] database interpret-results> Calculated subpath scopes (0ms).
[2026-09-08 18:55:49] [SPAMMIER] database interpret-results> Executing 0 path computations, each computing up to 4 different paths.
[2026-09-08 18:55:49] [SPAMMIER] database interpret-results> Processed path results (0ms).
[2026-09-08 18:55:49] [SPAMMIER] database interpret-results> Linked relevant graph parents (0ms).
[2026-09-08 18:55:49] [SPAMMY] database interpret-results> Interpreted results for path query py/xml-bomb (2ms).
[2026-09-08 18:55:49] [SPAMMY] database interpret-results> Interpreting results for path query py/full-ssrf...
[2026-09-08 18:55:49] [SPAMMIER] database interpret-results> Processed graph parents (0ms).
[2026-09-08 18:55:49] [SPAMMIER] database interpret-results> Processed graph nodes (0ms).
[2026-09-08 18:55:49] [SPAMMIER] database interpret-results> Processed graph edges (0ms).
[2026-09-08 18:55:49] [SPAMMIER] database interpret-results> Created graph (0ms).
[2026-09-08 18:55:49] [SPAMMIER] database interpret-results> Initialized subpaths (0ms).
[2026-09-08 18:55:49] [SPAMMIER] database interpret-results> Calculated subpath scopes (0ms).
[2026-09-08 18:55:49] [SPAMMIER] database interpret-results> Executing 0 path computations, each computing up to 4 different paths.
[2026-09-08 18:55:49] [SPAMMIER] database interpret-results> Processed path results (0ms).
[2026-09-08 18:55:49] [SPAMMIER] database interpret-results> Linked relevant graph parents (0ms).
[2026-09-08 18:55:49] [SPAMMY] database interpret-results> Interpreted results for path query py/full-ssrf (1ms).
[2026-09-08 18:55:49] [SPAMMY] database interpret-results> Interpreting results for path query py/nosql-injection...
[2026-09-08 18:55:49] [SPAMMIER] database interpret-results> Processed graph parents (0ms).
[2026-09-08 18:55:49] [SPAMMIER] database interpret-results> Processed graph nodes (0ms).
[2026-09-08 18:55:49] [SPAMMIER] database interpret-results> Processed graph edges (0ms).
[2026-09-08 18:55:49] [SPAMMIER] database interpret-results> Created graph (0ms).
[2026-09-08 18:55:49] [SPAMMIER] database interpret-results> Initialized subpaths (0ms).
[2026-09-08 18:55:49] [SPAMMIER] database interpret-results> Calculated subpath scopes (0ms).
[2026-09-08 18:55:49] [SPAMMIER] database interpret-results> Executing 0 path computations, each computing up to 4 different paths.
[2026-09-08 18:55:49] [SPAMMIER] database interpret-results> Processed path results (0ms).
[2026-09-08 18:55:49] [SPAMMIER] database interpret-results> Linked relevant graph parents (0ms).
[2026-09-08 18:55:49] [SPAMMY] database interpret-results> Interpreted results for path query py/nosql-injection (1ms).
[2026-09-08 18:55:49] [SPAMMY] database interpret-results> Interpreting results for path query py/tarslip...
[2026-09-08 18:55:49] [SPAMMIER] database interpret-results> Processed graph parents (0ms).
[2026-09-08 18:55:49] [SPAMMIER] database interpret-results> Processed graph nodes (0ms).
[2026-09-08 18:55:49] [SPAMMIER] database interpret-results> Processed graph edges (0ms).
[2026-09-08 18:55:49] [SPAMMIER] database interpret-results> Created graph (0ms).
[2026-09-08 18:55:49] [SPAMMIER] database interpret-results> Initialized subpaths (0ms).
[2026-09-08 18:55:49] [SPAMMIER] database interpret-results> Calculated subpath scopes (0ms).
[2026-09-08 18:55:49] [SPAMMIER] database interpret-results> Executing 0 path computations, each computing up to 4 different paths.
[2026-09-08 18:55:49] [SPAMMIER] database interpret-results> Processed path results (0ms).
[2026-09-08 18:55:49] [SPAMMIER] database interpret-results> Linked relevant graph parents (0ms).
[2026-09-08 18:55:49] [SPAMMY] database interpret-results> Interpreted results for path query py/tarslip (1ms).
[2026-09-08 18:55:49] [SPAMMY] database interpret-results> Interpreting results for path query py/shell-command-constructed-from-input...
[2026-09-08 18:55:49] [SPAMMIER] database interpret-results> Processed graph parents (0ms).
[2026-09-08 18:55:49] [SPAMMIER] database interpret-results> Processed graph nodes (0ms).
[2026-09-08 18:55:49] [SPAMMIER] database interpret-results> Processed graph edges (0ms).
[2026-09-08 18:55:49] [SPAMMIER] database interpret-results> Created graph (0ms).
[2026-09-08 18:55:49] [SPAMMIER] database interpret-results> Initialized subpaths (1ms).
[2026-09-08 18:55:49] [SPAMMIER] database interpret-results> Calculated subpath scopes (0ms).
[2026-09-08 18:55:49] [SPAMMIER] database interpret-results> Executing 0 path computations, each computing up to 4 different paths.
[2026-09-08 18:55:49] [SPAMMIER] database interpret-results> Processed path results (0ms).
[2026-09-08 18:55:49] [SPAMMIER] database interpret-results> Linked relevant graph parents (0ms).
[2026-09-08 18:55:49] [SPAMMY] database interpret-results> Interpreted results for path query py/shell-command-constructed-from-input (1ms).
[2026-09-08 18:55:49] [SPAMMY] database interpret-results> Interpreting results for path query py/log-injection...
[2026-09-08 18:55:49] [SPAMMIER] database interpret-results> Processed graph parents (0ms).
[2026-09-08 18:55:49] [SPAMMIER] database interpret-results> Processed graph nodes (1ms).
[2026-09-08 18:55:49] [SPAMMIER] database interpret-results> Processed graph edges (0ms).
[2026-09-08 18:55:49] [SPAMMIER] database interpret-results> Created graph (1ms).
[2026-09-08 18:55:49] [SPAMMIER] database interpret-results> Initialized subpaths (0ms).
[2026-09-08 18:55:49] [SPAMMIER] database interpret-results> Calculated subpath scopes (0ms).
[2026-09-08 18:55:49] [SPAMMIER] database interpret-results> Executing 0 path computations, each computing up to 4 different paths.
[2026-09-08 18:55:49] [SPAMMIER] database interpret-results> Processed path results (0ms).
[2026-09-08 18:55:49] [SPAMMIER] database interpret-results> Linked relevant graph parents (0ms).
[2026-09-08 18:55:49] [SPAMMY] database interpret-results> Interpreted results for path query py/log-injection (1ms).
[2026-09-08 18:55:49] [SPAMMY] database interpret-results> Interpreting results for path query py/partial-ssrf...
[2026-09-08 18:55:49] [SPAMMIER] database interpret-results> Processed graph parents (0ms).
[2026-09-08 18:55:49] [SPAMMIER] database interpret-results> Processed graph nodes (0ms).
[2026-09-08 18:55:49] [SPAMMIER] database interpret-results> Processed graph edges (0ms).
[2026-09-08 18:55:49] [SPAMMIER] database interpret-results> Created graph (1ms).
[2026-09-08 18:55:49] [SPAMMIER] database interpret-results> Initialized subpaths (0ms).
[2026-09-08 18:55:49] [SPAMMIER] database interpret-results> Calculated subpath scopes (0ms).
[2026-09-08 18:55:49] [SPAMMIER] database interpret-results> Executing 0 path computations, each computing up to 4 different paths.
[2026-09-08 18:55:49] [SPAMMIER] database interpret-results> Processed path results (0ms).
[2026-09-08 18:55:49] [SPAMMIER] database interpret-results> Linked relevant graph parents (0ms).
[2026-09-08 18:55:49] [SPAMMY] database interpret-results> Interpreted results for path query py/partial-ssrf (1ms).
[2026-09-08 18:55:49] [SPAMMY] database interpret-results> Found 13 baseline files for python.
[2026-09-08 18:55:49] [PROGRESS] database interpret-results> Exported results to SARIF (176ms).
[2026-09-08 18:55:49] Plumbing command codeql database interpret-results completed.
[2026-09-08 18:55:49] Exiting with code 0
